time,longitude,latitude,value
2013-01-01 15:11:48,-73.978165,40.757977,4
2013-01-06 00:18:35,-74.006683,40.731781,1
2013-01-05 18:49:41,-74.004707,40.73777,1
2013-01-07 23:54:15,-73.974602,40.759945,2
2013-01-07 23:25:03,-73.97625,40.748528,1
2013-01-07 15:27:48,-73.966743,40.764252,1
2013-01-08 11:01:15,-73.995804,40.743977,1
2013-01-07 12:39:18,-73.989937,40.756775,3
2013-01-07 18:15:47,-73.980072,40.743137,1
2013-01-07 15:33:28,-73.977936,40.786983,2
2013-01-08 13:11:52,-73.982452,40.773167,1
2013-01-08 09:50:05,-73.99556,40.749294,1
2013-01-10 12:07:08,-73.971497,40.791321,1
2013-01-07 07:35:47,-73.98851,40.774307,1
2013-01-10 15:42:29,-73.994911,40.723221,1
2013-01-10 14:27:28,-74.010391,40.708702,1
2013-01-07 22:09:59,-73.973732,40.756287,1
2013-01-07 17:18:16,-73.968925,40.767704,1
2013-01-07 06:08:51,-73.96212,40.769737,1
2013-01-07 22:25:46,-73.989708,40.756714,1
2013-01-10 23:41:51,-73.78331,40.648766,1
2013-01-07 18:05:36,-73.956505,40.771278,4
2013-01-08 13:29:25,-73.95578,40.77932,1
2013-01-07 21:13:02,-73.978439,40.764679,1
2013-01-01 18:36:53,-73.992172,40.749954,1
2013-01-07 08:17:06,-73.992111,40.689701,1
2013-01-07 22:39:03,-73.978653,40.787735,1
2013-01-07 06:26:32,-73.965317,40.769375,2
2013-01-01 14:02:01,-73.862709,40.769142,2
2013-01-05 11:54:49,-73.977127,40.74831,1
2013-01-05 08:16:58,-73.976318,40.682724,1
2013-01-05 19:04:43,-73.966682,40.761139,1
2013-01-05 17:34:11,-73.948334,40.776482,1
2013-01-05 18:59:29,-73.993202,40.724407,1
2013-01-05 03:00:46,-73.9655,40.711113,1
2013-01-07 04:45:14,-73.991936,40.749622,1
2013-01-01 18:45:02,-73.982384,40.752102,1
2013-01-05 20:51:53,-73.993828,40.721008,3
2013-01-05 03:20:28,-73.991142,40.750366,4
2013-01-02 06:58:08,-73.987022,40.759373,1
2013-01-06 00:46:25,-73.991173,40.74313,1
2013-01-02 08:12:21,-73.99115,40.750023,1
2013-01-05 19:45:00,-73.989342,40.763168,2
2013-01-05 21:23:06,-73.959496,40.779442,1
2013-01-05 01:12:58,-73.904716,40.726418,1
2013-01-06 10:56:31,-73.95871,40.768471,2
2013-01-07 17:38:07,-73.873154,40.773998,1
2013-01-07 14:38:35,-73.990623,40.756813,1
2013-01-07 10:35:10,-73.965843,40.758705,1
2013-01-07 14:46:55,-73.981796,40.758862,1
2013-01-08 15:17:50,-73.977318,40.764542,1
2013-01-07 18:24:11,-73.986534,40.7342,1
2013-01-10 12:20:38,-73.96666,40.773125,1
2013-01-07 10:15:19,-73.958649,40.768791,1
2013-01-08 13:56:41,-73.975922,40.744606,2
2013-01-10 17:19:42,-73.963608,40.774113,1
2013-01-10 13:16:11,-73.958481,40.761166,1
2013-01-08 00:02:36,-73.985573,40.747375,1
2013-01-07 17:54:25,-73.985184,40.773998,1
2013-01-08 10:38:22,-73.967682,40.751221,1
2013-01-07 20:13:25,-74.007469,40.708904,1
2013-01-08 01:15:53,-73.9925,40.758308,1
2013-01-07 18:12:27,-73.982315,40.774441,1
2013-01-07 18:45:40,-73.977676,40.746544,1
2013-01-08 11:33:23,-73.987732,40.751884,1
2013-01-07 20:46:10,-73.864861,40.770428,1
2013-01-07 18:45:14,-73.979706,40.758427,3
2013-01-10 15:17:20,-73.988495,40.737442,1
2013-01-10 15:04:11,-73.980118,40.754601,1
2013-01-08 13:16:48,-74.004578,40.707554,1
2013-01-08 15:33:16,-73.945915,40.786156,1
2013-01-07 22:35:11,-73.790016,40.644058,1
2013-01-07 18:48:51,-73.998337,40.746025,1
2013-01-07 22:19:19,0.0,0.0,1
2013-01-10 10:31:05,-73.982079,40.763794,2
2013-01-08 02:22:17,-73.99469,40.750191,1
2013-01-07 13:21:28,-73.947601,40.77533,2
2013-01-07 21:58:43,-73.987099,40.755215,3
2013-01-01 17:11:51,-73.98793,40.749542,3
2013-01-08 10:44:06,-73.989296,40.756313,1
2013-01-10 14:55:05,-73.961678,40.756123,1
2013-01-10 10:42:05,-73.946854,40.775887,1
2013-01-07 08:29:26,-73.986847,40.762066,1
2013-01-05 14:00:07,-73.986351,40.738503,1
2013-01-05 21:04:10,-73.9879,40.737755,1
2013-01-08 13:51:53,-73.998299,40.740654,1
2013-01-06 22:18:22,-74.003059,40.723473,1
2013-01-08 12:50:22,-73.952026,40.766479,2
2013-01-08 07:51:16,-73.945396,40.80209,1
2013-01-08 10:54:06,-73.983917,40.746563,1
2013-01-01 19:41:43,-73.984734,40.76931,2
2013-01-08 08:30:16,-73.976288,40.765472,1
2013-01-06 16:37:03,-73.995102,40.744781,1
2013-01-08 10:08:49,-73.972366,40.762138,2
2013-01-08 07:49:28,-74.00679,40.754345,2
2013-01-07 16:19:22,0.0,0.0,1
2013-01-06 00:15:44,-74.005058,40.728676,1
2013-01-08 10:59:25,-73.960358,40.769138,1
2013-01-07 20:49:38,-73.874374,40.774078,2
2013-01-07 18:42:42,0.0,0.0,1
2013-01-07 20:19:22,0.0,0.0,1
2013-01-08 10:17:06,-73.985962,40.758213,1
2013-01-01 23:26:42,-73.783318,40.648636,2
2013-01-10 14:11:57,-74.00843,40.707649,1
2013-01-10 12:08:05,-73.987953,40.761723,1
2013-01-10 07:07:59,-73.994026,40.719303,1
2013-01-08 03:13:19,-73.997856,40.756405,1
2013-01-08 10:21:01,-73.988632,40.73122,1
2013-01-10 10:08:28,-73.990204,40.748875,1
2013-01-10 13:45:16,-73.994225,40.743343,1
2013-01-01 23:33:10,-73.983711,40.756092,2
2013-01-08 08:04:43,-74.000961,40.747326,1
2013-01-08 12:48:13,-74.000534,40.742233,1
2013-01-08 11:20:30,-73.991524,40.750286,1
2013-01-10 16:16:38,-74.006844,40.741451,2
2013-01-07 15:32:02,-73.970627,40.788956,1
2013-01-07 18:42:01,-73.985481,40.75679,1
2013-01-07 20:44:18,-73.988838,40.723125,1
2013-01-08 00:38:28,-73.988708,40.720913,1
2013-01-08 03:50:07,-73.981224,40.767769,2
2013-01-07 19:41:25,-73.990692,40.718311,1
2013-01-07 09:54:33,-73.952293,40.766174,1
2013-01-08 15:47:04,-73.96151,40.771465,1
2013-01-08 10:38:07,-74.007858,40.705116,2
2013-01-10 12:44:00,-73.995338,40.744701,1
2013-01-07 07:00:28,-73.989571,40.756386,1
2013-01-07 19:28:53,-73.99514,40.754845,2
2013-01-08 11:19:08,-73.993645,40.75573,1
2013-01-05 09:50:38,-73.999763,40.743454,1
2013-01-05 19:52:03,-73.999146,40.734352,4
2013-01-07 16:31:19,-73.990356,40.749485,1
2013-01-07 18:03:30,-73.982033,40.783218,1
2013-01-10 12:19:05,-73.964081,40.76532,1
2013-01-10 09:36:18,-74.00016,40.721786,1
2013-01-08 12:40:22,-73.977966,40.745564,1
2013-01-07 10:05:50,-73.98909,40.748367,1
2013-01-07 10:42:22,-73.975433,40.752464,1
2013-01-10 15:08:42,-74.003731,40.726925,2
2013-01-07 16:33:18,-73.978653,40.752361,1
2013-01-10 14:27:05,-73.977982,40.742004,1
2013-01-07 12:21:46,-73.95079,40.714039,1
2013-01-07 22:21:59,-73.995682,40.679161,1
2013-01-10 15:34:30,-74.010124,40.720692,3
2013-01-08 00:30:46,-73.99482,40.743816,1
2013-01-07 16:04:30,-73.954712,40.789288,1
2013-01-10 14:30:37,-73.955818,40.787796,3
2013-01-01 16:46:15,-73.959908,40.806396,1
2013-01-08 11:41:59,-73.971962,40.749996,1
2013-01-08 02:09:40,-73.998047,40.74577,2
2013-01-10 11:02:44,-73.962318,40.77911,1
2013-01-01 16:06:51,-73.989059,40.750572,2
2013-01-01 09:19:27,-73.954796,40.59893,1
2013-01-07 20:48:02,-73.97345,40.763561,1
2013-01-08 11:12:48,-73.980438,40.76128,1
2013-01-06 22:29:04,-73.97522,40.751698,1
2013-01-05 21:28:33,-73.966156,40.764412,2
2013-01-05 10:01:54,-73.957909,40.774628,1
2013-01-13 04:36:00,-73.996933,40.720055,5
2013-01-13 04:37:00,-74.000313,40.730068,2
2013-01-13 04:41:00,-73.997292,40.720982,1
2013-01-13 04:39:00,-73.993134,40.692734,1
2013-01-13 04:37:00,-73.966843,40.756741,5
2013-01-13 04:26:00,-73.956451,40.771442,1
2013-01-13 04:30:00,-74.005455,40.740772,6
2013-01-13 04:37:00,-73.998657,40.74015,2
2013-01-13 04:32:00,-73.954376,40.789677,1
2013-01-13 04:31:00,-73.989914,40.760544,1
2013-01-13 04:30:00,-73.963219,40.761696,1
2013-01-13 04:02:00,-73.984451,40.732834,3
2013-01-13 04:30:00,-73.944519,40.809158,1
2013-01-13 04:33:00,-73.980049,40.735142,3
2013-01-13 04:19:00,-73.962257,40.760571,4
2013-01-13 04:18:00,-74.006317,40.733406,2
2013-01-13 04:34:00,-73.977806,40.76321,5
2013-01-13 04:04:00,-74.010414,40.729927,1
2013-01-13 04:38:00,-73.967133,40.756481,1
2013-01-13 04:14:00,-74.005142,40.739998,1
2013-01-13 04:36:00,-73.94384,40.814938,1
2013-01-13 04:16:00,-73.998161,40.73542,1
2013-01-13 04:08:00,-73.98658,40.766548,1
2013-01-13 04:31:00,-73.989471,40.720623,1
2013-01-13 04:27:00,-73.982887,40.744957,3
2013-01-13 04:24:00,-73.988449,40.723179,6
2013-01-13 04:34:00,-73.960197,40.757877,1
2013-01-13 04:25:00,-74.010147,40.705051,1
2013-01-13 04:24:00,-73.956543,40.717155,3
2013-01-13 04:29:00,-73.987923,40.72398,1
2013-01-13 04:30:00,-73.985313,40.762997,1
2013-01-13 04:22:00,-73.973907,40.74332,1
2013-01-13 04:28:00,-73.989761,40.723213,1
2013-01-13 04:36:00,-73.98571,40.735306,2
2013-01-13 04:26:00,-74.009911,40.73558,1
2013-01-13 04:25:00,-73.987656,40.732533,4
2013-01-13 04:04:00,-74.00647,40.744583,5
2013-01-13 04:42:00,-73.984886,40.741982,1
2013-01-13 04:39:00,-73.962021,40.805344,1
2013-01-13 04:34:00,-73.997772,40.756634,1
2013-01-13 04:36:00,-73.999771,40.721893,1
2013-01-13 04:23:00,-73.982964,40.74432,1
2013-01-13 04:38:00,0.0,0.0,2
2013-01-13 04:40:00,-73.972443,40.756451,1
2013-01-13 04:30:00,-73.987801,40.721195,1
2013-01-13 04:31:00,-73.989433,40.719017,1
2013-01-13 04:41:00,-73.986855,40.721001,1
2013-01-13 04:31:00,-73.987961,40.728695,1
2013-01-13 04:34:00,-73.993034,40.747444,1
2013-01-13 04:42:00,-73.986534,40.747066,1
2013-01-13 04:41:00,-73.996262,40.759922,6
2013-01-13 04:32:00,-73.98642,40.747166,2
2013-01-13 04:33:00,-73.986771,40.674507,1
2013-01-13 04:32:00,-73.945297,40.783367,1
2013-01-13 04:37:00,-73.984695,40.732334,1
2013-01-13 04:19:00,-73.985237,40.719242,3
2013-01-13 04:41:00,-74.00927,40.712772,1
2013-01-13 04:39:00,-73.961502,40.713982,2
2013-01-13 04:31:00,-73.996246,40.723808,6
2013-01-13 04:12:00,-73.954185,40.821575,1
2013-01-13 04:34:00,-73.99054,40.761196,1
2013-01-13 04:35:00,-74.00325,40.74155,2
2013-01-13 04:37:00,-73.981491,40.741055,6
2013-01-13 04:43:00,-74.006226,40.714039,1
2013-01-13 04:38:00,-73.978752,40.678902,1
2013-01-13 04:40:00,-73.993446,40.721489,1
2013-01-13 04:38:00,-74.008476,40.720203,1
2013-01-13 04:33:00,-73.972359,40.793816,1
2013-01-13 04:33:00,-73.966034,40.756313,6
2013-01-13 04:24:00,-74.007187,40.741405,1
2013-01-13 04:35:00,-73.990746,40.72438,1
2013-01-13 04:41:00,-73.988007,40.718781,6
2013-01-13 04:41:00,-73.987015,40.729069,1
2013-01-13 04:39:00,-73.981972,40.778786,5
2013-01-13 04:41:00,-73.981209,40.689205,1
2013-01-13 04:25:00,-73.998131,40.740452,6
2013-01-13 04:39:00,-74.004265,40.733383,1
2013-01-13 04:32:00,-74.000534,40.731518,1
2013-01-13 04:31:00,-73.999199,40.726509,3
2013-01-13 04:41:00,-73.987907,40.757191,1
2013-01-13 04:29:00,-73.98822,40.74966,5
2013-01-13 04:34:00,-73.973991,40.760601,2
2013-01-13 04:43:00,-74.004494,40.742031,1
2013-01-13 04:19:00,-73.984177,40.725204,1
2013-01-13 04:35:00,-73.990112,40.732014,1
2013-01-13 04:37:00,-73.999779,40.738579,1
2013-01-13 04:37:00,-73.988518,40.720043,1
2013-01-13 04:17:00,-73.978142,40.741543,5
2013-01-13 04:22:00,-73.999023,40.727737,3
2013-01-13 04:39:00,-73.995819,40.724506,5
2013-01-13 04:33:00,-73.978554,40.729706,1
2013-01-13 04:14:00,-73.988808,40.722042,1
2013-01-13 04:14:00,-73.997543,40.763805,6
2013-01-13 04:41:00,-73.973953,40.75742,2
2013-01-13 04:39:00,-73.982262,40.731098,1
2013-01-13 04:41:00,-73.971802,40.794418,6
2013-01-13 04:43:00,-73.996292,40.738121,1
2013-01-13 04:38:00,-74.005219,40.740604,5
2013-01-13 04:40:00,-73.95752,40.801159,1
2013-01-13 04:39:00,-73.92482,40.761772,1
2013-01-13 04:29:00,-73.994637,40.720535,1
2013-01-13 04:38:00,-73.971642,40.76263,5
2013-01-13 04:30:00,-73.991943,40.75798,1
2013-01-13 04:16:00,-73.982536,40.731247,5
2013-01-13 04:38:00,-73.973328,40.754566,1
2013-01-13 04:27:00,-73.968918,40.753971,1
2013-01-13 04:50:00,-73.983078,40.69371,1
2013-01-13 04:45:00,-73.955666,40.779266,5
2013-01-13 04:20:00,-73.99279,40.75882,1
2013-01-13 11:04:00,-73.966873,40.75312,1
2013-01-13 11:03:00,-73.958488,40.769073,3
2013-01-13 11:06:00,-73.96769,40.792801,1
2013-01-13 11:00:00,-73.9729,40.795914,1
2013-01-13 10:52:00,-73.975594,40.763512,1
2013-01-13 11:04:00,-73.987015,40.779114,1
2013-01-13 10:58:00,-73.930069,40.761696,1
2013-01-13 10:51:00,-73.862679,40.768909,2
2013-01-13 11:04:00,-73.977173,40.755627,1
2013-01-13 11:03:00,-73.978264,40.783241,1
2013-01-13 11:07:00,-74.006569,40.738552,1
2013-01-13 11:12:00,-73.974709,40.756065,1
2013-01-13 10:58:00,-73.9963,40.725346,2
2013-01-13 11:08:00,-73.987045,40.74091,1
2013-01-13 11:05:00,-73.988136,40.716904,1
2013-01-13 11:09:00,-73.953079,40.786671,1
2013-01-13 11:05:00,-73.991486,40.750271,3
2013-01-13 11:07:00,-73.996193,40.723858,1
2013-01-13 11:06:00,0.0,0.0,1
2013-01-13 11:09:00,-73.988518,40.779026,6
2013-01-13 10:59:00,-74.006271,40.731754,1
2013-01-13 11:13:00,-73.972092,40.761971,1
2013-01-13 11:13:00,-73.981056,40.779537,1
2013-01-13 11:12:00,-73.945351,40.782696,1
2013-01-13 10:54:00,-73.973839,40.791142,1
2013-01-13 11:00:00,-73.993469,40.742283,6
2013-01-13 11:09:00,-73.981934,40.778442,6
2013-01-13 11:05:00,-73.960136,40.776108,5
2013-01-13 11:00:00,-74.006424,40.712811,1
2013-01-13 11:08:00,-73.983749,40.748669,1
2013-01-13 11:02:00,-74.001114,40.725819,1
2013-01-13 11:02:00,-73.986557,40.766846,2
2013-01-13 10:48:00,-74.005257,40.719044,1
2013-01-13 11:04:00,-73.978081,40.7528,1
2013-01-13 10:59:00,-73.989456,40.747486,1
2013-01-13 11:00:00,-73.98053,40.688324,2
2013-01-13 10:57:00,-73.973602,40.743832,1
2013-01-13 11:04:00,-73.994385,40.743793,1
2013-01-13 11:11:00,-73.968491,40.767395,1
2013-01-13 11:05:00,-73.999542,40.761429,2
2013-01-13 11:08:00,-73.985931,40.752117,5
2013-01-13 11:02:00,-73.956284,40.779499,6
2013-01-13 11:11:00,-74.004791,40.725842,1
2013-01-13 04:31:00,-73.994675,40.680569,1
2013-01-13 04:24:00,-74.005592,40.740707,6
2013-01-13 04:25:00,-73.949654,40.784626,1
2013-01-13 03:58:00,-74.004128,40.742195,1
2013-01-13 04:34:00,-73.913818,40.765591,2
2013-01-13 04:34:00,-73.919991,40.757874,6
2013-01-13 04:18:00,-73.960114,40.762001,2
2013-01-13 11:04:00,-73.977097,40.790096,5
2013-01-13 11:06:00,-73.99176,40.726768,1
2013-01-13 11:01:00,-73.985703,40.735298,1
2013-01-13 11:02:00,-73.981339,40.780125,5
2013-01-13 10:59:00,-73.960274,40.773277,6
2013-01-13 07:52:00,-73.776688,40.645432,2
2013-01-13 10:58:00,-73.970413,40.783966,2
2013-01-13 10:52:00,-73.96981,40.689541,1
2013-01-13 11:14:00,-73.991867,40.758301,1
2013-01-13 11:02:00,-74.006523,40.736931,2
2013-01-13 11:10:00,-73.9729,40.756081,1
2013-01-13 11:09:00,-73.966049,40.794968,1
2013-01-13 10:59:00,-73.977173,40.75922,1
2013-01-13 11:05:00,-74.000786,40.758099,1
2013-01-13 04:32:00,-73.985359,40.718498,5
2013-01-13 04:27:00,-73.90519,40.753532,1
2013-01-13 04:42:00,-73.987282,40.722424,6
2013-01-13 04:45:00,-73.988808,40.729134,1
2013-01-13 04:39:00,-73.999771,40.738556,1
2013-01-13 04:42:00,-73.989532,40.747303,5
2013-01-13 04:40:00,-73.987854,40.718578,2
2013-01-13 04:40:00,-73.986343,40.756725,6
2013-01-13 04:25:00,-74.004181,40.741985,2
2013-01-13 04:37:00,-73.988739,40.727081,1
2013-01-13 04:41:00,-73.987564,40.732651,1
2013-01-13 04:50:00,-73.977692,40.787045,1
2013-01-13 04:39:00,-73.987984,40.731964,1
2013-01-13 04:31:00,-73.992966,40.757858,1
2013-01-13 04:46:00,-73.987312,40.733047,6
2013-01-13 04:51:00,-73.990944,40.748741,1
2013-01-13 04:39:00,-73.937988,40.796841,1
2013-01-13 04:41:00,-73.963768,40.761402,1
2013-01-13 04:38:00,-73.98938,40.75779,1
2013-01-13 04:25:00,-73.987465,40.728779,1
2013-01-13 04:49:00,-73.966675,40.764263,3
2013-01-13 04:26:00,-73.921768,40.755508,1
2013-01-13 04:29:00,-73.957611,40.717949,1
2013-01-13 04:53:00,-73.992256,40.743748,1
2013-01-13 04:36:00,-73.999664,40.730968,6
2013-01-13 04:32:00,-73.981743,40.72094,5
2013-01-13 04:47:00,-73.997818,40.756344,2
2013-01-13 11:02:00,-73.976707,40.749653,1
2013-01-13 10:55:00,-73.9123,40.742641,1
2013-01-13 10:53:00,-73.873085,40.774139,1
2013-01-13 10:56:00,-73.970253,40.789223,5
2013-01-13 11:02:00,-73.986679,40.766666,2
2013-01-13 11:06:00,-73.962105,40.763489,6
2013-01-13 10:57:00,-74.015175,40.717495,1
2013-01-13 11:05:00,-73.924904,40.75238,1
2013-01-13 11:03:00,-73.975189,40.765186,1
2013-01-13 11:05:00,-73.989281,40.757778,5
2013-01-13 10:44:00,-73.989471,40.688301,1
2013-01-13 10:51:00,-73.986649,40.762623,6
2013-01-13 11:05:00,-73.98246,40.731552,1
2013-01-13 10:57:00,0.0,0.0,1
2013-01-13 11:03:00,-73.987823,40.750027,2
2013-01-13 11:05:00,-73.982384,40.76836,1
2013-01-13 11:07:00,-74.005974,40.743942,1
2013-01-13 11:01:00,-73.97802,40.741886,1
2013-01-13 10:53:00,-73.9617,40.764496,1
2013-01-13 11:07:00,-73.956055,40.772114,1
2013-01-13 11:10:00,-73.988808,40.763672,5
2013-01-13 11:05:00,-73.964165,40.792545,1
2013-01-13 11:06:00,-73.989578,40.772881,1
2013-01-13 10:59:00,-74.016403,40.71492,3
2013-01-13 11:09:00,-73.97345,40.782753,1
2013-01-13 11:04:00,-73.965164,40.790913,1
2013-01-13 11:05:00,-73.971695,40.761032,2
2013-01-13 11:04:00,-73.966576,40.752949,1
2013-01-13 11:04:00,-73.971146,40.798248,6
2013-01-13 11:01:00,-73.980347,40.765266,1
2013-01-13 11:06:00,-73.975441,40.752869,1
2013-01-13 11:01:00,-73.974571,40.763023,1
2013-01-13 11:12:00,0.0,0.0,1
2013-01-13 11:05:00,-73.977165,40.789757,2
2013-01-13 11:09:00,-73.989105,40.77758,1
2013-01-13 11:06:00,-73.983177,40.726585,6
2013-01-13 04:23:00,-73.995316,40.748035,1
2013-01-13 04:30:00,-74.006775,40.743977,5
2013-01-13 04:34:00,-73.986259,40.720497,3
2013-01-13 04:28:00,-73.982079,40.761822,1
2013-01-13 04:34:00,-73.986877,40.719368,2
2013-01-13 03:51:00,-73.978539,40.729683,1
2013-01-13 04:33:00,-73.993263,40.738018,2
2013-01-13 04:22:00,-73.997704,40.720734,1
2013-01-13 04:36:00,-73.989204,40.731556,2
2013-01-13 04:36:00,-73.987991,40.720367,1
2013-01-13 04:17:00,-74.002632,40.728565,1
2013-01-13 04:35:00,-73.992424,40.715176,1
2013-01-13 04:34:00,-73.982796,40.722717,1
2013-01-13 04:34:00,-73.997093,40.720615,5
2013-01-13 04:33:00,-73.987007,40.720879,1
2013-01-13 04:46:00,-73.988068,40.764671,1
2013-01-13 04:37:00,-73.988159,40.722099,1
2013-01-13 04:29:00,-73.986496,40.761654,1
2013-01-13 04:43:00,-73.997536,40.721127,1
2013-01-13 04:28:00,-74.005402,40.726418,1
2013-01-13 08:08:00,0.0,0.0,5
2013-01-13 04:36:00,-73.99086,40.766071,1
2013-01-13 04:31:00,-73.986328,40.755474,1
2013-01-13 04:39:00,-74.004158,40.742859,1
2013-01-13 04:41:00,-73.910599,40.850094,4
2013-01-13 04:06:00,-73.982964,40.722816,2
2013-01-13 04:42:00,-73.96785,40.752728,2
2013-01-13 04:40:00,-73.964767,40.75602,5
2013-01-13 03:46:00,-73.984245,40.728863,5
2013-01-13 04:32:00,-73.997574,40.713951,6
2013-01-13 04:27:00,-74.002312,40.739845,5
2013-01-13 04:32:00,-73.996284,40.759727,1
2013-01-13 04:37:00,-73.988647,40.722717,3
2013-01-13 04:41:00,-73.992294,40.721333,1
2013-01-13 04:43:00,-73.990829,40.734676,1
2013-01-13 04:26:00,-73.980919,40.764191,1
2013-01-13 04:37:00,-73.9897,40.701202,1
2013-01-13 04:38:00,-73.986656,40.748672,4
2013-01-13 04:46:00,-73.999863,40.728523,1
2013-01-13 04:34:00,-73.957748,40.717781,1
2013-01-13 04:31:00,-73.991264,40.749767,1
2013-01-13 04:52:00,-73.956451,40.718983,5
2013-01-13 04:47:00,-73.973564,40.747696,1
2013-01-13 04:40:00,-73.978737,40.728436,1
2013-01-13 04:45:00,-73.951775,40.773697,1
2013-01-13 04:35:00,-73.989525,40.741638,6
2013-01-13 04:49:00,-73.946854,40.780205,2
2013-01-13 04:49:00,-73.991081,40.765903,1
2013-01-13 11:04:00,-73.977158,40.779621,5
2013-01-13 11:06:00,-74.005074,40.720432,1
2013-01-13 10:59:00,-73.922272,40.77211,1
2013-01-13 11:04:00,-73.962692,40.799171,1
2013-01-13 11:07:00,-73.98735,40.738823,1
2013-01-13 11:02:00,-74.004639,40.741936,1
2013-01-13 10:50:00,-73.87352,40.773914,1
2013-01-13 11:03:00,-73.982918,40.730824,2
2013-01-13 11:06:00,-74.002098,40.750538,1
2013-01-13 16:36:00,-73.980843,40.738075,1
2013-01-13 04:28:00,-73.989853,40.756989,6
2013-01-13 04:35:00,-73.987762,40.721203,1
2013-01-13 04:15:00,0.0,0.0,5
2013-01-13 04:27:00,-74.006645,40.744217,6
2013-01-13 04:13:00,-73.983284,40.726501,1
2013-01-13 04:24:00,-73.989807,40.723362,1
2013-01-13 04:03:00,-74.0047,40.723694,5
2013-01-13 04:27:00,0.0,0.0,2
2013-01-13 04:24:00,-73.993927,40.754047,2
2013-01-13 04:40:00,-73.988434,40.764267,1
2013-01-13 04:29:00,-73.989845,40.729473,1
2013-01-13 04:34:00,-73.991592,40.726269,2
2013-01-13 04:32:00,-73.984093,40.732014,1
2013-01-13 04:31:00,-73.974487,40.746788,5
2013-01-13 04:28:00,-73.952225,40.777119,1
2013-01-13 04:34:00,-74.003761,40.719761,1
2013-01-13 04:27:00,-73.977654,40.761196,5
2013-01-13 04:33:00,-73.988144,40.731972,5
2013-01-13 04:25:00,-73.996902,40.762791,1
2013-01-13 10:59:00,-73.961746,40.77956,1
2013-01-13 10:56:00,-74.000191,40.74292,6
2013-01-13 11:01:00,-74.005791,40.717926,1
2013-01-13 11:10:00,0.0,0.0,1
2013-01-13 11:02:00,-73.989616,40.757286,1
2013-01-13 11:00:00,-73.98877,40.737068,5
2013-01-13 10:57:00,-74.000038,40.745872,5
2013-01-13 10:50:00,-73.910126,40.769547,5
2013-01-13 11:05:00,-73.987053,40.756252,6
2013-01-13 10:49:00,-73.863625,40.769798,1
2013-01-13 11:02:00,-73.991577,40.749912,1
2013-01-13 11:04:00,-73.961891,40.795578,2
2013-01-13 11:03:00,-73.955894,40.7822,5
2013-01-13 10:51:00,-73.977745,40.753052,6
2013-01-13 11:06:00,-73.951019,40.794243,1
2013-01-13 11:10:00,-73.972267,40.7813,6
2013-01-13 11:01:00,-73.983078,40.762566,1
2013-01-13 10:59:00,-73.982597,40.777126,5
2013-01-13 11:08:00,-73.958939,40.772568,1
2013-01-13 11:09:00,-73.999786,40.728497,1
2013-01-13 04:41:00,-73.982574,40.766472,2
2013-01-13 04:39:00,-73.996384,40.759964,1
2013-01-13 04:47:00,-73.9851,40.727821,1
2013-01-13 04:41:00,-73.951248,40.770737,6
2013-01-13 04:37:00,-74.003815,40.725719,1
2013-01-13 04:43:00,-74.004288,40.742283,2
2013-01-13 04:51:00,-73.861534,40.889069,1
2013-01-13 04:41:00,-73.980858,40.769604,1
2013-01-13 04:46:00,-73.993713,40.721054,1
2013-01-13 10:57:00,-74.00824,40.745331,1
2013-01-13 11:10:00,-73.955284,40.773571,1
2013-01-13 10:54:00,-73.973572,40.764465,1
2013-01-13 10:55:00,-74.001205,40.757095,1
2013-01-13 10:58:00,-73.968117,40.792263,3
2013-01-13 10:57:00,-73.992798,40.750027,1
2013-01-13 11:04:00,-73.974205,40.746998,5
2013-01-13 11:04:00,-73.965019,40.756443,1
2013-01-13 10:24:00,-73.984039,40.737785,5
2013-01-13 10:56:00,-73.985229,40.759113,4
2013-01-13 11:01:00,-73.95269,40.776871,1
2013-01-13 11:02:00,-73.97863,40.750481,3
2013-01-13 11:05:00,-73.981201,40.679966,2
2013-01-13 11:00:00,-73.991432,40.750172,1
2013-01-13 11:12:00,-73.952934,40.772007,1
2013-01-13 11:02:00,-73.973595,40.751225,1
2013-01-13 04:38:00,-73.986549,40.699253,1
2013-01-13 04:21:00,-73.957657,40.717896,1
2013-01-13 04:32:00,-73.962837,40.717224,5
2013-01-13 04:15:00,-74.007919,40.723305,6
2013-01-13 04:32:00,-73.987991,40.722656,1
2013-01-13 04:46:00,-73.980087,40.745541,1
2013-01-13 04:48:00,-73.932816,40.703934,1
2013-01-13 10:52:00,-73.971733,40.786945,1
2013-01-13 11:05:00,-73.98185,40.779575,1
2013-01-13 10:46:00,-73.986801,40.721371,2
2013-01-13 11:09:00,-73.987801,40.759342,2
2013-01-13 11:03:00,-73.966248,40.770737,5
2013-01-13 10:45:00,-73.920479,40.797752,1
2013-01-13 10:47:00,-73.985146,40.762131,1
2013-01-13 11:02:00,-74.010498,40.718819,1
2013-01-13 11:03:00,-73.950851,40.77898,1
2013-01-13 10:57:00,-73.989067,40.721546,1
2013-01-13 11:09:00,-73.956268,40.781647,5
2013-01-13 11:06:00,-73.977943,40.733662,1
2013-01-13 11:09:00,-73.975967,40.789005,2
2013-01-13 11:07:00,-73.937523,40.758148,4
2013-01-13 10:53:00,-73.874535,40.774052,1
2013-01-13 11:12:00,-73.995911,40.759304,5
2013-01-13 11:14:00,-73.946648,40.784912,2
2013-01-13 11:07:00,-73.9935,40.75592,1
2013-01-13 04:30:00,-73.952927,40.706696,4
2013-01-13 04:41:00,-73.992851,40.724216,6
2013-01-13 04:48:00,-73.982101,40.736298,1
2013-01-13 04:40:00,-73.987404,40.721798,1
2013-01-13 04:46:00,-73.954414,40.789738,2
2013-01-13 04:38:00,-73.959206,40.767597,1
2013-01-13 04:51:00,-73.994659,40.724766,1
2013-01-13 11:00:00,-73.998787,40.744808,1
2013-01-13 10:55:00,-73.992485,40.748802,1
2013-01-13 10:56:00,-73.948914,40.772968,1
2013-01-13 11:05:00,-74.002258,40.71909,1
2013-01-13 10:59:00,-73.98111,40.733372,1
2013-01-13 11:06:00,-73.980461,40.742508,1
2013-01-13 11:02:00,-73.962456,40.77655,1
2013-01-13 11:07:00,-73.98996,40.761398,1
2013-01-13 11:03:00,-73.977287,40.788631,1
2013-01-13 11:05:00,-73.959023,40.772091,1
2013-01-13 11:03:00,-73.964081,40.806328,3
2013-01-13 11:01:00,-73.985924,40.755444,1
2013-01-13 11:07:00,-73.975403,40.789726,1
2013-01-13 11:03:00,0.0,0.0,2
2013-01-13 10:50:00,-73.98111,40.782059,1
2013-01-13 10:57:00,-73.991394,40.750149,1
2013-01-13 11:06:00,-73.972687,40.756611,1
2013-01-13 10:53:00,-73.972542,40.796379,1
2013-01-13 04:50:00,-73.981934,40.778011,2
2013-01-13 04:45:00,-73.977211,40.726532,6
2013-01-13 04:44:00,-73.942551,40.81163,3
2013-01-13 04:48:00,-73.996239,40.744396,2
2013-01-13 04:44:00,-74.009232,40.712608,5
2013-01-13 04:36:00,-73.988602,40.721542,6
2013-01-13 04:36:00,-73.99308,40.722584,1
2013-01-13 11:06:00,-73.967293,40.76926,1
2013-01-13 11:03:00,-73.989555,40.755928,3
2013-01-13 11:01:00,-73.973923,40.748001,2
2013-01-13 11:07:00,-73.989891,40.757011,1
2013-01-13 11:03:00,-73.99556,40.759426,1
2013-01-13 11:01:00,-73.96933,40.76675,1
2013-01-13 10:48:00,-74.005486,40.748272,1
2013-01-13 10:54:00,-73.960342,40.762165,1
2013-01-13 10:57:00,-74.000824,40.717007,1
2013-01-13 11:05:00,-73.979477,40.771362,2
2013-01-13 11:06:00,-73.979454,40.746723,1
2013-01-13 11:00:00,-74.002838,40.760517,1
2013-01-13 10:55:00,-73.981964,40.753433,4
2013-01-13 11:06:00,-73.957771,40.773598,1
2013-01-13 10:57:00,-73.990486,40.766548,1
2013-01-13 11:07:00,-73.987717,40.732716,1
2013-01-13 11:10:00,-73.96991,40.762516,2
2013-01-13 04:03:00,-73.9869,40.761589,1
2013-01-13 04:32:00,-73.979065,40.759159,1
2013-01-13 04:46:00,-73.984657,40.754742,5
2013-01-13 04:37:00,-73.81144,40.763016,4
2013-01-13 04:46:00,-73.996155,40.767372,6
2013-01-13 04:26:00,-73.95945,40.716217,1
2013-01-13 04:52:00,-73.996849,40.723026,5
2013-01-13 04:26:00,-73.995789,40.759808,1
2013-01-13 04:42:00,-73.982323,40.766514,6
2013-01-13 04:53:00,-73.976059,40.754833,1
2013-01-13 04:45:00,-74.002045,40.733692,1
2013-01-13 04:51:00,-73.991409,40.723042,1
2013-01-13 04:42:00,-73.986343,40.733948,5
2013-01-13 04:44:00,-73.999664,40.714417,1
2013-01-13 04:45:00,-73.973671,40.754944,3
2013-01-13 04:45:00,-73.98687,40.747707,5
2013-01-13 04:48:00,-73.988747,40.718884,6
2013-01-13 04:46:00,-73.986046,40.726425,2
2013-01-13 04:41:00,-73.956955,40.762421,1
2013-01-13 04:56:00,-74.006706,40.743465,1
2013-01-13 04:53:00,-73.979439,40.784378,2
2013-01-13 04:42:00,-74.00032,40.729984,1
2013-01-13 04:36:00,-73.884262,40.747471,1
2013-01-13 04:35:00,-73.999275,40.761364,5
2013-01-13 04:38:00,-74.005051,40.741066,6
2013-01-13 04:21:00,-73.782013,40.644753,6
2013-01-13 04:34:00,-73.999603,40.731049,1
2013-01-13 04:23:00,-73.957787,40.717796,1
2013-01-13 04:23:00,-74.002892,40.733299,1
2013-01-13 04:32:00,-73.996849,40.723026,1
2013-01-13 04:32:00,-73.997604,40.763863,4
2013-01-13 04:30:00,-73.980385,40.759781,1
2013-01-13 04:30:00,-73.97879,40.724136,1
2013-01-13 04:38:00,0.0,0.0,2
2013-01-13 04:20:00,-73.992134,40.755379,2
2013-01-13 04:19:00,-73.998123,40.740509,5
2013-01-13 04:37:00,-73.96537,40.761059,6
2013-01-13 04:34:00,-73.958122,40.713718,1
2013-01-13 04:38:00,-73.98806,40.72271,1
2013-01-13 04:39:00,-73.979378,40.723228,1
2013-01-13 04:31:00,-73.999336,40.733517,4
2013-01-13 04:28:00,-74.000603,40.727173,6
2013-01-13 04:32:00,-73.951912,40.769199,1
2013-01-13 04:40:00,-73.995506,40.75296,5
2013-01-13 04:38:00,-73.973518,40.763599,5
2013-01-13 04:44:00,-73.989052,40.743298,1
2013-01-13 04:42:00,-73.967598,40.756233,1
2013-01-13 04:22:00,-74.006699,40.738152,3
2013-01-13 04:36:00,-73.983963,40.721088,1
2013-01-13 04:29:00,-73.983032,40.764576,1
2013-01-13 11:03:00,-73.9515,40.782269,6
2013-01-13 11:13:00,-73.967995,40.768665,5
2013-01-13 11:04:00,-73.964134,40.792538,1
2013-01-13 11:01:00,-73.975731,40.7491,5
2013-01-13 04:38:00,-73.974457,40.746269,6
2013-01-13 04:24:00,-73.971977,40.762878,1
2013-01-13 04:26:00,-73.983803,40.743233,1
2013-01-13 04:36:00,-73.978409,40.765896,1
2013-01-13 04:27:00,-74.005836,40.739502,5
2013-01-13 04:34:00,-73.992126,40.729885,1
2013-01-13 04:19:00,-73.995995,40.767231,3
2013-01-13 04:44:00,-73.986946,40.758862,6
2013-01-13 04:36:00,-73.893707,40.747707,2
2013-01-13 04:36:00,-73.988068,40.748459,1
2013-01-13 04:30:00,-73.929779,40.767326,1
2013-01-13 04:32:00,-74.000381,40.73011,1
2013-01-13 04:45:00,-73.963936,40.761326,2
2013-01-13 04:18:00,-74.009758,40.714073,1
2013-01-13 04:51:00,-74.000153,40.732853,1
2013-01-13 04:45:00,-73.987244,40.691673,1
2013-01-13 04:29:00,-73.987808,40.724197,1
2013-01-13 04:41:00,-73.899117,40.740471,1
2013-01-13 04:46:00,-73.990067,40.719196,1
2013-01-13 04:43:00,-73.98526,40.723694,1
2013-01-13 11:03:00,-73.990875,40.717991,2
2013-01-13 10:50:00,-73.963066,40.763454,3
2013-01-13 11:07:00,-73.981895,40.763424,1
2013-01-13 11:12:00,-73.972404,40.786316,1
2013-01-13 11:04:00,-73.963905,40.765224,5
2013-01-13 11:06:00,-73.990067,40.732967,5
2013-01-13 11:08:00,-73.984138,40.746597,1
2013-01-13 11:04:00,-73.957672,40.773907,1
2013-01-13 11:03:00,-73.972054,40.757042,2
2013-01-13 11:10:00,-73.966454,40.753635,1
2013-01-13 10:51:00,-73.873016,40.774021,1
2013-01-13 11:05:00,-73.97229,40.746586,1
2013-01-13 11:04:00,-74.006737,40.731556,3
2013-01-13 11:10:00,-73.951889,40.769321,6
2013-01-13 11:01:00,-73.86277,40.769131,1
2013-01-13 11:02:00,-73.998856,40.764526,1
2013-01-13 11:06:00,-73.95195,40.769367,1
2013-01-13 10:37:00,-73.919418,40.743374,4
2013-01-13 11:12:00,-73.991364,40.746399,1
2013-01-13 11:02:00,-73.974388,40.74892,5
2013-01-13 10:23:00,-73.989189,40.747997,1
2013-01-13 10:44:00,-73.982216,40.775429,1
2013-01-13 10:48:00,-73.99511,40.759991,5
2013-01-13 10:41:00,-73.978745,40.73119,2
2013-01-13 10:43:00,-73.979645,40.780945,5
2013-01-13 02:58:00,-73.986839,40.726585,1
2013-01-13 02:44:00,-74.013947,40.70483,2
2013-01-13 02:58:00,-73.921951,40.755386,1
2013-01-13 02:54:00,-74.004364,40.747719,1
2013-01-13 02:54:00,-73.989761,40.719147,2
2013-01-13 10:14:00,-73.988701,40.769302,5
2013-01-13 10:15:00,-73.951271,40.785385,1
2013-01-13 10:14:00,-73.94902,40.803013,1
2013-01-13 10:05:00,-74.00074,40.757904,1
2013-01-13 10:14:00,-73.969971,40.784622,1
2013-01-13 10:15:00,-73.954803,40.769821,6
2013-01-13 10:14:00,-73.952461,40.784264,5
2013-01-13 10:14:00,-73.969986,40.785625,5
2013-01-13 10:11:00,-73.907944,40.745384,1
2013-01-13 10:14:00,-73.991051,40.751324,1
2013-01-13 10:13:00,-73.976845,40.758343,5
2013-01-13 10:11:00,-73.99691,40.748966,1
2013-01-13 10:18:00,-74.000893,40.757954,1
2013-01-13 10:16:00,-74.008598,40.735245,2
2013-01-13 10:09:00,-73.985703,40.759735,5
2013-01-13 10:17:00,-73.981445,40.7687,2
2013-01-13 10:15:00,-73.97683,40.75528,4
2013-01-13 10:18:00,-73.979126,40.781868,4
2013-01-13 10:14:00,-73.995636,40.724876,2
2013-01-13 10:56:00,-73.947433,40.776314,1
2013-01-13 11:03:00,-74.000443,40.735455,1
2013-01-13 11:06:00,-73.93766,40.804577,1
2013-01-13 11:06:00,-73.988884,40.754524,2
2013-01-13 10:59:00,-73.963501,40.767887,2
2013-01-13 11:06:00,-73.977547,40.784176,1
2013-01-13 11:06:00,-73.95266,40.780685,2
2013-01-13 11:07:00,-74.007156,40.734303,1
2013-01-13 10:57:00,-73.99987,40.7197,5
2013-01-13 11:11:00,-73.982948,40.781906,1
2013-01-13 11:06:00,-73.986137,40.759266,1
2013-01-13 11:12:00,-73.962624,40.773071,1
2013-01-13 11:06:00,-73.991722,40.756607,6
2013-01-13 10:57:00,-73.95182,40.775311,1
2013-01-13 11:05:00,-73.984978,40.768093,1
2013-01-13 11:01:00,-73.930077,40.754387,5
2013-01-13 11:00:00,-73.978348,40.757336,6
2013-01-13 11:06:00,-73.979347,40.765091,2
2013-01-13 11:11:00,-73.958,40.776337,1
2013-01-13 10:10:00,-73.98053,40.68766,5
2013-01-13 10:21:00,-73.990463,40.766563,2
2013-01-13 10:19:00,-74.003265,40.74728,2
2013-01-13 10:16:00,-73.972015,40.763645,1
2013-01-13 10:04:00,-74.003098,40.743206,1
2013-01-13 10:10:00,-73.992737,40.758144,3
2013-01-13 05:33:00,-73.987259,40.776154,6
2013-01-13 05:21:00,-73.782051,40.644684,2
2013-01-13 05:25:00,-74.005867,40.737541,1
2013-01-13 05:30:00,-73.984764,40.724346,2
2013-01-13 05:39:00,-73.96743,40.7565,1
2013-01-13 05:31:00,-73.988312,40.733616,1
2013-01-13 05:39:00,-73.992882,40.724262,5
2013-01-13 05:26:00,-73.986053,40.755566,1
2013-01-13 05:37:00,-73.919197,40.765923,1
2013-01-13 05:32:00,-73.982681,40.731232,1
2013-01-13 05:34:00,-74.003143,40.727829,1
2013-01-13 05:45:00,-73.964874,40.689865,1
2013-01-13 05:33:00,-74.008957,40.713776,1
2013-01-13 05:36:00,-74.000687,40.732361,5
2013-01-13 05:19:00,-73.781898,40.644718,1
2013-01-13 05:12:00,-73.989243,40.743061,1
2013-01-13 05:24:00,-73.781113,40.645081,1
2013-01-13 05:41:00,-73.979935,40.726837,1
2013-01-13 05:33:00,-74.001564,40.720917,5
2013-01-13 05:58:00,-73.978989,40.73608,2
2013-01-13 05:55:00,-73.996223,40.738098,1
2013-01-13 05:43:00,-73.988258,40.764107,4
2013-01-13 05:53:00,-73.979538,40.727448,2
2013-01-13 05:52:00,-73.98941,40.726276,1
2013-01-13 05:32:00,-73.78196,40.644844,1
2013-01-13 10:48:00,0.0,0.0,1
2013-01-13 11:09:00,-73.993553,40.757206,1
2013-01-13 11:01:00,-73.988945,40.74868,5
2013-01-13 10:58:00,-73.947098,40.780041,1
2013-01-13 10:42:00,-73.988533,40.779072,1
2013-01-13 10:41:00,-74.015465,40.711128,1
2013-01-13 10:43:00,-73.99765,40.75658,1
2013-01-13 10:47:00,-74.008995,40.730785,1
2013-01-13 10:44:00,-73.950943,40.786064,1
2013-01-13 10:24:00,-73.989517,40.772701,3
2013-01-13 10:14:00,-73.8731,40.773911,5
2013-01-13 10:25:00,-73.950424,40.777473,1
2013-01-13 10:22:00,-73.991821,40.739506,1
2013-01-13 10:21:00,-73.981697,40.749386,2
2013-01-13 10:14:00,-74.012764,40.702171,1
2013-01-13 10:13:00,-73.957222,40.780735,6
2013-01-13 10:22:00,-73.972916,40.756645,1
2013-01-13 10:18:00,-73.958817,40.774544,1
2013-01-13 10:20:00,-73.9869,40.761265,6
2013-01-13 10:23:00,-73.95121,40.778755,1
2013-01-13 10:27:00,-73.980446,40.770222,1
2013-01-13 10:05:00,-73.873085,40.773933,6
2013-01-13 10:28:00,-73.958832,40.768654,1
2013-01-13 10:29:00,-73.966942,40.78434,2
2013-01-13 10:15:00,-73.988083,40.718903,4
2013-01-13 10:48:00,-73.981377,40.780914,1
2013-01-13 10:51:00,-74.002563,40.728397,1
2013-01-13 10:46:00,-73.955772,40.764229,1
2013-01-13 10:13:00,-74.009636,40.706707,6
2013-01-13 09:59:00,-73.777573,40.644794,1
2013-01-13 10:24:00,-73.973244,40.756813,1
2013-01-13 10:06:00,-74.014923,40.716454,5
2013-01-13 10:26:00,-73.977219,40.787727,4
2013-01-13 10:26:00,-73.966194,40.764648,1
2013-01-13 10:20:00,-73.963356,40.777397,1
2013-01-13 09:54:00,-73.931435,40.703655,5
2013-01-13 10:20:00,-73.988167,40.759621,3
2013-01-13 13:34:00,-73.776772,40.645103,1
2013-01-13 10:14:00,-73.958023,40.779423,1
2013-01-13 10:16:00,-73.992844,40.713799,1
2013-01-13 09:57:00,-73.78878,40.645191,1
2013-01-13 10:20:00,-73.977867,40.751862,1
2013-01-13 10:23:00,-74.003433,40.71088,1
2013-01-13 10:25:00,-73.979866,40.784031,1
2013-01-13 10:25:00,-74.004555,40.721527,1
2013-01-13 10:00:00,-73.984787,40.773952,1
2013-01-13 10:26:00,-73.990585,40.756676,1
2013-01-13 10:27:00,-73.977036,40.764637,1
2013-01-13 10:24:00,-73.971001,40.754841,1
2013-01-13 10:21:00,-73.949554,40.772636,5
2013-01-13 10:18:00,-73.98571,40.723183,5
2013-01-13 04:43:00,-73.964699,40.755882,1
2013-01-13 04:33:00,-73.986305,40.730335,2
2013-01-13 04:31:00,-74.003899,40.725525,1
2013-01-13 04:27:00,-73.985275,40.773335,1
2013-01-13 04:34:00,-73.991959,40.726227,5
2013-01-13 04:35:00,-73.991432,40.725353,5
2013-01-13 04:27:00,-73.940544,40.712021,1
2013-01-13 04:32:00,-73.996063,40.759121,1
2013-01-13 04:28:00,-73.924706,40.74411,1
2013-01-13 04:40:00,-74.005287,40.739983,5
2013-01-13 04:15:00,-73.990723,40.745495,1
2013-01-13 04:27:00,-73.992981,40.729874,1
2013-01-13 04:41:00,-73.980438,40.730492,2
2013-01-13 04:36:00,-74.007889,40.740238,1
2013-01-13 04:43:00,-74.001572,40.730762,1
2013-01-13 04:41:00,-73.978951,40.74493,1
2013-01-13 04:39:00,-73.99369,40.721115,5
2013-01-13 04:17:00,-73.987022,40.74052,1
2013-01-13 04:33:00,-73.997643,40.763931,2
2013-01-13 04:47:00,-73.921944,40.755421,1
2013-01-13 04:47:00,-73.973511,40.754677,4
2013-01-13 10:23:00,-73.974754,40.787643,2
2013-01-13 10:16:00,-73.967659,40.756893,5
2013-01-13 10:20:00,-73.95134,40.771862,3
2013-01-13 04:46:00,-73.988159,40.76453,1
2013-01-13 04:46:00,-73.962929,40.680897,2
2013-01-13 10:24:00,-73.9916,40.765182,1
2013-01-13 10:17:00,-73.978889,40.783344,1
2013-01-13 10:19:00,-73.979042,40.766865,5
2013-01-13 10:16:00,-73.97422,40.756207,1
2013-01-13 10:22:00,-73.969475,40.768654,5
2013-01-13 10:26:00,-73.954056,40.781521,1
2013-01-13 10:18:00,-73.953255,40.788609,1
2013-01-13 10:16:00,-73.988708,40.777786,1
2013-01-13 10:18:00,-73.981163,40.781818,1
2013-01-13 10:19:00,0.0,0.0,6
2013-01-13 10:19:00,-73.984856,40.728329,1
2013-01-13 10:22:00,-73.953384,40.791191,2
2013-01-13 10:14:00,-73.982185,40.756432,6
2013-01-13 10:22:00,-74.003883,40.72575,1
2013-01-13 10:19:00,-73.994804,40.753315,1
2013-01-13 10:22:00,-73.973,40.743271,6
2013-01-13 10:24:00,-73.999115,40.761444,1
2013-01-13 10:24:00,-73.978287,40.745197,1
2013-01-13 10:30:00,-73.999619,40.722286,2
2013-01-13 10:20:00,-74.015579,40.7104,1
2013-01-13 10:33:00,0.0,0.0,5
2013-01-13 10:17:00,-73.974976,40.759216,1
2013-01-13 11:15:00,-73.974274,40.762379,3
2013-01-13 11:04:00,-73.947929,40.774769,2
2013-01-13 11:04:00,-73.981163,40.769161,1
2013-01-13 11:10:00,-73.970154,40.796516,2
2013-01-13 11:01:00,-74.000847,40.757927,1
2013-01-13 10:58:00,-73.961632,40.776596,1
2013-01-13 11:09:00,-73.977188,40.774471,6
2013-01-13 11:10:00,-73.966515,40.804287,1
2013-01-13 10:58:00,-73.958412,40.721409,2
2013-01-13 11:12:00,-73.969643,40.753353,1
2013-01-13 11:07:00,-73.978134,40.745846,6
2013-01-13 11:09:00,-73.98555,40.769535,1
2013-01-13 11:10:00,-73.954468,40.769886,1
2013-01-13 11:12:00,-74.001213,40.731792,1
2013-01-13 11:12:00,-73.984779,40.779308,5
2013-01-13 11:08:00,-73.968239,40.754349,5
2013-01-13 10:50:00,-73.967072,40.763855,1
2013-01-13 10:51:00,-73.975121,40.790325,2
2013-01-13 10:43:00,-73.982208,40.768375,1
2013-01-13 10:23:00,-73.985062,40.760113,1
2013-01-13 10:20:00,-73.965691,40.771938,1
2013-01-13 10:24:00,-73.96666,40.804333,2
2013-01-13 10:33:00,-73.980377,40.755135,2
2013-01-13 10:28:00,-73.992493,40.743568,1
2013-01-13 10:23:00,-73.975555,40.733112,1
2013-01-13 04:38:00,-74.008102,40.739014,1
2013-01-13 04:49:00,-73.985229,40.763004,5
2013-01-13 04:48:00,-74.001465,40.735924,1
2013-01-13 04:48:00,-73.983192,40.730488,1
2013-01-13 04:50:00,-74.006821,40.743896,1
2013-01-13 04:40:00,-74.005112,40.740921,1
2013-01-13 04:39:00,-73.987068,40.729465,1
2013-01-13 04:45:00,-73.997223,40.721981,1
2013-01-13 04:51:00,-73.992668,40.723801,5
2013-01-13 04:33:00,-74.001167,40.731544,1
2013-01-13 04:46:00,-73.993668,40.721008,1
2013-01-13 04:39:00,-73.97757,40.746429,1
2013-01-13 04:40:00,-73.958496,40.760601,2
2013-01-13 04:58:00,0.0,0.0,1
2013-01-13 04:52:00,-73.986786,40.725452,1
2013-01-13 04:51:00,-74.006927,40.743801,5
2013-01-13 04:39:00,-73.988235,40.719929,2
2013-01-13 10:11:00,-73.983238,40.749928,4
2013-01-13 10:17:00,-74.000885,40.757973,1
2013-01-13 10:16:00,-73.97155,40.749424,2
2013-01-13 10:24:00,-73.998199,40.745438,1
2013-01-13 09:54:00,-73.790443,40.647102,1
2013-01-13 10:24:00,-73.944725,40.779491,5
2013-01-13 10:25:00,-73.984039,40.760399,1
2013-01-13 10:19:00,-73.98333,40.781361,1
2013-01-13 04:41:00,-73.996895,40.763065,1
2013-01-13 04:39:00,-73.970253,40.756226,1
2013-01-13 03:59:00,-73.976997,40.787563,1
2013-01-13 04:34:00,-73.995247,40.728039,1
2013-01-13 04:30:00,-73.986557,40.669369,1
2013-01-13 04:33:00,-73.988838,40.734085,3
2013-01-13 04:41:00,-73.974106,40.731178,1
2013-01-13 04:46:00,-74.006226,40.714039,1
2013-01-13 04:36:00,-73.997581,40.721096,1
2013-01-13 04:23:00,-73.986809,40.76125,1
2013-01-13 04:45:00,-73.958099,40.815384,1
2013-01-13 04:48:00,-73.973076,40.76387,1
2013-01-13 04:30:00,-73.978149,40.778702,1
2013-01-13 04:40:00,-74.015923,40.71101,1
2013-01-13 10:19:00,-73.950752,40.779926,1
2013-01-13 10:24:00,-73.950005,40.795784,1
2013-01-13 10:26:00,-73.966103,40.804863,1
2013-01-13 10:30:00,-73.973152,40.758469,3
2013-01-13 10:22:00,-73.988937,40.736637,1
2013-01-13 10:28:00,-73.983353,40.744705,1
2013-01-13 10:24:00,-73.991302,40.760235,5
2013-01-13 10:31:00,-73.983253,40.738869,1
2013-01-13 10:30:00,-73.981438,40.780781,1
2013-01-13 10:27:00,-73.960579,40.76701,1
2013-01-13 11:05:00,-74.004662,40.707031,1
2013-01-13 10:58:00,-73.983002,40.769028,5
2013-01-13 11:07:00,-74.005432,40.727589,6
2013-01-13 11:08:00,-73.977585,40.746437,1
2013-01-13 11:05:00,-73.978989,40.736439,2
2013-01-13 11:05:00,-74.001701,40.730701,1
2013-01-13 11:07:00,-73.974426,40.778461,1
2013-01-13 10:59:00,-73.980583,40.765121,5
2013-01-13 10:58:00,-73.9524,40.803413,2
2013-01-13 11:15:00,-73.991814,40.743431,1
2013-01-13 11:03:00,-73.991104,40.745071,1
2013-01-14 06:23:00,-73.988914,40.741367,1
2013-01-13 11:13:00,-73.962784,40.769592,5
2013-01-13 10:52:00,-74.009972,40.712173,1
2013-01-13 11:03:00,-73.995255,40.739979,1
2013-01-13 10:20:00,-73.977196,40.762436,3
2013-01-13 10:26:00,-74.001251,40.752018,1
2013-01-13 10:06:00,-73.996475,40.693432,1
2013-01-13 10:25:00,-74.006432,40.733238,1
2013-01-13 10:25:00,-73.9907,40.734806,1
2013-01-13 10:24:00,-73.945358,40.802246,1
2013-01-13 10:12:00,0.0,0.0,1
2013-01-13 10:12:00,-73.98288,40.777351,1
2013-01-13 10:28:00,-73.964508,40.758217,2
2013-01-13 10:21:00,-73.996346,40.738056,1
2013-01-13 10:02:00,-73.981415,40.7691,6
2013-01-13 11:02:00,-73.95417,40.767307,1
2013-01-13 11:06:00,-73.966972,40.792835,5
2013-01-13 11:08:00,-73.937607,40.812981,6
2013-01-13 11:00:00,-74.009789,40.712929,1
2013-01-14 12:35:00,-73.87291,40.774067,1
2013-01-13 10:50:00,-73.992157,40.743332,1
2013-01-13 10:55:00,-73.987381,40.724846,1
2013-01-13 11:11:00,-73.993942,40.741699,1
2013-01-13 11:04:00,-73.947975,40.779026,1
2013-01-13 11:06:00,-74.010162,40.712345,1
2013-01-13 11:03:00,-73.965759,40.765476,1
2013-01-13 11:09:00,-73.981979,40.736526,1
2013-01-13 11:06:00,-73.98037,40.785374,5
2013-01-13 11:08:00,-73.991768,40.754753,2
2013-01-13 11:06:00,-73.996445,40.732197,1
2013-01-13 11:12:00,-73.954803,40.769478,1
2013-01-13 10:52:00,-73.979675,40.781216,1
2013-01-13 10:43:00,-73.872948,40.774124,1
2013-01-13 10:53:00,-73.955994,40.779289,1
2013-01-13 10:53:00,-73.974335,40.762806,1
2013-01-13 10:24:00,-73.975594,40.752544,1
2013-01-13 10:25:00,-73.982346,40.735249,1
2013-01-13 10:28:00,-73.982803,40.735199,1
2013-01-13 10:22:00,-73.985291,40.757359,5
2013-01-13 10:29:00,-73.971474,40.754002,1
2013-01-13 04:43:00,-73.987823,40.754047,6
2013-01-13 04:25:00,-74.001228,40.72757,1
2013-01-13 04:32:00,-73.968399,40.758347,5
2013-01-13 04:29:00,-73.992424,40.730427,6
2013-01-13 04:45:00,-73.964165,40.767738,2
2013-01-13 10:18:00,-73.946411,40.772728,1
2013-01-13 10:28:00,-73.992126,40.764248,1
2013-01-13 10:28:00,-73.955154,40.769081,1
2013-01-13 10:29:00,-74.005875,40.745342,2
2013-01-13 10:12:00,-73.972717,40.793564,2
2013-01-13 10:25:00,-73.970642,40.788513,1
2013-01-13 10:27:00,-73.991669,40.73114,4
2013-01-13 10:24:00,-73.964149,40.761299,1
2013-01-13 10:27:00,-73.992584,40.743206,1
2013-01-13 10:25:00,-73.970741,40.798977,1
2013-01-13 10:21:00,-73.994949,40.75552,1
2013-01-13 10:19:00,-73.920532,40.743649,5
2013-01-13 10:29:00,-73.990845,40.75663,2
2013-01-13 10:25:00,-73.966484,40.759899,1
2013-01-13 10:31:00,-73.973,40.743271,6
2013-01-13 10:14:00,-73.973839,40.758022,5
2013-01-13 10:31:00,-73.997154,40.722137,3
2013-01-13 10:30:00,-73.994514,40.741516,1
2013-01-13 10:19:00,-73.97953,40.74649,2
2013-01-13 10:29:00,-73.975945,40.77631,1
2013-01-13 04:41:00,-74.005074,40.740898,1
2013-01-13 04:12:00,-73.956444,40.714176,1
2013-01-13 04:40:00,-73.952049,40.7812,1
2013-01-13 04:32:00,-73.996368,40.73793,1
2013-01-13 04:32:00,-74.00489,40.729809,2
2013-01-13 04:32:00,-73.988075,40.75452,1
2013-01-13 04:34:00,-73.993317,40.719948,1
2013-01-13 04:44:00,-73.958855,40.716721,1
2013-01-13 10:25:00,-73.998528,40.75695,1
2013-01-13 10:05:00,-73.992088,40.759056,5
2013-01-13 10:23:00,-73.970627,40.749149,1
2013-01-13 10:28:00,-73.98513,40.744469,5
2013-01-13 10:21:00,-73.963425,40.769604,1
2013-01-13 10:13:00,-74.002861,40.76033,5
2013-01-13 10:21:00,-74.00663,40.731014,1
2013-01-13 10:23:00,-73.963326,40.764423,1
2013-01-13 10:25:00,-73.979553,40.742767,1
2013-01-13 10:26:00,-73.982452,40.723309,5
2013-01-13 10:05:00,-73.804657,40.650089,1
2013-01-13 10:22:00,-73.982697,40.723381,5
2013-01-13 10:13:00,-73.978477,40.746571,2
2013-01-13 10:27:00,-73.979691,40.781231,1
2013-01-13 10:23:00,-73.946457,40.772728,1
2013-01-13 10:21:00,-73.983269,40.756737,1
2013-01-13 11:13:00,-74.011086,40.728298,2
2013-01-13 11:08:00,-73.987709,40.73864,3
2013-01-13 11:05:00,-74.003731,40.722507,1
2013-01-13 11:03:00,-73.971054,40.782997,2
2013-01-13 11:22:00,-73.973885,40.751766,1
2013-01-13 10:50:00,-73.991547,40.756454,2
2013-01-13 11:00:00,-73.954346,40.774303,5
2013-01-13 11:12:00,-73.99015,40.762501,3
2013-01-13 11:12:00,-73.951561,40.769932,1
2013-01-13 11:02:00,-73.990463,40.746208,1
2013-01-13 11:10:00,-73.973747,40.779564,1
2013-01-13 11:17:00,-73.973068,40.795429,6
2013-01-13 10:58:00,-74.009789,40.722054,6
2013-01-13 11:08:00,-73.965965,40.768127,6
2013-01-13 11:12:00,-73.991493,40.750195,1
2013-01-13 11:05:00,-73.99144,40.750179,5
2013-01-13 10:30:00,-73.997795,40.756409,1
2013-01-13 10:22:00,-73.977928,40.730007,5
2013-01-13 10:29:00,-73.956001,40.775826,1
2013-01-13 10:26:00,-73.990822,40.756607,6
2013-01-13 10:31:00,-73.987686,40.765339,5
2013-01-13 10:28:00,-73.982635,40.775333,1
2013-01-13 10:30:00,-73.907463,40.753597,4
2013-01-13 10:23:00,-73.966118,40.768082,1
2013-01-13 04:58:00,0.0,0.0,1
2013-01-13 10:28:00,-73.981934,40.736599,5
2013-01-13 10:18:00,-73.961708,40.720963,1
2013-01-13 10:22:00,-73.981422,40.763981,1
2013-01-13 10:25:00,-73.998329,40.726372,1
2013-01-13 10:25:00,-73.971191,40.795647,5
2013-01-13 10:25:00,-73.99498,40.760612,2
2013-01-13 10:28:00,-74.005142,40.728653,2
2013-01-13 10:33:00,-73.990601,40.740677,2
2013-01-13 10:27:00,-73.947578,40.771076,2
2013-01-13 10:14:00,-73.984673,40.744621,6
2013-01-13 10:30:00,-73.989189,40.721348,1
2013-01-13 10:26:00,-74.00779,40.723164,1
2013-01-13 10:35:00,0.0,0.0,5
2013-01-13 10:27:00,-73.965073,40.79174,6
2013-01-13 10:37:00,-73.986244,40.750443,3
2013-01-13 10:28:00,-73.997917,40.745975,1
2013-01-13 10:32:00,-73.982651,40.767658,1
2013-01-13 10:34:00,-73.977333,40.774422,1
2013-01-13 10:27:00,-73.988739,40.748577,1
2013-01-13 10:19:00,-73.98468,40.769444,2
2013-01-13 10:37:00,-73.976074,40.789448,1
2013-01-13 10:41:00,-73.96225,40.768013,1
2013-01-13 10:29:00,-73.990952,40.728363,1
2013-01-13 10:57:00,-73.981499,40.782295,2
2013-01-13 11:01:00,-73.95842,40.778187,2
2013-01-13 11:04:00,-73.991089,40.755562,1
2013-01-13 10:58:00,-74.014786,40.716366,1
2013-01-13 11:03:00,-73.998863,40.723011,1
2013-01-13 10:59:00,-74.002022,40.737827,1
2013-01-13 11:08:00,-73.956017,40.778728,1
2013-01-13 10:55:00,-73.977966,40.786526,2
2013-01-13 11:08:00,-73.97905,40.762352,1
2013-01-13 11:11:00,-73.953552,40.767731,1
2013-01-13 10:59:00,-73.974251,40.782784,1
2013-01-13 11:08:00,-73.993332,40.752476,1
2013-01-13 10:43:00,-73.786369,40.641548,2
2013-01-13 11:00:00,-73.872932,40.774105,1
2013-01-13 10:53:00,-73.872948,40.774044,1
2013-01-13 10:57:00,-73.988945,40.775242,1
2013-01-13 10:54:00,-73.863144,40.769646,2
2013-01-13 11:00:00,-73.954697,40.769817,2
2013-01-13 11:03:00,-73.985596,40.717533,1
2013-01-13 11:07:00,-73.953003,40.771843,1
2013-01-13 10:22:00,-73.989189,40.747997,1
2013-01-13 10:17:00,-73.987801,40.745705,1
2013-01-13 10:11:00,-73.979118,40.762524,1
2013-01-13 10:25:00,-73.991531,40.756817,1
2013-01-13 10:19:00,-73.976242,40.757397,2
2013-01-13 10:22:00,-73.954926,40.777336,1
2013-01-13 10:20:00,-73.976265,40.748871,1
2013-01-13 10:16:00,0.0,0.0,1
2013-01-13 10:16:00,-73.962372,40.767651,5
2013-01-13 10:26:00,-73.992462,40.743393,2
2013-01-13 10:20:00,-73.982246,40.772598,1
2013-01-13 10:21:00,-73.98526,40.757061,1
2013-01-13 10:23:00,-73.975502,40.755913,1
2013-01-13 10:22:00,-73.968246,40.755913,1
2013-01-13 10:21:00,-73.979103,40.777721,4
2013-01-13 10:16:00,-73.885284,40.773064,6
2013-01-13 10:15:00,-73.871086,40.773796,1
2013-01-13 10:14:00,0.0,0.0,1
2013-01-13 10:20:00,-73.981689,40.736713,1
2013-01-13 10:20:00,-73.985512,40.723343,1
2013-01-13 10:20:00,-73.998886,40.760616,1
2013-01-13 10:25:00,-73.992821,40.756706,6
2013-01-13 10:27:00,-73.996574,40.737251,1
2013-01-13 10:12:00,-73.948952,40.777431,1
2013-01-13 10:19:00,-74.002693,40.718246,5
2013-01-13 10:19:00,-73.955208,40.788689,1
2013-01-13 10:18:00,-73.949074,40.828453,1
2013-01-13 10:25:00,-73.980858,40.78233,1
2013-01-13 10:21:00,-73.976669,40.760738,1
2013-01-13 10:12:00,-73.913391,40.765797,6
2013-01-13 10:03:00,-73.978401,40.685249,1
2013-01-13 10:15:00,-73.977165,40.746876,1
2013-01-13 10:22:00,-73.980766,40.740303,1
2013-01-13 10:25:00,-73.958725,40.764221,1
2013-01-13 10:30:00,-73.958374,40.779045,2
2013-01-13 10:25:00,-73.992256,40.743816,1
2013-01-13 10:18:00,-73.922951,40.771301,5
2013-01-13 10:06:00,-73.776604,40.645298,1
2013-01-13 10:18:00,-73.989021,40.735085,1
2013-01-13 10:18:00,-73.952553,40.784168,1
2013-01-13 10:22:00,-73.975616,40.781872,1
2013-01-13 10:29:00,-73.992165,40.724918,1
2013-01-13 10:28:00,-73.991623,40.744926,1
2013-01-13 10:27:00,-73.983742,40.767487,1
2013-01-13 10:15:00,-73.994858,40.748791,1
2013-01-14 18:01:00,-73.980766,40.750996,1
2013-01-13 10:25:00,-73.984245,40.767399,2
2013-01-13 10:22:00,-74.007301,40.716026,6
2013-01-13 10:33:00,-73.965622,40.762905,5
2013-01-13 10:29:00,-74.001411,40.717533,1
2013-01-13 10:21:00,-73.991486,40.738934,5
2013-01-13 10:26:00,-73.999237,40.734772,1
2013-01-13 10:29:00,-73.936157,40.798897,5
2013-01-13 10:28:00,-73.969002,40.761127,1
2013-01-13 10:22:00,-74.003532,40.747402,1
2013-01-13 10:20:00,-73.975479,40.761959,1
2013-01-13 10:21:00,-73.997528,40.756645,2
2013-01-13 10:24:00,-73.946899,40.776405,6
2013-01-13 10:25:00,-73.994499,40.759258,1
2013-01-13 10:22:00,-73.982697,40.764282,2
2013-01-13 10:26:00,-73.977036,40.743778,1
2013-01-13 10:29:00,-73.976318,40.785816,6
2013-01-13 10:24:00,-73.972237,40.756336,1
2013-01-13 10:26:00,-73.966278,40.753944,1
2013-01-13 10:27:00,-73.963341,40.774731,1
2013-01-13 10:24:00,-73.972466,40.786736,2
2013-01-13 10:16:00,-73.972862,40.752876,6
2013-01-13 10:00:00,-73.973869,40.756432,1
2013-01-13 10:21:00,-73.982422,40.777306,5
2013-01-13 10:28:00,-73.954216,40.770275,1
2013-01-13 10:28:00,-73.945282,40.786743,6
2013-01-13 10:25:00,-73.953377,40.771442,1
2013-01-13 10:26:00,-73.989212,40.730862,1
2013-01-13 10:32:00,-73.970642,40.788872,1
2013-01-13 10:30:00,-73.982384,40.727627,1
2013-01-13 10:21:00,-73.972069,40.757107,1
2013-01-13 10:23:00,-73.98085,40.738171,2
2013-01-13 10:32:00,-73.97802,40.745953,1
2013-01-13 10:29:00,-74.105057,40.655216,1
2013-01-13 09:59:00,-73.783333,40.641857,2
2013-01-13 10:26:00,-73.986397,40.766998,6
2013-01-13 10:26:00,-73.853409,40.727085,1
2013-01-13 10:13:00,-73.915123,40.764011,1
2013-01-13 10:20:00,-73.990623,40.756458,1
2013-01-13 10:23:00,-73.975281,40.755821,1
2013-01-13 10:29:00,-74.007736,40.732269,1
2013-01-13 10:27:00,-73.982063,40.772541,1
2013-01-13 10:27:00,-73.992188,40.723946,1
2013-01-13 10:27:00,-73.982384,40.731426,1
2013-01-13 10:33:00,-73.982826,40.764126,1
2013-01-13 10:29:00,-73.957382,40.77718,3
2013-01-13 10:25:00,-74.008247,40.70557,6
2013-01-13 10:27:00,-73.996674,40.693192,1
2013-01-13 10:32:00,-73.956528,40.778728,1
2013-01-13 10:33:00,-73.997177,40.721966,5
2013-01-13 10:02:00,-73.788307,40.641514,1
2013-01-13 10:07:00,-73.999039,40.672958,1
2013-01-13 10:33:00,-73.962654,40.770741,6
2013-01-13 10:32:00,-74.006813,40.735371,5
2013-01-13 10:26:00,-73.947105,40.776299,1
2013-01-13 10:34:00,-74.000641,40.742344,1
2013-01-13 10:24:00,0.0,0.0,5
2013-01-13 10:22:00,-73.985313,40.736004,2
2013-01-13 10:27:00,-73.981171,40.764809,2
2013-01-13 10:24:00,-73.968185,40.800171,5
2013-01-13 10:28:00,-73.979324,40.749271,5
2013-01-13 10:20:00,-73.942833,40.785679,1
2013-01-13 10:13:00,-74.00238,40.734097,1
2013-01-13 10:19:00,-73.947884,40.778641,1
2013-01-13 10:21:00,-73.990692,40.756355,6
2013-01-13 10:21:00,-73.964645,40.761494,3
2013-01-13 10:28:00,-73.978935,40.784966,5
2013-01-13 10:27:00,-73.971596,40.746498,5
2013-01-13 10:28:00,-73.987335,40.760979,6
2013-01-13 10:31:00,-73.979759,40.746609,5
2013-01-13 10:05:00,-73.961105,40.661404,1
2013-01-13 10:30:00,-73.964958,40.772629,1
2013-01-13 10:25:00,-73.999763,40.719501,1
2013-01-13 10:24:00,-74.009125,40.704056,6
2013-01-13 10:32:00,-73.989014,40.7561,1
2013-01-13 10:33:00,-73.999336,40.734051,1
2013-01-13 10:30:00,-74.006348,40.733406,1
2013-01-13 10:31:00,-74.007645,40.738773,3
2013-01-13 10:26:00,-73.997688,40.756481,1
2013-01-13 10:32:00,-73.9786,40.761753,1
2013-01-13 10:33:00,-73.979446,40.749634,1
2013-01-13 10:37:00,-73.996239,40.743328,2
2013-01-13 10:24:00,-73.991386,40.760544,6
2013-01-13 10:25:00,-73.963905,40.773766,3
2013-01-13 10:22:00,-73.92263,40.743385,1
2013-01-13 10:26:00,-74.004272,40.712955,1
2013-01-13 10:10:00,-73.988754,40.670185,2
2013-01-13 10:15:00,-73.980957,40.781708,1
2013-01-13 10:24:00,-74.003036,40.715797,5
2013-01-13 10:35:00,-73.990135,40.719368,1
2013-01-13 10:15:00,-73.872795,40.773743,1
2013-01-13 10:20:00,-73.977928,40.749092,6
2013-01-13 10:34:00,-73.978867,40.777264,6
2013-01-13 10:21:00,-73.928658,40.763142,1
2013-01-13 10:39:00,-73.982208,40.732086,4
2013-01-13 10:19:00,-73.950447,40.773113,1
2013-01-13 10:32:00,-73.989365,40.745686,1
2013-01-13 10:33:00,-73.953606,40.767342,1
2013-01-13 10:34:00,-73.986069,40.743149,1
2013-01-13 10:26:00,-73.993584,40.721191,1
2013-01-13 10:15:00,-73.972862,40.755604,6
2013-01-13 10:25:00,-73.958145,40.781666,1
2013-01-13 10:34:00,-73.952332,40.77203,1
2013-01-13 10:32:00,-73.992561,40.758411,1
2013-01-13 10:24:00,-74.000847,40.727516,3
2013-01-13 10:25:00,-73.786217,40.641415,1
2013-01-13 10:24:00,-73.966721,40.757488,1
2013-01-13 10:22:00,-73.973419,40.749668,6
2013-01-13 10:24:00,-73.994011,40.724777,1
2013-01-13 10:14:00,-73.982872,40.677536,1
2013-01-13 10:23:00,-73.973198,40.749294,2
2013-01-13 10:30:00,-73.971138,40.783073,3
2013-01-13 10:21:00,-73.954208,40.781216,1
2013-01-13 10:24:00,-73.937668,40.797089,3
2013-01-13 10:14:00,-73.953865,40.770245,1
2013-01-13 10:27:00,-74.005371,40.72739,3
2013-01-13 10:11:00,-74.003685,40.741226,1
2013-01-13 10:28:00,-73.972321,40.797043,1
2013-01-13 10:27:00,-73.981216,40.73349,1
2013-01-13 10:36:00,-73.844193,40.721783,2
2013-01-13 10:32:00,-74.004044,40.741966,6
2013-01-13 10:32:00,-73.972275,40.796783,1
2013-01-13 10:23:00,-73.964005,40.808601,1
2013-01-13 10:30:00,-73.98848,40.748112,2
2013-01-13 10:33:00,-73.998459,40.740543,2
2013-01-13 10:24:00,-74.003555,40.723705,2
2013-01-13 10:32:00,-73.960541,40.762005,5
2013-01-13 10:34:00,-73.973602,40.784481,1
2013-01-13 10:34:00,-73.988693,40.760056,5
2013-01-13 10:40:00,-73.778244,40.64677,1
2013-01-13 10:30:00,-73.984955,40.759804,2
2013-01-13 10:32:00,-73.966362,40.794762,1
2013-01-13 10:29:00,-73.992439,40.730606,2
2013-01-13 10:27:00,-73.970909,40.749664,1
2013-01-13 10:34:00,-73.954475,40.773006,1
2013-01-13 10:25:00,-73.987068,40.722557,2
2013-01-13 10:29:00,-73.968864,40.770065,1
2013-01-13 10:30:00,-74.008835,40.714272,6
2013-01-13 10:27:00,-74.013939,40.707142,1
2013-01-13 10:14:00,-73.862793,40.769047,1
2013-01-13 10:30:00,-73.980591,40.76115,1
2013-01-13 10:31:00,-73.977638,40.746529,6
2013-01-13 10:27:00,-73.984932,40.768375,5
2013-01-13 10:04:00,-74.001816,40.745667,6
2013-01-13 10:34:00,-73.983391,40.767029,2
2013-01-13 10:31:00,-74.005173,40.733246,2
2013-01-13 10:23:00,-73.951332,40.774246,1
2013-01-13 10:30:00,-73.99279,40.756676,5
2013-01-13 10:38:00,-73.962875,40.758648,6
2013-01-13 10:31:00,-73.990242,40.731323,1
2013-01-13 10:18:00,-73.994194,40.726521,2
2013-01-13 10:28:00,-73.973358,40.755985,1
2013-01-13 10:37:00,-73.994431,40.754356,2
2013-01-13 10:30:00,-74.001213,40.731869,1
2013-01-13 10:34:00,-73.985069,40.74221,2
2013-01-13 10:14:00,-73.98632,40.753349,5
2013-01-13 10:19:00,-73.993309,40.752148,1
2013-01-13 10:21:00,-74.000237,40.735096,2
2013-01-13 10:19:00,-73.968979,40.761295,1
2013-01-13 10:20:00,-73.952042,40.808987,5
2013-01-13 10:28:00,-73.982094,40.757618,1
2013-01-13 10:23:00,-73.979294,40.776741,6
2013-01-13 10:06:00,-73.864883,40.771317,1
2013-01-13 10:25:00,-73.973228,40.763897,1
2013-01-13 10:27:00,-73.98526,40.768337,2
2013-01-13 10:20:00,-73.96347,40.757542,6
2013-01-13 10:18:00,-73.987312,40.758587,5
2013-01-13 10:29:00,-73.967407,40.793308,5
2013-01-13 10:26:00,-73.990639,40.756683,5
2013-01-13 10:23:00,-73.984665,40.748814,2
2013-01-13 10:30:00,-73.99279,40.723881,1
2013-01-13 10:25:00,-74.00573,40.738647,1
2013-01-13 10:24:00,-73.985275,40.757248,1
2013-01-13 10:28:00,-73.983505,40.738525,1
2013-01-13 10:28:00,-73.984474,40.725117,1
2013-01-13 10:22:00,0.0,0.0,1
2013-01-13 10:23:00,-74.011841,40.707531,1
2013-01-13 10:21:00,-73.985214,40.77924,1
2013-01-13 10:29:00,-73.987122,40.761425,3
2013-01-13 10:23:00,-73.987564,40.775375,2
2013-01-13 06:01:00,-73.984711,40.769646,2
2013-01-13 05:41:00,-73.9496,40.780815,1
2013-01-13 05:59:00,-73.989685,40.7192,1
2013-01-14 22:02:00,-73.995186,40.744404,2
2013-01-13 06:06:00,-73.952194,40.790081,1
2013-01-13 06:06:00,-73.782822,40.648888,1
2013-01-13 06:08:00,-74.001022,40.731789,5
2013-01-13 05:53:00,-73.999229,40.728279,5
2013-01-13 05:48:00,-73.99012,40.725471,6
2013-01-13 03:52:00,-73.981651,40.724407,1
2013-01-13 04:10:00,-74.003464,40.751495,1
2013-01-13 04:02:00,-73.981361,40.67503,2
2013-01-13 03:54:00,-73.996368,40.759945,1
2013-01-13 03:39:00,-73.999886,40.761497,1
2013-01-13 03:53:00,-73.981888,40.74641,1
2013-01-13 03:40:00,-73.99192,40.7258,1
2013-01-13 03:55:00,-74.007652,40.738979,1
2013-01-13 03:55:00,-73.961586,40.764252,1
2013-01-13 03:50:00,-73.870941,40.73317,3
2013-01-13 03:54:00,-74.006729,40.744164,1
2013-01-13 03:55:00,-74.004974,40.708279,1
2013-01-13 03:56:00,-73.986168,40.750336,1
2013-01-13 03:55:00,-73.986992,40.760151,1
2013-01-13 03:55:00,-73.98629,40.734718,1
2013-01-13 03:55:00,-73.993996,40.740971,1
2013-01-13 03:55:00,-74.005341,40.741035,3
2013-01-13 10:15:00,-73.870773,40.773701,1
2013-01-13 10:29:00,-73.978622,40.7855,2
2013-01-13 10:06:00,-73.986595,40.758636,1
2013-01-13 10:28:00,-73.994659,40.725914,1
2013-01-13 10:24:00,-73.97316,40.785316,1
2013-01-13 10:24:00,-74.009666,40.715199,1
2013-01-13 09:17:00,-73.997108,40.722374,1
2013-01-13 09:11:00,-73.975594,40.761627,1
2013-01-13 09:14:00,-73.957504,40.774334,5
2013-01-13 09:10:00,-73.959869,40.776485,3
2013-01-13 09:17:00,-73.988068,40.738274,5
2013-01-13 09:05:00,-74.01757,40.707989,2
2013-01-13 09:19:00,-73.978416,40.788303,6
2013-01-13 09:02:00,-73.993462,40.758587,4
2013-01-13 09:15:00,-73.984367,40.740017,1
2013-01-13 09:11:00,-73.982483,40.775681,1
2013-01-13 09:16:00,-73.962448,40.802341,2
2013-01-13 09:13:00,-73.978317,40.729053,2
2013-01-13 09:21:00,-73.97654,40.77673,2
2013-01-13 09:18:00,-73.960281,40.766205,2
2013-01-13 09:14:00,-73.959007,40.815025,1
2013-01-13 09:05:00,-73.870316,40.77338,1
2013-01-13 09:13:00,-73.973557,40.759701,5
2013-01-13 09:19:00,-73.992424,40.73418,1
2013-01-13 10:39:00,-73.920494,40.743576,5
2013-01-13 10:22:00,-73.981834,40.765587,3
2013-01-13 10:40:00,-73.983757,40.7607,1
2013-01-13 09:17:00,-74.000252,40.742882,1
2013-01-13 09:05:00,-73.997559,40.750725,5
2013-01-13 09:15:00,-73.990028,40.759861,1
2013-01-13 09:14:00,-73.980225,40.770344,1
2013-01-13 09:20:00,-73.957664,40.774639,2
2013-01-13 09:16:00,-73.953941,40.779854,6
2013-01-13 09:00:00,-73.997353,40.736511,3
2013-01-13 09:13:00,-73.918907,40.769386,1
2013-01-13 09:17:00,-73.958519,40.800732,4
2013-01-13 09:27:00,-73.956085,40.779785,1
2013-01-13 09:29:00,-73.982262,40.762177,1
2013-01-13 09:17:00,-74.004089,40.707588,5
2013-01-13 09:15:00,-73.972549,40.74678,1
2013-01-13 09:24:00,-73.945297,40.783367,1
2013-01-13 09:20:00,-73.969444,40.790253,2
2013-01-13 09:07:00,-73.987831,40.719856,1
2013-01-13 09:23:00,-73.985626,40.778423,5
2013-01-13 09:23:00,-73.989037,40.758877,1
2013-01-13 09:21:00,-73.953613,40.779343,5
2013-01-13 09:25:00,-74.001122,40.749062,1
2013-01-13 09:18:00,-73.951828,40.773621,6
2013-01-13 07:40:00,-74.00412,40.721962,1
2013-01-13 03:54:00,-73.997154,40.722061,1
2013-01-13 03:52:00,-74.000816,40.742161,6
2013-01-13 03:44:00,-73.978264,40.745548,6
2013-01-13 04:01:00,-73.987823,40.738091,3
2013-01-13 03:57:00,-73.984154,40.740246,2
2013-01-13 03:32:00,-73.781883,40.644688,1
2013-01-13 03:51:00,-74.004997,40.741467,1
2013-01-13 03:56:00,-73.95034,40.722786,1
2013-01-13 04:01:00,-74.005615,40.726303,1
2013-01-13 04:00:00,-74.002563,40.739647,2
2013-01-13 04:02:00,-73.967026,40.760696,1
2013-01-13 04:03:00,-73.987701,40.718281,2
2013-01-13 04:02:00,-73.992096,40.763992,1
2013-01-13 03:58:00,-73.982826,40.677551,1
2013-01-13 04:08:00,-73.983307,40.726715,1
2013-01-13 03:59:00,-74.003967,40.732925,1
2013-01-13 03:54:00,-74.000099,40.738754,5
2013-01-13 04:03:00,-73.992393,40.741035,1
2013-01-13 04:02:00,-74.006592,40.744183,1
2013-01-13 03:56:00,-73.968399,40.750725,1
2013-01-13 03:57:00,-73.992538,40.741222,5
2013-01-13 03:48:00,-73.962242,40.804489,1
2013-01-13 08:42:00,-73.984383,40.72876,1
2013-01-13 08:37:00,-74.000076,40.721764,1
2013-01-13 08:38:00,-73.95208,40.824467,3
2013-01-13 10:26:00,-73.991707,40.726303,6
2013-01-13 10:25:00,-73.972054,40.757198,1
2013-01-13 10:34:00,-73.948494,40.774143,1
2013-01-13 10:39:00,-73.991936,40.743992,2
2013-01-13 10:37:00,-73.981987,40.749447,5
2013-01-13 10:30:00,0.0,0.0,6
2013-01-13 10:30:00,-73.952316,40.803181,5
2013-01-13 10:32:00,-73.964172,40.771027,1
2013-01-13 10:29:00,-73.996262,40.726189,1
2013-01-13 10:33:00,-73.992081,40.764248,2
2013-01-13 10:16:00,-73.781715,40.644753,1
2013-01-13 10:40:00,-73.982155,40.773861,5
2013-01-13 10:38:00,-73.952499,40.798264,1
2013-01-13 09:16:00,-73.971298,40.760635,1
2013-01-13 09:09:00,-73.952454,40.778221,6
2013-01-13 09:12:00,-73.964912,40.766586,5
2013-01-13 09:14:00,-73.97451,40.787518,1
2013-01-13 09:15:00,-73.98632,40.759327,1
2013-01-13 09:10:00,-73.988953,40.721676,6
2013-01-13 09:18:00,-73.964035,40.761242,1
2013-01-13 09:08:00,-73.996254,40.686279,1
2013-01-13 09:18:00,-73.955299,40.767818,1
2013-01-13 09:12:00,-73.963829,40.774372,1
2013-01-13 09:16:00,-74.009171,40.703693,1
2013-01-13 09:24:00,-73.986305,40.7523,1
2013-01-13 10:26:00,-73.993919,40.762047,1
2013-01-13 10:26:00,-73.957939,40.779324,5
2013-01-13 10:27:00,-73.991188,40.770157,4
2013-01-13 09:57:00,-73.974228,40.742733,1
2013-01-13 10:20:00,-73.978554,40.742805,1
2013-01-13 10:28:00,-73.979378,40.784958,2
2013-01-13 10:25:00,-73.994202,40.746021,2
2013-01-13 10:07:00,-73.995705,40.716454,5
2013-01-15 08:05:00,0.0,0.0,1
2013-01-13 10:30:00,-73.997993,40.743538,1
2013-01-13 10:21:00,-73.974564,40.745972,1
2013-01-13 10:24:00,-73.966125,40.761768,1
2013-01-13 10:26:00,-73.968384,40.769604,2
2013-01-13 10:26:00,-73.974571,40.758438,1
2013-01-13 10:23:00,-73.958725,40.815399,5
2013-01-13 10:26:00,-73.99884,40.749813,1
2013-01-13 10:22:00,-73.994896,40.760529,5
2013-01-13 10:24:00,-73.973717,40.758125,1
2013-01-13 10:23:00,-74.005722,40.741238,6
2013-01-13 10:22:00,-73.991577,40.736259,5
2013-01-13 10:09:00,-73.955032,40.820316,1
2013-01-13 06:27:00,-73.987282,40.743984,4
2013-01-13 06:30:00,-73.982376,40.758507,1
2013-01-13 06:29:00,-73.99086,40.730206,5
2013-01-13 06:29:00,0.0,0.0,1
2013-01-13 06:27:00,-74.001251,40.727711,1
2013-01-13 08:35:00,-73.92881,40.763054,1
2013-01-13 08:49:00,-73.999062,40.742195,1
2013-01-13 08:38:00,-74.007515,40.732971,5
2013-01-13 08:46:00,-74.00602,40.717243,3
2013-01-13 08:44:00,-73.959183,40.777443,1
2013-01-13 08:39:00,-73.969719,40.757298,6
2013-01-13 08:48:00,-73.985046,40.728909,1
2013-01-13 08:51:00,-73.970825,40.798134,1
2013-01-13 08:52:00,-73.991707,40.750092,1
2013-01-13 08:51:00,-73.997856,40.740841,1
2013-01-13 08:56:00,-73.993294,40.736603,1
2013-01-13 08:48:00,-73.980782,40.782661,1
2013-01-13 08:50:00,-73.971252,40.787739,1
2013-01-13 08:52:00,-73.987167,40.734097,2
2013-01-13 08:56:00,-73.968536,40.754726,3
2013-01-13 08:48:00,-73.967079,40.763657,5
2013-01-13 08:49:00,-73.948334,40.770947,6
2013-01-13 08:52:00,-73.985619,40.768719,1
2013-01-13 08:52:00,-73.999535,40.74379,1
2013-01-13 08:43:00,-73.988419,40.718712,1
2013-01-13 08:50:00,-73.995461,40.752914,6
2013-01-13 08:47:00,-73.982094,40.745892,1
2013-01-13 08:52:00,-73.990173,40.762058,6
2013-01-13 08:44:00,-73.978241,40.719898,1
2013-01-13 06:11:00,-74.005219,40.722992,1
2013-01-13 06:31:00,-74.005592,40.726723,1
2013-01-13 06:28:00,-73.986214,40.726437,1
2013-01-13 06:40:00,-73.986954,40.722336,3
2013-01-13 06:32:00,-73.981743,40.740742,4
2013-01-13 06:26:00,-73.987564,40.761448,1
2013-01-13 06:21:00,-74.009918,40.712891,1
2013-01-13 06:25:00,-73.970848,40.76173,6
2013-01-13 06:33:00,-73.789841,40.646847,1
2013-01-13 06:37:00,-73.986504,40.751438,1
2013-01-13 06:37:00,-73.975418,40.758369,5
2013-01-13 06:51:00,-73.980942,40.742222,1
2013-01-13 06:52:00,-73.984566,40.748791,1
2013-01-13 06:39:00,-73.96814,40.786415,1
2013-01-13 06:50:00,-73.945648,40.812668,5
2013-01-13 06:48:00,-73.989311,40.773338,1
2013-01-13 06:45:00,-73.947624,40.779549,1
2013-01-13 06:48:00,-73.986862,40.765778,1
2013-01-13 06:54:00,-73.983231,40.760036,1
2013-01-13 06:50:00,-73.983665,40.755615,5
2013-01-13 06:53:00,-74.159859,40.709873,1
2013-01-13 06:55:00,-73.978569,40.75724,6
2013-01-13 06:57:00,0.0,0.0,1
2013-01-13 07:00:00,-73.893051,40.766788,1
2013-01-13 06:58:00,-73.953117,40.807491,1
2013-01-13 10:29:00,-73.96096,40.778023,1
2013-01-13 06:21:00,-73.967949,40.801414,1
2013-01-13 06:15:00,-73.933586,40.763199,1
2013-01-13 06:40:00,-73.97953,40.761356,1
2013-01-13 06:10:00,-74.00312,40.73336,3
2013-01-13 06:04:00,-73.789261,40.641842,5
2013-01-13 06:22:00,-73.952637,40.805851,1
2013-01-13 06:09:00,-74.000755,40.752426,1
2013-01-13 06:34:00,-73.99971,40.733242,1
2013-01-13 06:35:00,-73.948669,40.777699,1
2013-01-13 06:14:00,-74.015213,40.709549,5
2013-01-13 06:38:00,-73.979408,40.727482,2
2013-01-13 06:39:00,-74.000099,40.761051,1
2013-01-13 06:38:00,-73.978325,40.783298,6
2013-01-13 06:48:00,-74.00399,40.742836,1
2013-01-13 06:22:00,-73.782127,40.644619,6
2013-01-13 06:44:00,-74.002632,40.728546,1
2013-01-13 06:49:00,-73.96685,40.764088,2
2013-01-13 06:44:00,-73.990295,40.757271,1
2013-01-13 06:47:00,-73.928879,40.762604,1
2013-01-13 06:29:00,-73.776855,40.645973,1
2013-01-13 06:51:00,0.0,0.0,5
2013-01-13 06:50:00,-73.947929,40.782536,2
2013-01-13 06:55:00,-74.008781,40.711067,1
2013-01-13 10:27:00,-73.952225,40.772976,1
2013-01-13 10:24:00,-73.955276,40.788536,1
2013-01-13 10:30:00,-73.966347,40.794544,5
2013-01-13 10:22:00,-73.986656,40.721478,1
2013-01-13 10:24:00,-73.995758,40.749477,5
2013-01-13 10:17:00,-73.975975,40.744541,1
2013-01-13 10:24:00,-73.97773,40.742184,5
2013-01-13 10:21:00,-73.998962,40.744736,5
2013-01-13 10:27:00,-74.010979,40.716507,1
2013-01-13 10:24:00,-74.003113,40.733135,3
2013-01-13 10:27:00,-74.000763,40.7579,2
2013-01-13 10:25:00,-74.000053,40.738083,1
2013-01-13 10:32:00,-73.939056,40.816338,1
2013-01-13 10:22:00,-74.01548,40.711109,6
2013-01-13 06:31:00,-73.99807,40.763248,1
2013-01-13 06:43:00,-73.981628,40.752281,5
2013-01-13 06:03:00,-73.996735,40.763176,5
2013-01-13 06:33:00,-73.94696,40.791363,1
2013-01-13 06:19:00,-74.012527,40.704262,1
2013-01-13 06:38:00,0.0,0.0,5
2013-01-13 06:37:00,-73.982132,40.731911,2
2013-01-13 06:48:00,-73.983162,40.744602,1
2013-01-13 06:47:00,-73.966736,40.752991,2
2013-01-13 06:43:00,-73.974716,40.746288,6
2013-01-13 08:56:00,-73.964447,40.792137,1
2013-01-13 08:23:00,-73.949333,40.776943,1
2013-01-13 08:52:00,-73.980164,40.783794,1
2013-01-13 08:53:00,-73.992043,40.764214,1
2013-01-13 08:48:00,-74.001221,40.736374,1
2013-01-13 08:55:00,-73.972969,40.793198,5
2013-01-13 09:02:00,-73.96344,40.762016,2
2013-01-13 08:57:00,-73.991959,40.742416,6
2013-01-13 08:41:00,-73.996277,40.759487,1
2013-01-13 09:03:00,-73.978722,40.744896,1
2013-01-13 03:49:00,-73.968163,40.759037,6
2013-01-13 03:33:00,-73.983826,40.725536,1
2013-01-13 03:39:00,-73.98259,40.723087,1
2013-01-13 03:40:00,-74.006073,40.742142,1
2013-01-13 03:49:00,-73.975029,40.761597,1
2013-01-13 02:48:00,-73.99057,40.732876,5
2013-01-13 03:05:00,-73.99044,40.730537,1
2013-01-13 03:07:00,-73.983459,40.726166,1
2013-01-13 03:00:00,-73.99221,40.725212,1
2013-01-13 03:05:00,-74.006607,40.74387,1
2013-01-13 03:11:00,-73.988846,40.747852,2
2013-01-13 03:09:00,-73.990883,40.728168,1
2013-01-13 02:50:00,-73.989426,40.726254,6
2013-01-13 03:04:00,-73.998985,40.745575,4
2013-01-13 03:05:00,0.0,0.0,3
2013-01-13 06:54:00,-73.977486,40.732559,1
2013-01-13 06:56:00,-73.996277,40.727154,6
2013-01-13 07:02:00,-73.994682,40.718529,1
2013-01-13 06:58:00,-73.967903,40.800903,1
2013-01-13 06:57:00,-73.955872,40.778179,5
2013-01-13 06:16:00,-73.781853,40.644707,1
2013-01-13 09:21:00,-73.975021,40.790325,1
2013-01-13 09:23:00,-73.96106,40.769001,1
2013-01-13 08:58:00,-73.988197,40.759171,1
2013-01-13 09:17:00,-74.007423,40.732212,2
2013-01-13 09:15:00,-73.953102,40.791618,1
2013-01-13 09:26:00,-73.979019,40.787426,1
2013-01-13 09:22:00,-73.98848,40.764191,1
2013-01-13 09:26:00,-73.980499,40.742409,1
2013-01-13 09:23:00,-73.959229,40.759312,1
2013-01-13 09:23:00,-73.982346,40.773266,1
2013-01-13 09:09:00,-73.988953,40.757835,3
2013-01-13 09:26:00,-73.949127,40.773224,1
2013-01-13 07:34:00,-73.917641,40.7705,1
2013-01-13 07:47:00,-73.982193,40.756462,2
2013-01-13 07:44:00,-73.976151,40.744442,5
2013-01-13 07:54:00,-73.956131,40.784618,4
2013-01-13 07:55:00,-73.992096,40.756783,6
2013-01-13 07:26:00,-73.983734,40.726185,5
2013-01-13 07:53:00,-73.982208,40.74007,3
2013-01-13 10:32:00,-73.972351,40.752148,6
2013-01-13 10:33:00,-73.9981,40.745907,1
2013-01-13 10:33:00,-73.982727,40.7649,1
2013-01-13 10:32:00,-73.981316,40.753002,1
2013-01-13 10:28:00,-74.00901,40.704262,2
2013-01-13 10:36:00,-73.994598,40.740253,2
2013-01-13 09:26:00,-73.981087,40.764111,1
2013-01-13 09:25:00,-73.967674,40.756012,1
2013-01-13 09:16:00,-73.941628,40.843525,1
2013-01-13 09:15:00,-73.988281,40.718739,5
2013-01-13 09:21:00,-73.992577,40.742931,1
2013-01-13 09:08:00,-73.95433,40.805767,1
2013-01-13 09:21:00,-73.997185,40.721878,6
2013-01-13 09:13:00,-73.77684,40.645081,1
2013-01-13 07:41:00,-73.95697,40.783131,2
2013-01-13 07:52:00,-73.984581,40.75491,1
2013-01-13 07:46:00,-73.957886,40.773315,1
2013-01-13 07:44:00,-73.968925,40.672211,4
2013-01-13 07:49:00,-73.983551,40.755962,1
2013-01-13 07:45:00,-73.899506,40.746052,1
2013-01-13 07:43:00,-73.975143,40.757732,1
2013-01-13 07:53:00,-73.984344,40.737068,1
2013-01-13 07:52:00,-73.944099,40.775784,5
2013-01-13 07:48:00,-73.956337,40.77845,6
2013-01-13 07:55:00,-73.960754,40.769638,5
2013-01-13 10:28:00,-73.985001,40.748253,1
2013-01-13 10:14:00,-73.946594,40.780788,1
2013-01-13 10:34:00,-73.971069,40.752693,1
2013-01-13 10:29:00,-73.991806,40.750675,1
2013-01-13 10:32:00,-74.008408,40.704266,6
2013-01-13 10:27:00,-73.993225,40.742416,1
2013-01-13 10:30:00,0.0,0.0,2
2013-01-13 10:32:00,0.0,0.0,1
2013-01-13 06:24:00,-73.91497,40.764015,1
2013-01-13 06:33:00,-73.951576,40.770126,5
2013-01-13 06:19:00,-73.969872,40.789745,1
2013-01-13 06:34:00,-74.005875,40.735958,1
2013-01-13 06:29:00,-73.974632,40.79097,5
2013-01-13 06:37:00,-73.98011,40.783974,1
2013-01-13 06:37:00,-73.993423,40.733334,5
2013-01-13 06:40:00,-73.993767,40.751671,4
2013-01-13 06:43:00,-73.974541,40.758026,1
2013-01-13 06:53:00,-73.996994,40.742413,1
2013-01-13 06:47:00,-73.942696,40.747326,2
2013-01-13 06:51:00,-73.985733,40.767525,1
2013-01-13 06:58:00,-73.953056,40.776749,6
2013-01-13 06:55:00,-73.975243,40.729206,2
2013-01-13 06:36:00,-73.781845,40.644772,1
2013-01-13 06:51:00,-74.004044,40.720806,1
2013-01-13 06:58:00,-73.990181,40.729046,1
2013-01-13 10:35:00,-73.950981,40.771774,5
2013-01-13 10:28:00,-73.997734,40.756573,6
2013-01-13 10:30:00,-73.966034,40.794945,6
2013-01-13 10:12:00,-73.984489,40.756725,1
2013-01-13 10:31:00,-73.977348,40.764309,5
2013-01-13 10:32:00,-73.992073,40.756107,1
2013-01-13 10:33:00,-74.004936,40.725578,1
2013-01-13 10:20:00,-73.964981,40.772495,5
2013-01-13 10:32:00,-73.969398,40.759712,2
2013-01-15 14:36:00,-74.000626,40.721107,2
2013-01-13 10:32:00,-73.978462,40.785851,2
2013-01-13 10:23:00,-73.985878,40.758987,4
2013-01-13 10:15:00,-73.979065,40.754196,1
2013-01-13 10:36:00,-73.983589,40.750465,6
2013-01-13 10:32:00,-73.966347,40.7658,1
2013-01-13 10:22:00,-73.939644,40.851563,2
2013-01-13 10:32:00,-73.971947,40.762642,3
2013-01-13 06:37:00,-73.991364,40.751125,5
2013-01-13 06:37:00,-74.000717,40.732014,2
2013-01-13 06:22:00,-73.947327,40.703571,1
2013-01-13 06:38:00,-73.949295,40.79715,1
2013-01-13 06:50:00,-73.976898,40.747536,1
2013-01-13 06:55:00,-73.950989,40.774494,4
2013-01-13 06:32:00,-73.969597,40.757053,1
2013-01-13 06:51:00,-73.999924,40.733047,1
2013-01-13 10:28:00,-73.934029,40.802387,1
2013-01-13 10:11:00,-73.962234,40.719738,6
2013-01-13 10:22:00,-73.976433,40.747982,6
2013-01-13 10:24:00,-73.949722,40.784603,1
2013-01-13 09:53:00,-74.006721,40.735992,6
2013-01-13 10:27:00,-73.97683,40.744572,2
2013-01-13 10:17:00,-73.984367,40.745232,4
2013-01-13 10:22:00,-73.992065,40.731316,5
2013-01-13 10:30:00,-73.999138,40.734211,1
2013-01-13 10:26:00,-73.991119,40.729805,1
2013-01-13 10:35:00,0.0,0.0,1
2013-01-13 10:32:00,-73.982254,40.765423,1
2013-01-13 10:34:00,-74.000099,40.732903,1
2013-01-13 10:29:00,-73.966286,40.794369,3
2013-01-13 09:30:00,-73.955299,40.788509,2
2013-01-13 09:22:00,-73.993324,40.733307,1
2013-01-13 09:31:00,-73.997665,40.683723,1
2013-01-13 09:26:00,-73.96032,40.766071,1
2013-01-13 09:19:00,-74.003586,40.748398,1
2013-01-13 09:25:00,-74.017418,40.706963,1
2013-01-13 09:26:00,-74.004112,40.752789,1
2013-01-13 09:23:00,-73.978767,40.777229,5
2013-01-13 09:29:00,-73.948654,40.788914,5
2013-01-13 09:30:00,-73.954124,40.806286,1
2013-01-13 09:21:00,-73.993073,40.752773,1
2013-01-13 09:20:00,-73.959824,40.813911,1
2013-01-13 09:24:00,-73.974602,40.751148,1
2013-01-13 09:20:00,-74.010887,40.715412,4
2013-01-13 09:08:00,-74.004501,40.752178,1
2013-01-13 09:30:00,-73.973816,40.763203,5
2013-01-13 09:20:00,-73.988068,40.746143,5
2013-01-13 09:19:00,-73.962448,40.773064,2
2013-01-13 09:22:00,-73.979408,40.761383,1
2013-01-13 07:50:00,-73.960663,40.778477,1
2013-01-13 07:50:00,-73.980278,40.785675,5
2013-01-13 07:48:00,-74.003105,40.717911,1
2013-01-13 07:53:00,-74.008308,40.716549,5
2013-01-13 07:48:00,-73.963707,40.774292,6
2013-01-13 07:41:00,-73.904778,40.741661,1
2013-01-13 07:44:00,-73.946442,40.806492,6
2013-01-13 07:49:00,-73.997231,40.737637,2
2013-01-13 07:50:00,-74.008041,40.744926,1
2013-01-13 07:46:00,-73.95575,40.776379,1
2013-01-13 07:53:00,-73.96476,40.764248,2
2013-01-13 07:42:00,-73.78199,40.644661,1
2013-01-13 07:49:00,-73.968636,40.766422,1
2013-01-13 07:49:00,-74.001015,40.747147,4
2013-01-13 07:46:00,-73.950928,40.782665,1
2013-01-13 09:27:00,-73.982101,40.777378,5
2013-01-13 07:37:00,-73.989136,40.747871,1
2013-01-13 07:41:00,-73.870895,40.77375,1
2013-01-13 07:34:00,-73.978706,40.764042,1
2013-01-13 07:44:00,-74.003517,40.732449,3
2013-01-13 07:47:00,-73.977837,40.778698,1
2013-01-13 07:43:00,-74.000504,40.721073,3
2013-01-13 07:48:00,0.0,0.0,4
2013-01-13 08:03:00,-73.941887,40.723507,1
2013-01-13 07:43:00,-73.952507,40.780952,5
2013-01-13 07:52:00,-73.99337,40.762897,5
2013-01-13 07:58:00,-73.982513,40.762405,6
2013-01-13 07:59:00,0.0,0.0,1
2013-01-13 07:58:00,0.0,0.0,1
2013-01-13 07:51:00,-73.980675,40.733833,1
2013-01-13 07:51:00,-73.989441,40.719048,1
2013-01-13 06:53:00,-73.988815,40.763378,3
2013-01-13 06:44:00,-74.168175,40.712399,1
2013-01-13 06:39:00,-73.9832,40.738041,2
2013-01-13 06:45:00,-73.953918,40.764038,2
2013-01-13 06:48:00,-73.947777,40.790352,1
2013-01-13 06:44:00,-73.949486,40.784931,4
2013-01-13 06:49:00,-73.947433,40.79076,1
2013-01-13 06:49:00,-73.986107,40.759377,1
2013-01-13 06:54:00,-73.98053,40.747391,1
2013-01-13 06:49:00,-73.953445,40.775341,6
2013-01-13 09:16:00,-74.011887,40.706779,2
2013-01-13 09:18:00,-73.977074,40.733902,2
2013-01-13 09:25:00,-73.959534,40.770786,5
2013-01-13 09:17:00,-73.967186,40.803738,1
2013-01-13 09:22:00,-73.956802,40.771481,5
2013-01-13 07:46:00,0.0,0.0,6
2013-01-13 07:48:00,-73.993004,40.719574,1
2013-01-13 07:48:00,-73.980522,40.730434,1
2013-01-13 07:33:00,-73.789658,40.643276,1
2013-01-13 07:50:00,-73.955788,40.767933,1
2013-01-13 07:35:00,-73.95742,40.774597,5
2013-01-13 07:47:00,-73.986038,40.762184,5
2013-01-13 07:48:00,-73.987343,40.760529,1
2013-01-13 07:45:00,-73.971542,40.757084,5
2013-01-13 07:45:00,-74.002693,40.733433,1
2013-01-13 07:50:00,-73.985474,40.726913,5
2013-01-13 07:53:00,-73.979385,40.767017,6
2013-01-13 07:58:00,-73.979729,40.782066,4
2013-01-13 06:43:00,-74.000626,40.711124,1
2013-01-13 06:41:00,-73.968826,40.758183,1
2013-01-13 06:52:00,-73.969872,40.785545,1
2013-01-13 06:48:00,-73.947029,40.784592,1
2013-01-13 06:56:00,-74.006813,40.735771,1
2013-01-13 06:39:00,-73.925369,40.744167,1
2013-01-13 06:53:00,-73.986977,40.761837,2
2013-01-13 10:33:00,-74.001762,40.730598,1
2013-01-13 10:32:00,-73.978622,40.747871,5
2013-01-13 10:34:00,-73.952843,40.76815,1
2013-01-13 10:26:00,-74.008163,40.737427,1
2013-01-13 10:14:00,-73.871017,40.773804,2
2013-01-13 10:27:00,-73.956551,40.779461,1
2013-01-13 07:44:00,-73.97612,40.752537,3
2013-01-13 07:47:00,-73.976753,40.743504,2
2013-01-13 07:49:00,-74.00322,40.74744,1
2013-01-13 07:57:00,-73.998665,40.761276,5
2013-01-13 07:20:00,-73.98214,40.761238,1
2013-01-13 07:52:00,-73.994705,40.75946,2
2013-01-13 07:50:00,-73.952888,40.783291,6
2013-01-13 08:00:00,-73.9813,40.752174,4
2013-01-13 08:02:00,-73.976967,40.75861,1
2013-01-13 07:41:00,-73.77684,40.645363,1
2013-01-13 08:06:00,0.0,0.0,1
2013-01-13 08:06:00,-73.964417,40.767197,1
2013-01-13 07:51:00,-73.781845,40.644825,1
2013-01-13 07:59:00,-73.962013,40.75993,1
2013-01-13 08:08:00,-73.993179,40.752682,1
2013-01-13 08:05:00,-73.980896,40.733646,2
2013-01-13 08:00:00,-73.959122,40.774666,6
2013-01-13 07:58:00,-73.972008,40.754711,5
2013-01-13 10:19:00,-73.959816,40.710991,5
2013-01-13 10:26:00,-73.977394,40.738361,1
2013-01-13 10:20:00,-73.981987,40.740467,1
2013-01-13 10:25:00,-73.965324,40.753513,1
2013-01-13 10:27:00,-73.955193,40.780426,1
2013-01-13 10:33:00,-73.95813,40.778946,1
2013-01-13 10:26:00,-73.949081,40.788376,6
2013-01-13 10:30:00,-73.945168,40.778732,1
2013-01-13 07:46:00,-73.99379,40.744267,3
2013-01-13 07:25:00,-73.789185,40.646729,1
2013-01-13 07:39:00,-73.951805,40.714081,6
2013-01-13 07:54:00,-74.004257,40.707531,2
2013-01-13 08:00:00,-73.985481,40.768749,1
2013-01-13 08:06:00,-73.970802,40.793404,1
2013-01-13 07:44:00,-73.782394,40.646862,2
2013-01-13 07:52:00,-73.950813,40.714134,1
2013-01-13 08:04:00,-73.988068,40.740005,6
2013-01-13 08:04:00,-73.979156,40.761902,3
2013-01-13 07:42:00,-73.78949,40.646645,1
2013-01-13 08:01:00,-73.938438,40.796207,1
2013-01-13 08:11:00,-73.981674,40.775581,6
2013-01-13 08:05:00,-73.955673,40.772629,5
2013-01-13 08:06:00,-73.982994,40.726688,1
2013-01-13 08:10:00,-73.980171,40.763897,1
2013-01-13 10:33:00,-73.985062,40.723923,5
2013-01-13 10:22:00,-73.98452,40.767693,3
2013-01-13 10:26:00,-73.952568,40.772068,3
2013-01-13 10:34:00,-74.000381,40.74258,2
2013-01-13 09:10:00,-73.973526,40.755558,1
2013-01-13 09:11:00,-73.967316,40.63438,1
2013-01-13 09:17:00,-73.989235,40.747303,1
2013-01-13 09:07:00,-73.989456,40.734287,1
2013-01-13 09:20:00,-73.973701,40.747784,1
2013-01-13 09:16:00,-73.971458,40.751274,2
2013-01-13 09:15:00,-73.965347,40.777897,6
2013-01-13 08:58:00,-73.987381,40.760666,4
2013-01-13 09:15:00,-73.981476,40.741047,6
2013-01-13 09:22:00,-73.99929,40.743858,1
2013-01-13 09:25:00,-73.986725,40.73394,2
2013-01-13 09:21:00,-73.999336,40.738934,2
2013-01-13 09:22:00,-74.00647,40.744617,1
2013-01-13 09:20:00,-73.954926,40.763752,1
2013-01-13 09:21:00,-73.962402,40.799992,1
2013-01-13 09:10:00,-73.980247,40.661221,1
2013-01-13 09:21:00,-73.989471,40.762913,5
2013-01-13 09:15:00,-73.974106,40.750214,1
2013-01-13 09:06:00,-73.96846,40.750061,3
2013-01-13 09:10:00,-73.939194,40.799252,1
2013-01-13 09:11:00,-73.909142,40.775043,2
2013-01-13 10:14:00,-73.885292,40.773129,1
2013-01-13 10:33:00,-73.99482,40.750587,1
2013-01-13 09:19:00,-73.950012,40.79575,1
2013-01-13 09:12:00,-73.951584,40.773808,1
2013-01-13 09:20:00,-74.007141,40.748863,1
2013-01-13 09:13:00,-73.980942,40.763783,1
2013-01-13 09:26:00,-73.992523,40.758396,1
2013-01-13 09:16:00,-73.977684,40.732761,1
2013-01-13 07:48:00,-73.870819,40.73394,1
2013-01-13 07:48:00,-74.000755,40.742027,1
2013-01-13 07:23:00,-73.782188,40.644642,1
2013-01-13 07:30:00,-73.782135,40.644497,1
2013-01-13 07:40:00,-73.972916,40.755787,6
2013-01-13 07:46:00,-73.949234,40.807831,6
2013-01-13 07:39:00,-73.982208,40.764828,1
2013-01-13 07:57:00,-73.965179,40.763622,1
2013-01-13 07:52:00,-73.961647,40.713985,1
2013-01-13 07:46:00,-73.995705,40.725113,6
2013-01-13 07:47:00,-73.976593,40.750015,1
2013-01-13 07:49:00,-73.975571,40.732765,5
2013-01-13 08:01:00,-73.974945,40.757904,1
2013-01-13 07:50:00,-74.013168,40.715843,2
2013-01-13 07:37:00,-73.776924,40.646164,6
2013-01-13 07:46:00,-74.004257,40.725521,1
2013-01-13 08:00:00,-73.977486,40.754593,1
2013-01-13 10:14:00,-73.964783,40.806931,5
2013-01-13 10:34:00,-73.99147,40.750546,1
2013-01-13 10:29:00,-73.987068,40.761208,2
2013-01-13 10:28:00,-73.969437,40.753765,1
2013-01-13 10:34:00,-73.973511,40.786972,2
2013-01-13 10:26:00,-73.996666,40.723732,5
2013-01-13 10:27:00,-74.000832,40.757992,3
2013-01-13 10:31:00,-73.980179,40.722237,1
2013-01-13 10:22:00,-73.984444,40.739586,5
2013-01-13 10:24:00,-73.975128,40.758007,6
2013-01-13 10:33:00,-73.98835,40.748638,2
2013-01-13 09:25:00,-73.971191,40.763416,3
2013-01-13 10:33:00,-73.96331,40.771954,1
2013-01-13 10:26:00,-73.999077,40.761703,2
2013-01-13 10:33:00,-73.958832,40.764004,1
2013-01-13 10:33:00,-73.963188,40.798992,4
2013-01-13 10:40:00,0.0,0.0,1
2013-01-13 10:34:00,-74.000481,40.675301,1
2013-01-13 10:35:00,-73.977463,40.751236,1
2013-01-13 10:26:00,-73.979462,40.784672,1
2013-01-13 10:39:00,-73.993095,40.753601,5
2013-01-13 10:44:00,-73.991066,40.727795,1
2013-01-13 09:20:00,-73.99614,40.732296,1
2013-01-13 09:20:00,-73.982063,40.757027,1
2013-01-13 09:22:00,-73.999825,40.733116,2
2013-01-13 07:45:00,-73.936661,40.803993,1
2013-01-13 06:46:00,-73.988754,40.723091,3
2013-01-13 06:35:00,-73.974426,40.755894,5
2013-01-13 06:39:00,-73.933044,40.697796,6
2013-01-13 06:53:00,-73.979782,40.781479,1
2013-01-13 06:55:00,-73.968567,40.799175,6
2013-01-13 06:38:00,-73.95929,40.774372,1
2013-01-13 06:39:00,-73.785812,40.645668,1
2013-01-13 06:48:00,-73.965027,40.757271,1
2013-01-13 06:57:00,-73.982925,40.747269,1
2013-01-13 06:56:00,-73.989929,40.756966,1
2013-01-13 06:56:00,-73.974533,40.764618,1
2013-01-13 06:39:00,-73.987358,40.760563,1
2013-01-13 06:55:00,-73.969749,40.757225,1
2013-01-13 06:47:00,-73.999832,40.717834,5
2013-01-13 06:41:00,-73.789223,40.646938,2
2013-01-13 07:02:00,-73.952492,40.789749,1
2013-01-13 06:48:00,-73.782211,40.64452,3
2013-01-13 06:56:00,-73.978767,40.753563,1
2013-01-13 06:53:00,-73.988976,40.778667,2
2013-01-13 07:13:00,-74.000229,40.742828,1
2013-01-13 06:53:00,-74.008919,40.73877,1
2013-01-13 06:32:00,-73.992912,40.752956,6
2013-01-13 07:03:00,-73.982368,40.731396,1
2013-01-13 07:17:00,-73.981567,40.745655,3
2013-01-13 06:59:00,-73.984604,40.76173,1
2013-01-13 07:51:00,-73.993111,40.736732,2
2013-01-13 07:41:00,-73.988739,40.693558,1
2013-01-13 07:47:00,-73.954376,40.774441,1
2013-01-13 07:54:00,0.0,0.0,1
2013-01-13 07:49:00,-74.003983,40.725403,6
2013-01-13 07:43:00,-73.983711,40.726124,1
2013-01-13 07:49:00,-73.997124,40.736694,1
2013-01-13 07:51:00,-73.961945,40.763844,1
2013-01-13 07:47:00,-73.968506,40.759117,1
2013-01-13 08:06:00,-73.96817,40.786625,2
2013-01-13 07:55:00,-73.94632,40.780823,1
2013-01-13 08:09:00,-73.983002,40.762707,3
2013-01-13 07:59:00,-73.988365,40.718739,2
2013-01-13 08:04:00,-73.984901,40.751152,1
2013-01-13 08:08:00,-73.958473,40.768917,1
2013-01-13 08:09:00,-74.001945,40.740482,1
2013-01-13 08:08:00,-73.978897,40.766804,5
2013-01-13 07:49:00,-73.976547,40.732384,1
2013-01-13 09:05:00,-73.993324,40.72224,1
2013-01-13 09:22:00,-74.008484,40.720242,1
2013-01-13 09:27:00,-73.984756,40.762486,1
2013-01-13 09:34:00,-73.999939,40.738243,5
2013-01-13 09:33:00,-73.981071,40.781906,1
2013-01-13 09:26:00,-74.004265,40.725548,1
2013-01-13 09:33:00,-74.00441,40.747841,1
2013-01-13 06:49:00,-73.98542,40.738682,1
2013-01-13 06:56:00,-73.949364,40.776627,6
2013-01-13 06:55:00,-73.992027,40.725456,1
2013-01-13 06:33:00,-73.776703,40.645355,1
2013-01-13 06:53:00,-73.976906,40.79018,1
2013-01-13 07:00:00,-73.951508,40.785221,1
2013-01-13 06:56:00,-73.952904,40.791962,1
2013-01-13 07:00:00,-73.994247,40.751839,1
2013-01-13 06:50:00,-73.941605,40.791882,2
2013-01-13 06:41:00,-73.924232,40.674728,1
2013-01-13 07:02:00,0.0,0.0,1
2013-01-13 06:41:00,-73.98645,40.754436,1
2013-01-13 06:57:00,-73.99559,40.744041,6
2013-01-13 09:32:00,-73.985657,40.758629,3
2013-01-13 09:31:00,-73.979408,40.764923,1
2013-01-13 09:31:00,-73.980637,40.769814,2
2013-01-13 09:20:00,-73.97522,40.757866,2
2013-01-13 09:30:00,-73.960838,40.777943,1
2013-01-13 09:30:00,-73.972763,40.785797,1
2013-01-13 09:16:00,-73.983261,40.676914,1
2013-01-13 09:34:00,-73.977814,40.783752,2
2013-01-13 09:32:00,-73.981285,40.768703,3
2013-01-13 09:29:00,-73.989449,40.740536,6
2013-01-13 09:37:00,-73.967186,40.803692,1
2013-01-13 07:58:00,-73.969017,40.761822,2
2013-01-13 07:55:00,-73.950668,40.779263,1
2013-01-13 07:53:00,-73.977585,40.754726,4
2013-01-13 07:48:00,-73.945412,40.77861,1
2013-01-13 07:56:00,-73.872513,40.774296,6
2013-01-13 07:55:00,-73.983551,40.755962,1
2013-01-13 08:03:00,-73.915756,40.772572,1
2013-01-13 08:00:00,-73.990982,40.755848,1
2013-01-13 08:04:00,-73.983017,40.762562,1
2013-01-13 07:59:00,-73.988091,40.718777,1
2013-01-13 07:58:00,-73.951614,40.786255,1
2013-01-13 08:03:00,-73.971405,40.751099,1
2013-01-13 08:02:00,-73.989876,40.723267,1
2013-01-13 08:05:00,-73.997971,40.736103,1
2013-01-13 08:04:00,-73.98819,40.723614,1
2013-01-13 08:13:00,0.0,0.0,1
2013-01-13 08:05:00,-73.997955,40.756569,1
2013-01-13 06:51:00,-73.971962,40.756699,5
2013-01-13 06:58:00,-73.991524,40.749928,1
2013-01-13 07:03:00,-73.971687,40.794296,1
2013-01-13 06:43:00,-73.999809,40.733177,2
2013-01-13 06:58:00,-73.982101,40.768631,1
2013-01-13 06:56:00,-73.973068,40.755882,5
2013-01-13 06:57:00,-73.984161,40.760262,6
2013-01-15 16:36:00,-73.983398,40.734367,1
2013-01-13 07:03:00,-73.96804,40.801193,1
2013-01-13 06:44:00,0.0,0.0,1
2013-01-13 06:52:00,-73.97287,40.758087,2
2013-01-13 06:50:00,-73.989624,40.718796,1
2013-01-13 06:38:00,-73.994377,40.751492,1
2013-01-13 06:55:00,-73.941055,40.792469,1
2013-01-13 06:38:00,-73.980705,40.730068,1
2013-01-13 06:57:00,-73.955002,40.77684,1
2013-01-13 06:49:00,-73.953407,40.778671,1
2013-01-13 07:01:00,-73.990341,40.745853,1
2013-01-13 06:40:00,-73.987091,40.756451,1
2013-01-13 06:57:00,-73.980858,40.766872,6
2013-01-13 06:58:00,-73.98539,40.769238,1
2013-01-13 06:53:00,-73.9832,40.757133,5
2013-01-13 06:54:00,-73.783508,40.648373,3
2013-01-13 07:08:00,-73.98008,40.784027,1
2013-01-13 07:15:00,-74.001137,40.731693,1
2013-01-13 07:12:00,-73.965195,40.771702,1
2013-01-13 07:15:00,-73.985054,40.727894,1
2013-01-13 07:19:00,-74.007904,40.712128,1
2013-01-13 09:26:00,-73.943321,40.793251,1
2013-01-13 09:30:00,-74.001976,40.740559,4
2013-01-13 09:25:00,-73.896027,40.768314,1
2013-01-13 09:32:00,-74.004272,40.707104,1
2013-01-13 09:33:00,-73.972923,40.760857,1
2013-01-13 09:30:00,-73.949272,40.777012,1
2013-01-13 06:32:00,-73.781837,40.644676,1
2013-01-13 06:52:00,-73.984932,40.762638,2
2013-01-13 06:48:00,-73.988571,40.731426,2
2013-01-13 07:00:00,-73.950806,40.770805,5
2013-01-13 06:52:00,-73.970261,40.755165,1
2013-01-13 06:57:00,-73.969933,40.763458,1
2013-01-13 06:55:00,-73.987572,40.770596,1
2013-01-13 06:48:00,-73.989243,40.688545,1
2013-01-13 06:55:00,-73.984688,40.736328,6
2013-01-13 06:48:00,-73.992882,40.724167,1
2013-01-13 06:59:00,-73.985115,40.731537,1
2013-01-13 06:57:00,-73.940132,40.793819,2
2013-01-13 06:55:00,-73.944679,40.714489,1
2013-01-13 07:02:00,-74.011093,40.724834,1
2013-01-13 06:51:00,-73.992538,40.714428,1
2013-01-13 06:59:00,0.0,0.0,4
2013-01-13 06:36:00,-73.786133,40.641617,1
2013-01-13 06:38:00,-73.976578,40.755226,1
2013-01-13 07:04:00,-73.973869,40.788971,1
2013-01-13 06:59:00,-73.781059,40.645031,1
2013-01-13 06:54:00,-73.972023,40.794418,1
2013-01-13 07:12:00,-73.952003,40.780052,6
2013-01-13 07:15:00,-73.911507,40.768162,1
2013-01-13 06:53:00,-73.783524,40.646599,1
2013-01-13 07:08:00,-73.99157,40.759605,1
2013-01-13 09:28:00,-73.981041,40.779621,1
2013-01-13 09:30:00,0.0,0.0,6
2013-01-13 09:32:00,-73.995857,40.738556,1
2013-01-13 09:31:00,-73.983704,40.743946,6
2013-01-13 09:28:00,-73.990715,40.756176,5
2013-01-13 09:38:00,-73.958496,40.760452,1
2013-01-13 09:37:00,-73.995499,40.762886,1
2013-01-13 09:31:00,-73.991364,40.739262,1
2013-01-13 09:32:00,-74.005966,40.735191,1
2013-01-13 09:32:00,-73.990807,40.728313,1
2013-01-13 09:39:00,0.0,0.0,1
2013-01-13 09:37:00,-74.000877,40.731686,1
2013-01-13 09:15:00,-73.955688,40.772728,1
2013-01-13 09:33:00,-73.988678,40.731125,1
2013-01-13 09:36:00,-73.984818,40.765556,6
2013-01-13 09:22:00,-73.903297,40.770966,1
2013-01-13 09:29:00,-73.959244,40.77515,2
2013-01-13 09:33:00,-73.970139,40.785797,1
2013-01-13 09:42:00,-73.95163,40.809399,2
2013-01-13 09:36:00,-73.954323,40.774418,1
2013-01-13 09:38:00,-73.995514,40.744118,1
2013-01-13 09:30:00,-74.006027,40.735146,5
2013-01-13 09:38:00,-74.003975,40.747547,1
2013-01-13 09:35:00,-73.97599,40.7812,1
2013-01-13 09:29:00,-73.954979,40.804241,1
2013-01-13 09:31:00,-73.897598,40.754036,6
2013-01-13 09:30:00,-73.975388,40.792061,2
2013-01-13 09:26:00,-73.978401,40.736961,5
2013-01-13 09:31:00,-73.981544,40.778767,5
2013-01-13 09:26:00,-74.000618,40.720654,1
2013-01-13 09:32:00,-73.955444,40.776527,1
2013-01-13 09:27:00,0.0,0.0,1
2013-01-13 09:36:00,-73.992218,40.735546,3
2013-01-13 09:20:00,-73.783592,40.648773,1
2013-01-13 09:35:00,-73.955559,40.757042,1
2013-01-13 09:38:00,-74.014893,40.717278,1
2013-01-13 09:36:00,-73.993896,40.76173,6
2013-01-13 09:35:00,-73.970505,40.788857,1
2013-01-13 09:38:00,-73.988144,40.764473,6
2013-01-13 09:29:00,-73.970833,40.761536,1
2013-01-13 09:40:00,-73.973366,40.795074,1
2013-01-13 09:39:00,-73.993774,40.761665,1
2013-01-13 09:37:00,-73.993492,40.757099,3
2013-01-13 09:27:00,-73.981216,40.769035,3
2013-01-13 09:35:00,-73.991623,40.744957,5
2013-01-13 09:38:00,-73.956512,40.778271,2
2013-01-13 09:34:00,-73.98793,40.779663,2
2013-01-13 09:38:00,-74.004677,40.741806,5
2013-01-13 09:36:00,-73.979347,40.739506,1
2013-01-13 07:01:00,-73.971512,40.794594,5
2013-01-13 06:37:00,-73.788292,40.647362,1
2013-01-13 06:53:00,-73.965599,40.762291,2
2013-01-13 06:38:00,-73.965973,40.753296,1
2013-01-13 06:53:00,-73.975044,40.782585,1
2013-01-13 07:00:00,-73.789093,40.641605,1
2013-01-13 06:57:00,-73.966209,40.756016,1
2013-01-13 06:53:00,-73.992096,40.715717,4
2013-01-13 06:37:00,-73.864014,40.770042,1
2013-01-13 06:49:00,-73.990814,40.734985,5
2013-01-13 06:57:00,-73.975471,40.765656,3
2013-01-13 06:59:00,-73.958961,40.802166,2
2013-01-13 07:03:00,-73.960342,40.766373,5
2013-01-13 06:33:00,-73.778336,40.646763,5
2013-01-13 06:46:00,-73.786667,40.644394,5
2013-01-13 07:08:00,-73.962791,40.760788,5
2013-01-13 07:10:00,-73.979652,40.766357,3
2013-01-13 07:13:00,-73.985062,40.769154,1
2013-01-13 07:00:00,-73.788017,40.64151,1
2013-01-13 06:57:00,-73.995499,40.754753,1
2013-01-13 07:14:00,-73.9785,40.763268,1
2013-01-13 06:41:00,-73.997581,40.764133,5
2013-01-13 07:13:00,-73.978714,40.789368,1
2013-01-13 07:12:00,-73.990982,40.749535,5
2013-01-13 07:14:00,-74.003914,40.747952,1
2013-01-13 06:52:00,-73.991051,40.751156,1
2013-01-13 06:56:00,-73.994057,40.751865,6
2013-01-13 06:46:00,-73.786026,40.641632,1
2013-01-13 06:48:00,-74.000206,40.738087,5
2013-01-13 06:51:00,-73.984215,40.727158,5
2013-01-13 06:42:00,-73.972656,40.756611,6
2013-01-13 06:29:00,-73.987679,40.770592,2
2013-01-13 07:00:00,-74.000359,40.730576,3
2013-01-13 06:58:00,-73.993256,40.740448,1
2013-01-13 07:00:00,-74.01487,40.714653,1
2013-01-13 06:59:00,-73.963799,40.756771,1
2013-01-13 07:02:00,-73.956024,40.780132,1
2013-01-13 06:59:00,-73.986511,40.75845,1
2013-01-13 06:48:00,-73.991493,40.729801,1
2013-01-13 06:45:00,-73.993973,40.75116,5
2013-01-13 07:10:00,-73.961838,40.776028,5
2013-01-13 07:13:00,-73.979286,40.665684,1
2013-01-13 06:52:00,-73.781799,40.644669,1
2013-01-13 07:10:00,-73.944298,40.787941,1
2013-01-13 07:03:00,-73.982124,40.722294,2
2013-01-13 07:02:00,-73.988663,40.728966,1
2013-01-13 07:08:00,-74.002136,40.751842,5
2013-01-13 07:19:00,-73.951714,40.773697,1
2013-01-13 07:19:00,-73.981255,40.765854,1
2013-01-13 07:15:00,-73.980263,40.764828,1
2013-01-13 08:04:00,-73.981483,40.768391,5
2013-01-13 07:45:00,-73.781982,40.644672,3
2013-01-13 08:05:00,-73.980034,40.783623,3
2013-01-13 08:05:00,-73.969467,40.761208,1
2013-01-13 08:05:00,-73.986221,40.730705,5
2013-01-13 08:06:00,-73.978699,40.724129,1
2013-01-13 08:02:00,-73.988739,40.693623,1
2013-01-13 08:07:00,-73.976494,40.790836,1
2013-01-13 08:08:00,-73.988693,40.778706,1
2013-01-13 08:09:00,-74.006279,40.739681,1
2013-01-13 08:10:00,-73.974899,40.680737,3
2013-01-13 08:06:00,-73.972916,40.75629,1
2013-01-13 08:12:00,-73.986107,40.758999,1
2013-01-13 08:01:00,-73.986885,40.695995,6
2013-01-13 08:17:00,-73.986809,40.733936,1
2013-01-13 08:17:00,-74.006096,40.734543,1
2013-01-13 08:11:00,-74.001099,40.736786,1
2013-01-13 09:38:00,-73.967461,40.760216,1
2013-01-13 09:29:00,-73.923401,40.743603,1
2013-01-13 09:28:00,-73.973038,40.756382,2
2013-01-13 09:34:00,-73.995483,40.720879,1
2013-01-13 09:11:00,-73.997986,40.674816,1
2013-01-13 09:35:00,-73.987076,40.739361,1
2013-01-13 09:38:00,-73.996979,40.752518,1
2013-01-13 08:02:00,-73.990013,40.719196,5
2013-01-13 08:05:00,-74.00354,40.738659,1
2013-01-13 08:06:00,-73.953606,40.785263,5
2013-01-13 08:02:00,-73.962105,40.773525,1
2013-01-13 08:01:00,-73.952301,40.778187,1
2013-01-13 07:40:00,-73.979233,40.783012,2
2013-01-13 08:04:00,-73.973099,40.75708,1
2013-01-13 08:11:00,-73.974701,40.742168,1
2013-01-13 07:50:00,-73.788162,40.641804,1
2013-01-13 08:12:00,-73.986778,40.729809,1
2013-01-13 08:11:00,-73.963715,40.795319,1
2013-01-13 08:00:00,-73.974617,40.741943,2
2013-01-13 08:08:00,-73.972145,40.756271,1
2013-01-13 08:16:00,-73.994209,40.751289,4
2013-01-13 08:15:00,-73.971886,40.791866,1
2013-01-13 08:20:00,-73.990341,40.750977,5
2013-01-13 08:19:00,-73.913651,40.765606,2
2013-01-13 08:22:00,-73.977684,40.777012,1
2013-01-13 07:59:00,-73.779808,40.647121,1
2013-01-13 08:19:00,-73.945358,40.751053,1
2013-01-13 09:34:00,-73.981857,40.760845,1
2013-01-13 09:42:00,-73.974716,40.787697,6
2013-01-13 09:37:00,-73.983803,40.757576,3
2013-01-13 09:38:00,-73.945663,40.807728,2
2013-01-13 09:38:00,-73.952507,40.772617,1
2013-01-13 09:19:00,-73.97757,40.751644,5
2013-01-13 09:24:00,-73.952522,40.780758,6
2013-01-13 09:22:00,-73.959053,40.790443,2
2013-01-13 07:46:00,-73.990776,40.730289,1
2013-01-13 07:51:00,-73.97966,40.739517,5
2013-01-13 07:46:00,-73.945572,40.778084,1
2013-01-13 07:43:00,-74.01059,40.720119,3
2013-01-13 07:43:00,-73.979134,40.764606,6
2013-01-13 07:28:00,-73.782166,40.644688,1
2013-01-13 07:47:00,-73.961624,40.76445,1
2013-01-13 07:49:00,-73.986717,40.721073,2
2013-01-13 07:47:00,-74.009811,40.705673,5
2013-01-13 07:47:00,-73.951874,40.77779,2
2013-01-13 07:53:00,-73.984863,40.728283,1
2013-01-13 07:52:00,-74.017059,40.705639,1
2013-01-13 09:21:00,-73.959457,40.767433,1
2013-01-13 09:29:00,-73.973579,40.784657,1
2013-01-13 09:27:00,-73.979317,40.744003,1
2013-01-13 09:32:00,-73.950317,40.779751,1
2013-01-13 09:18:00,-74.014717,40.704796,2
2013-01-13 09:32:00,-73.976753,40.785046,1
2013-01-13 09:20:00,-73.986641,40.757126,2
2013-01-13 09:08:00,-73.981049,40.781822,1
2013-01-13 09:29:00,-73.999046,40.761356,1
2013-01-13 09:21:00,-74.001221,40.721329,1
2013-01-13 07:49:00,-73.983154,40.760101,1
2013-01-13 08:05:00,-73.988419,40.723354,1
2013-01-13 07:59:00,-73.95639,40.763817,5
2013-01-13 07:55:00,-73.985222,40.768421,2
2013-01-13 08:01:00,-73.960823,40.777927,1
2013-01-13 07:45:00,-73.788223,40.647472,1
2013-01-13 07:59:00,-73.973473,40.747646,2
2013-01-13 08:05:00,-73.994118,40.754417,1
2013-01-13 08:10:00,-73.943024,40.840206,1
2013-01-13 08:06:00,-73.917404,40.771034,1
2013-01-13 08:09:00,-73.978966,40.736118,5
2013-01-13 08:02:00,-73.949272,40.780998,1
2013-01-13 08:07:00,-73.98513,40.779022,4
2013-01-13 07:58:00,-73.975365,40.752388,6
2013-01-13 06:48:00,-73.993263,40.742146,1
2013-01-13 06:58:00,-73.979012,40.787521,1
2013-01-13 06:37:00,-73.776718,40.645386,5
2013-01-13 06:52:00,-73.976135,40.740162,1
2013-01-13 06:43:00,-73.994576,40.750393,1
2013-01-13 06:49:00,-73.970795,40.74757,1
2013-01-13 06:56:00,-73.959549,40.773338,1
2013-01-13 06:45:00,-74.006203,40.733818,1
2013-01-13 06:53:00,-73.988579,40.740982,1
2013-01-13 06:57:00,-73.993889,40.752262,1
2013-01-13 06:56:00,-73.990196,40.761684,6
2013-01-13 07:11:00,-73.994141,40.751728,1
2013-01-13 07:09:00,-73.988983,40.721603,1
2013-01-13 07:46:00,-73.976181,40.733536,1
2013-01-13 07:48:00,-73.978851,40.746922,1
2013-01-13 07:51:00,-73.95713,40.802052,1
2013-01-13 07:53:00,-73.954994,40.765038,1
2013-01-13 07:53:00,-73.994904,40.760349,1
2013-01-13 07:46:00,-73.953957,40.756611,1
2013-01-13 07:50:00,-73.969757,40.757133,1
2013-01-13 07:45:00,-73.987823,40.720943,2
2013-01-13 07:48:00,-73.980728,40.739559,1
2013-01-13 08:05:00,-73.947578,40.771137,1
2013-01-13 08:04:00,-73.991577,40.727013,1
2013-01-13 08:02:00,-73.986099,40.756931,3
2013-01-13 07:59:00,-73.990021,40.719246,5
2013-01-13 08:01:00,-73.945808,40.750729,1
2013-01-13 08:02:00,-73.970284,40.748493,1
2013-01-13 07:54:00,-73.982513,40.768162,1
2013-01-13 08:01:00,-73.953285,40.822708,6
2013-01-13 08:00:00,-74.008652,40.725883,1
2013-01-13 08:07:00,-73.973595,40.792271,6
2013-01-13 07:55:00,-73.954849,40.765808,1
2013-01-13 08:07:00,-73.974205,40.757095,2
2013-01-13 08:07:00,-73.987465,40.758701,2
2013-01-13 08:08:00,-73.992683,40.750221,1
2013-01-13 09:21:00,-73.947578,40.764347,1
2013-01-13 09:32:00,-73.984451,40.77816,1
2013-01-13 09:33:00,-73.993942,40.767246,1
2013-01-13 09:19:00,-73.97831,40.728657,1
2013-01-13 09:28:00,-73.977699,40.734043,1
2013-01-13 09:25:00,-73.967064,40.800938,5
2013-01-13 09:37:00,-73.783684,40.638012,1
2013-01-13 09:36:00,-74.009903,40.711952,1
2013-01-13 09:33:00,-73.952301,40.772797,2
2013-01-13 09:36:00,-73.948036,40.804226,6
2013-01-13 09:31:00,-73.986336,40.739922,1
2013-01-13 09:35:00,-73.997414,40.744843,1
2013-01-13 09:28:00,-73.949913,40.780331,1
2013-01-13 09:39:00,-74.005615,40.717705,1
2013-01-13 09:38:00,-73.953438,40.779953,1
2013-01-13 09:25:00,-73.975594,40.765156,2
2013-01-13 09:28:00,-74.000305,40.742897,6
2013-01-13 09:32:00,-73.951172,40.711426,1
2013-01-13 09:41:00,-73.965775,40.76218,5
2013-01-13 09:29:00,-73.965202,40.806366,2
2013-01-13 09:34:00,-73.971085,40.748016,1
2013-01-13 09:32:00,-73.982285,40.731266,1
2013-01-13 09:36:00,-73.987549,40.724503,2
2013-01-13 09:33:00,-73.978111,40.745869,2
2013-01-13 09:32:00,-73.982346,40.766769,3
2013-01-13 09:27:00,-73.975677,40.776466,1
2013-01-13 09:36:00,-73.986305,40.740166,1
2013-01-13 09:31:00,-73.980446,40.73056,1
2013-01-13 09:18:00,-73.981544,40.780968,1
2013-01-13 09:31:00,-73.613617,40.697327,1
2013-01-13 09:34:00,-73.952667,40.783497,1
2013-01-13 09:33:00,-73.980461,40.732143,1
2013-01-13 09:30:00,-73.993225,40.731178,1
2013-01-13 09:43:00,0.0,0.0,1
2013-01-13 09:38:00,-74.000359,40.761646,5
2013-01-13 09:29:00,-73.948997,40.781548,2
2013-01-13 09:36:00,-74.002014,40.747501,1
2013-01-13 09:40:00,-74.004158,40.720932,6
2013-01-13 09:40:00,-73.978767,40.787605,4
2013-01-13 09:33:00,-73.998528,40.734959,1
2013-01-13 09:22:00,-73.9179,40.74329,1
2013-01-13 09:37:00,-73.956734,40.780708,2
2013-01-13 09:37:00,-73.990967,40.755516,6
2013-01-13 09:41:00,-73.964943,40.759754,6
2013-01-13 09:47:00,-73.969933,40.753845,1
2013-01-13 09:49:00,-73.957077,40.785992,5
2013-01-13 09:47:00,-73.993675,40.745781,5
2013-01-13 09:41:00,-74.000259,40.742813,4
2013-01-13 07:47:00,-73.983315,40.693787,1
2013-01-13 07:41:00,-73.987106,40.72924,6
2013-01-13 07:44:00,-73.96888,40.754337,1
2013-01-13 07:49:00,-73.977409,40.738323,2
2013-01-13 07:43:00,-73.955345,40.779739,1
2013-01-13 07:39:00,-73.781372,40.644928,1
2013-01-13 07:43:00,-73.996361,40.686169,1
2013-01-13 07:52:00,-73.958313,40.816196,1
2013-01-13 07:51:00,-73.999702,40.761246,1
2013-01-13 07:49:00,-73.996986,40.723946,6
2013-01-13 07:48:00,-73.977097,40.752598,1
2013-01-13 07:52:00,-73.980537,40.767433,1
2013-01-13 07:59:00,-73.998886,40.753036,1
2013-01-13 07:55:00,-73.996895,40.722954,5
2013-01-13 08:02:00,-73.89666,40.754448,1
2013-01-13 07:55:00,-73.973595,40.750931,2
2013-01-13 07:46:00,-73.789429,40.646862,2
2013-01-13 07:54:00,-73.951996,40.7663,5
2013-01-13 08:00:00,-73.910583,40.769222,5
2013-01-13 08:04:00,-73.980225,40.748405,1
2013-01-13 08:10:00,-73.984344,40.742657,6
2013-01-13 07:48:00,-73.952896,40.783241,1
2013-01-13 08:00:00,-73.993004,40.759422,1
2013-01-13 07:48:00,-73.992172,40.743633,1
2013-01-13 08:26:00,-73.966766,40.803982,2
2013-01-13 07:14:00,-73.977333,40.750343,6
2013-01-13 07:02:00,-73.976189,40.790676,1
2013-01-13 07:16:00,-73.986794,40.734066,1
2013-01-13 07:17:00,-73.98288,40.743412,1
2013-01-13 07:04:00,-74.008286,40.703781,1
2013-01-13 07:16:00,-73.967094,40.793571,1
2013-01-13 07:14:00,-73.973083,40.756268,1
2013-01-13 07:10:00,-73.984886,40.753582,1
2013-01-13 07:17:00,0.0,0.0,3
2013-01-13 07:15:00,-74.005951,40.735161,1
2013-01-13 07:24:00,-73.950996,40.77063,1
2013-01-13 07:23:00,-73.980858,40.765965,1
2013-01-13 07:21:00,-73.982719,40.771534,1
2013-01-13 07:01:00,-73.989449,40.762814,1
2013-01-13 07:20:00,-73.986397,40.733067,1
2013-01-13 07:03:00,-73.781982,40.644669,1
2013-01-13 07:23:00,-73.950432,40.786591,5
2013-01-13 07:18:00,-74.015305,40.709297,1
2013-01-13 07:20:00,-73.969788,40.799915,1
2013-01-13 07:13:00,-73.985359,40.7598,2
2013-01-13 07:20:00,-73.954041,40.775311,1
2013-01-13 07:23:00,-74.000519,40.722511,2
2013-01-13 07:24:00,-73.975471,40.750233,1
2013-01-13 07:36:00,-73.979912,40.752926,2
2013-01-13 09:34:00,-73.990326,40.741959,1
2013-01-13 09:24:00,-73.954178,40.765831,5
2013-01-13 09:25:00,-73.922531,40.793968,1
2013-01-13 09:36:00,-74.000633,40.727165,1
2013-01-13 09:35:00,-73.986008,40.757576,5
2013-01-13 09:34:00,-73.959496,40.77713,5
2013-01-13 09:27:00,-73.972885,40.79501,2
2013-01-13 09:37:00,-73.96373,40.757343,1
2013-01-13 09:40:00,-73.776459,40.645088,1
2013-01-13 09:35:00,-74.005791,40.727264,3
2013-01-13 09:37:00,-73.918159,40.771496,6
2013-01-13 09:33:00,-73.98214,40.751839,1
2013-01-13 09:35:00,-73.971062,40.757069,1
2013-01-13 09:36:00,-73.996246,40.744507,1
2013-01-13 09:35:00,-73.971573,40.746548,1
2013-01-13 09:41:00,-74.001274,40.719955,6
2013-01-13 09:40:00,-73.958466,40.800488,5
2013-01-13 09:33:00,-73.981277,40.768082,1
2013-01-13 09:37:00,-73.999367,40.733875,6
2013-01-13 09:35:00,-73.989189,40.775284,1
2013-01-13 04:34:00,0.0,0.0,1
2013-01-13 09:43:00,-73.985092,40.732246,2
2013-01-13 09:42:00,-73.989853,40.741402,1
2013-01-13 09:30:00,-73.999001,40.744534,1
2013-01-13 09:37:00,-73.962555,40.763531,1
2013-01-13 09:42:00,0.0,0.0,4
2013-01-13 09:43:00,-73.913811,40.756569,2
2013-01-13 09:20:00,-74.003387,40.723835,1
2013-01-13 06:25:00,-73.984352,40.740307,1
2013-01-13 06:36:00,-73.965569,40.762596,2
2013-01-13 06:47:00,-73.970245,40.756512,1
2013-01-13 06:46:00,-73.991692,40.750343,1
2013-01-13 06:54:00,-73.944725,40.778965,1
2013-01-13 06:53:00,-73.98658,40.759659,1
2013-01-13 06:48:00,-73.986435,40.771641,1
2013-01-13 06:54:00,-73.987045,40.754669,1
2013-01-13 06:58:00,-73.965919,40.762058,6
2013-01-13 07:02:00,-73.959335,40.814697,1
2013-01-13 06:55:00,-73.984604,40.756508,6
2013-01-13 06:48:00,-73.948814,40.774246,1
2013-01-13 06:50:00,-73.987839,40.779427,2
2013-01-13 06:56:00,-73.982536,40.764133,1
2013-01-13 06:59:00,-73.95002,40.702271,1
2013-01-13 07:01:00,-73.9888,40.741364,1
2013-01-13 06:58:00,-73.984428,40.76889,1
2013-01-13 06:58:00,-74.004494,40.737778,1
2013-01-13 06:37:00,-73.960876,40.756527,6
2013-01-13 07:00:00,-73.952744,40.779778,1
2013-01-13 07:02:00,-74.007271,40.741749,1
2013-01-13 06:56:00,-73.962067,40.805279,2
2013-01-13 07:05:00,-73.978333,40.754467,1
2013-01-13 06:58:00,-73.783455,40.648712,1
2013-01-13 06:49:00,-73.79071,40.645302,5
2013-01-13 07:11:00,-73.956245,40.781811,2
2013-01-13 09:03:00,-73.86261,40.768284,1
2013-01-13 09:24:00,-73.992905,40.724243,1
2013-01-13 09:25:00,-73.958725,40.780838,1
2013-01-13 07:47:00,-73.966293,40.794495,5
2013-01-13 07:47:00,-73.9459,40.772621,5
2013-01-13 07:47:00,-73.991997,40.756741,1
2013-01-13 07:44:00,-73.97686,40.759274,1
2013-01-13 07:39:00,-73.941757,40.798542,1
2013-01-13 07:48:00,-74.005058,40.719055,1
2013-01-13 07:48:00,-73.947731,40.771091,5
2013-01-13 07:42:00,-73.976379,40.758057,5
2013-01-13 07:50:00,-74.00209,40.746849,2
2013-01-13 07:56:00,-73.972351,40.762421,1
2013-01-13 07:54:00,-73.971748,40.750439,1
2013-01-13 07:53:00,-73.987465,40.729477,4
2013-01-13 07:53:00,-73.981621,40.763546,1
2013-01-13 07:52:00,-73.989937,40.757118,1
2013-01-13 07:53:00,-73.982819,40.739265,1
2013-01-13 07:47:00,-74.008102,40.71487,1
2013-01-13 08:03:00,-73.987396,40.716187,1
2013-01-13 08:04:00,-73.936867,40.813694,1
2013-01-13 08:05:00,-73.949837,40.772297,3
2013-01-13 07:20:00,-73.991913,40.750301,1
2013-01-13 09:33:00,-73.97731,40.787144,1
2013-01-13 09:37:00,-73.979004,40.762798,2
2013-01-13 09:34:00,-73.968124,40.755363,2
2013-01-13 09:32:00,-73.984665,40.779415,1
2013-01-13 09:30:00,-73.997681,40.761513,2
2013-01-13 09:36:00,-73.979362,40.786606,2
2013-01-13 09:34:00,-73.981728,40.77972,1
2013-01-13 09:28:00,-73.983788,40.737995,1
2013-01-13 09:28:00,-73.990944,40.72789,1
2013-01-13 09:32:00,-73.961212,40.764942,3
2013-01-13 09:35:00,-73.987122,40.759441,3
2013-01-13 09:35:00,-73.983025,40.757595,1
2013-01-13 09:23:00,-73.906128,40.772919,1
2013-01-13 09:24:00,-73.989403,40.753014,1
2013-01-13 09:31:00,-73.980667,40.76482,2
2013-01-13 09:36:00,-73.961456,40.774376,5
2013-01-13 09:43:00,-73.985008,40.747326,3
2013-01-13 09:41:00,-73.964127,40.792519,1
2013-01-13 09:34:00,-73.999641,40.738625,1
2013-01-13 09:41:00,-73.919418,40.743374,2
2013-01-13 09:44:00,-73.941933,40.786976,2
2013-01-13 09:42:00,-73.970421,40.798874,1
2013-01-13 09:44:00,-73.983467,40.730061,1
2013-01-13 09:37:00,-73.985115,40.762878,1
2013-01-13 09:31:00,-73.989655,40.725842,1
2013-01-13 09:39:00,-73.978828,40.787476,1
2013-01-13 09:40:00,-73.957199,40.770184,4
2013-01-13 09:39:00,-73.975578,40.763924,1
2013-01-13 09:42:00,-73.984695,40.769058,1
2013-01-13 09:43:00,-73.985924,40.75996,6
2013-01-13 09:46:00,-74.002846,40.728638,6
2013-01-13 09:43:00,0.0,0.0,1
2013-01-13 09:31:00,-73.995705,40.695545,5
2013-01-13 06:52:00,-73.981735,40.752296,3
2013-01-13 06:59:00,-73.988602,40.756847,1
2013-01-13 07:01:00,-73.987213,40.763103,5
2013-01-13 06:50:00,-73.949051,40.797142,1
2013-01-13 06:44:00,-73.987503,40.738289,1
2013-01-13 06:34:00,-73.990662,40.701584,1
2013-01-13 06:59:00,-73.985374,40.754086,1
2013-01-13 07:08:00,-73.987816,40.732178,5
2013-01-13 07:07:00,-74.000381,40.747723,1
2013-01-13 06:54:00,-73.980263,40.723938,5
2013-01-13 06:58:00,-73.927238,40.800007,1
2013-01-13 07:12:00,-73.974564,40.758156,1
2013-01-13 07:13:00,-73.991318,40.770336,5
2013-01-13 07:07:00,-73.991226,40.697193,5
2013-01-13 09:30:00,-73.964798,40.806774,1
2013-01-13 09:38:00,-73.978149,40.745522,1
2013-01-13 09:36:00,-73.983803,40.760727,1
2013-01-13 09:41:00,-73.982079,40.77269,3
2013-01-13 09:39:00,-73.961128,40.765076,5
2013-01-13 09:32:00,-73.954582,40.765678,1
2013-01-13 09:33:00,-74.016251,40.715412,1
2013-01-13 09:42:00,-73.99131,40.756184,5
2013-01-13 09:37:00,-73.984863,40.757008,1
2013-01-13 09:38:00,-73.980057,40.7323,1
2013-01-13 09:34:00,-73.991379,40.749683,1
2013-01-13 09:42:00,-73.969078,40.7668,1
2013-01-13 09:40:00,-73.741234,40.787296,2
2013-01-13 09:43:00,-73.948181,40.789543,1
2013-01-13 09:35:00,-73.966461,40.752865,1
2013-01-13 09:46:00,-73.962509,40.767391,5
2013-01-13 09:39:00,-73.988625,40.72261,1
2013-01-13 09:36:00,-73.974976,40.790131,1
2013-01-13 09:46:00,-73.980133,40.743526,1
2013-01-13 09:41:00,-74.001114,40.731602,2
2013-01-13 09:44:00,-73.977226,40.729076,1
2013-01-13 09:39:00,-73.952316,40.768555,1
2013-01-13 09:46:00,-74.009285,40.715111,6
2013-01-13 09:41:00,-73.977509,40.763863,2
2013-01-13 07:16:00,-73.991005,40.755985,5
2013-01-13 07:22:00,-73.99234,40.73592,3
2013-01-13 07:15:00,-73.987091,40.733234,2
2013-01-13 07:25:00,-73.996323,40.738121,1
2013-01-13 09:39:00,-73.793945,40.656521,1
2013-01-13 09:36:00,-73.985886,40.717922,1
2013-01-13 09:38:00,-73.974815,40.761608,1
2013-01-13 09:38:00,-73.973991,40.791355,4
2013-01-13 09:41:00,-73.980011,40.765762,3
2013-01-13 09:14:00,-73.874596,40.774124,1
2013-01-13 09:40:00,-73.982109,40.748341,1
2013-01-13 09:40:00,-73.993538,40.756416,1
2013-01-13 09:10:00,-73.776695,40.645214,1
2013-01-13 09:34:00,-73.984787,40.768566,6
2013-01-13 09:44:00,-73.965324,40.803856,2
2013-01-13 09:45:00,-73.982635,40.772755,1
2013-01-13 09:40:00,-73.977463,40.78632,1
2013-01-13 09:45:00,-73.989136,40.76836,1
2013-01-15 19:32:00,-73.999573,40.723724,1
2013-01-13 09:37:00,-73.964882,40.760086,1
2013-01-13 09:20:00,-73.979111,40.686565,2
2013-01-13 09:47:00,-73.959267,40.771946,1
2013-01-13 09:38:00,-73.992882,40.723278,1
2013-01-13 09:46:00,-73.973999,40.751278,6
2013-01-13 09:41:00,-73.972351,40.749851,1
2013-01-13 09:40:00,-73.957413,40.769978,5
2013-01-13 09:36:00,-73.985703,40.736126,5
2013-01-13 09:38:00,-73.975082,40.741547,1
2013-01-13 09:39:00,-73.975433,40.737053,3
2013-01-13 09:38:00,-74.000145,40.761856,6
2013-01-13 09:36:00,-73.96035,40.773876,1
2013-01-13 09:38:00,-73.964836,40.775314,1
2013-01-13 09:34:00,-73.951042,40.774502,1
2013-01-13 09:46:00,-73.986176,40.757713,2
2013-01-13 09:27:00,-74.00415,40.707561,5
2013-01-13 09:41:00,-73.981972,40.771374,1
2013-01-13 09:44:00,-74.007332,40.743443,6
2013-01-13 09:41:00,-74.004776,40.734577,1
2013-01-13 09:28:00,-73.971138,40.713287,3
2013-01-13 09:46:00,-73.99411,40.682537,1
2013-01-13 09:41:00,-73.973755,40.755501,1
2013-01-13 09:35:00,-73.956772,40.780884,1
2013-01-13 09:40:00,-73.979782,40.786221,6
2013-01-13 09:42:00,-73.992767,40.740475,2
2013-01-13 09:28:00,-73.944359,40.783016,1
2013-01-13 09:36:00,-73.990646,40.731319,1
2013-01-13 09:38:00,-73.960251,40.766106,1
2013-01-13 09:42:00,-73.991447,40.730217,1
2013-01-13 09:41:00,-73.991425,40.74966,6
2013-01-13 09:49:00,-73.961365,40.801628,1
2013-01-13 09:32:00,-73.960403,40.765892,1
2013-01-13 09:13:00,-73.776733,40.645397,2
2013-01-13 09:20:00,-73.987297,40.74448,1
2013-01-13 09:28:00,-73.990921,40.755844,1
2013-01-13 09:32:00,-73.948853,40.782593,1
2013-01-13 09:32:00,-73.973251,40.756214,1
2013-01-13 09:35:00,-73.999237,40.738297,1
2013-01-13 09:23:00,-73.986366,40.757328,5
2013-01-13 09:39:00,-73.965515,40.762562,1
2013-01-13 09:18:00,-73.995628,40.759277,1
2013-01-13 09:18:00,-73.966309,40.689671,1
2013-01-13 09:34:00,-73.998886,40.734516,1
2013-01-13 09:38:00,-73.933495,40.802933,3
2013-01-13 09:15:00,-73.988968,40.758141,3
2013-01-13 09:38:00,-74.003746,40.716995,5
2013-01-13 09:32:00,-73.986099,40.722427,6
2013-01-13 09:39:00,-73.977188,40.74707,1
2013-01-13 09:36:00,-73.976463,40.78241,5
2013-01-13 09:31:00,-73.953865,40.744156,1
2013-01-13 09:32:00,-73.992172,40.75605,1
2013-01-13 09:38:00,-73.95639,40.767212,1
2013-01-13 09:29:00,-73.948341,40.778297,1
2013-01-13 09:33:00,-73.979225,40.744217,5
2013-01-13 09:36:00,-73.952339,40.772743,1
2013-01-13 06:37:00,-73.776672,40.645199,1
2013-01-13 06:58:00,-73.962448,40.772865,1
2013-01-13 06:43:00,0.0,0.0,1
2013-01-13 07:06:00,-73.968056,40.761948,1
2013-01-13 07:02:00,-73.986282,40.750378,5
2013-01-13 06:59:00,-73.952042,40.773159,2
2013-01-13 06:40:00,-73.9785,40.76432,2
2013-01-13 06:40:00,-73.957642,40.768536,2
2013-01-13 06:59:00,-73.981552,40.757244,1
2013-01-13 07:02:00,-73.962402,40.799957,1
2013-01-13 07:15:00,-73.99411,40.751408,1
2013-01-13 07:15:00,-73.967087,40.80381,5
2013-01-13 07:06:00,-73.953362,40.771564,6
2013-01-13 07:10:00,-73.960304,40.766106,2
2013-01-13 07:17:00,-73.978157,40.752266,1
2013-01-13 06:57:00,-73.963463,40.765766,1
2013-01-13 07:11:00,-74.016144,40.711052,1
2013-01-13 07:19:00,-73.990799,40.734982,1
2013-01-13 07:08:00,-73.983223,40.756836,1
2013-01-13 07:10:00,-73.85553,40.727852,1
2013-01-13 07:05:00,-73.984978,40.723969,1
2013-01-13 07:05:00,-73.967911,40.757675,1
2013-01-13 07:10:00,-73.960258,40.767159,1
2013-01-13 07:21:00,-73.985161,40.735985,1
2013-01-13 07:05:00,-73.99588,40.738361,2
2013-01-13 08:08:00,-73.972382,40.745514,1
2013-01-13 07:51:00,-73.788361,40.647457,5
2013-01-13 08:13:00,-74.001648,40.730541,1
2013-01-13 08:09:00,-73.991684,40.744106,1
2013-01-13 08:11:00,-73.993172,40.736904,5
2013-01-13 08:06:00,-73.972229,40.756866,1
2013-01-13 08:10:00,-73.966072,40.762203,1
2013-01-13 08:12:00,-73.953728,40.790787,1
2013-01-13 08:00:00,-74.016258,40.715233,5
2013-01-13 08:06:00,-73.979385,40.789635,2
2013-01-13 08:13:00,-73.948593,40.778175,1
2013-01-13 08:17:00,-73.959877,40.779404,1
2013-01-13 08:20:00,-73.969696,40.75676,6
2013-01-13 08:13:00,-73.988754,40.694313,5
2013-01-13 09:20:00,-73.870926,40.773788,6
2013-01-13 09:38:00,-73.97963,40.766121,2
2013-01-13 09:39:00,-73.999313,40.749428,6
2013-01-13 09:33:00,-73.955078,40.768776,1
2013-01-13 09:29:00,-74.00766,40.704445,1
2013-01-13 09:37:00,-73.977913,40.748791,1
2013-01-13 09:25:00,-73.919418,40.743374,2
2013-01-13 09:35:00,-73.975929,40.776367,2
2013-01-13 09:34:00,-73.986534,40.750664,1
2013-01-13 09:36:00,-73.9813,40.741421,1
2013-01-13 09:10:00,-73.77684,40.645077,1
2013-01-13 08:42:00,-73.781898,40.644741,1
2013-01-13 09:07:00,-73.929688,40.754288,5
2013-01-13 09:08:00,-73.984657,40.74464,1
2013-01-13 09:16:00,-73.999794,40.717991,1
2013-01-13 08:59:00,-73.782021,40.644707,1
2013-01-13 09:19:00,-73.978935,40.764324,1
2013-01-13 07:42:00,-73.976974,40.787537,1
2013-01-13 07:40:00,-73.975601,40.745316,5
2013-01-13 07:35:00,-73.954536,40.765766,5
2013-01-13 07:37:00,-73.956833,40.766685,6
2013-01-13 07:48:00,-73.99115,40.755306,1
2013-01-13 07:52:00,-73.969696,40.748592,6
2013-01-13 07:46:00,-74.016899,40.709122,5
2013-01-13 07:53:00,-73.991577,40.750229,3
2013-01-13 07:56:00,-74.002777,40.739277,1
2013-01-13 07:49:00,-73.991203,40.723488,1
2013-01-13 07:51:00,-73.964973,40.763939,1
2013-01-13 07:56:00,-73.987,40.771278,5
2013-01-13 07:55:00,-73.9645,40.792538,3
2013-01-13 07:56:00,-73.981506,40.690193,1
2013-01-13 07:58:00,-73.956062,40.767731,1
2013-01-13 08:00:00,-73.998932,40.76128,1
2013-01-13 08:03:00,-73.976219,40.746624,1
2013-01-13 08:07:00,-73.994965,40.760529,1
2013-01-13 08:00:00,-73.948914,40.774101,1
2013-01-13 07:16:00,-73.986092,40.728012,2
2013-01-13 07:22:00,-73.989273,40.726257,6
2013-01-13 07:15:00,-74.004677,40.72385,1
2013-01-13 07:15:00,-73.959595,40.771191,1
2013-01-13 09:30:00,-73.959602,40.779701,4
2013-01-13 09:34:00,-73.982124,40.768936,2
2013-01-13 09:33:00,-74.006393,40.732784,5
2013-01-13 09:32:00,-74.006721,40.749611,5
2013-01-13 09:39:00,-73.981339,40.781078,6
2013-01-13 09:32:00,-73.980865,40.742012,1
2013-01-13 09:38:00,-73.976181,40.78841,1
2013-01-13 09:46:00,-73.985443,40.767769,1
2013-01-13 09:33:00,-73.954132,40.778065,1
2013-01-13 09:34:00,-73.974976,40.789455,2
2013-01-13 09:39:00,-73.974045,40.783657,2
2013-01-13 09:40:00,-73.974365,40.751945,2
2013-01-15 22:32:00,-73.977455,40.74649,1
2013-01-13 09:44:00,-73.981819,40.769112,1
2013-01-13 09:47:00,-73.986526,40.771832,2
2013-01-13 09:45:00,-73.989159,40.757816,3
2013-01-13 09:35:00,-73.782715,40.644321,3
2013-01-13 09:40:00,-73.989769,40.756596,1
2013-01-13 09:37:00,-73.956863,40.782982,5
2013-01-13 09:39:00,-73.968117,40.761654,3
2013-01-13 09:35:00,-73.954353,40.788239,1
2013-01-13 09:44:00,-74.000931,40.757618,1
2013-01-13 09:39:00,-73.966362,40.794418,1
2013-01-13 09:44:00,-73.977943,40.758854,1
2013-01-13 09:36:00,-73.993317,40.733215,2
2013-01-13 09:38:00,-73.883133,40.747734,3
2013-01-13 09:43:00,-73.991173,40.760422,1
2013-01-13 09:48:00,-73.977859,40.755486,1
2013-01-13 07:51:00,-73.95372,40.775204,5
2013-01-13 07:44:00,-74.004486,40.730618,1
2013-01-13 07:47:00,-73.985222,40.768421,3
2013-01-13 07:54:00,-73.9105,40.76915,1
2013-01-13 07:45:00,-73.990211,40.756298,1
2013-01-13 07:44:00,-73.974388,40.793747,3
2013-01-13 07:48:00,-73.975739,40.74456,2
2013-01-13 07:36:00,-73.875008,40.756714,2
2013-01-13 07:37:00,-73.980247,40.763206,2
2013-01-13 07:51:00,-73.924088,40.744011,1
2013-01-13 07:51:00,-73.988876,40.736729,5
2013-01-13 07:53:00,-73.983177,40.694344,1
2013-01-13 08:00:00,-73.971809,40.749489,1
2013-01-13 08:06:00,-73.989555,40.752537,5
2013-01-13 08:04:00,-74.00238,40.750328,1
2013-01-13 07:57:00,-73.96936,40.766735,6
2013-01-13 08:05:00,-73.975586,40.749237,1
2013-01-13 07:56:00,-73.999451,40.743938,1
2013-01-13 08:07:00,-74.011108,40.716351,2
2013-01-13 06:53:00,-73.994644,40.750336,5
2013-01-13 06:40:00,-73.776642,40.645111,2
2013-01-13 07:07:00,-73.950371,40.780029,2
2013-01-13 07:09:00,-73.989449,40.720398,3
2013-01-13 07:09:00,-73.955261,40.777706,1
2013-01-13 07:15:00,-73.982437,40.773346,1
2013-01-13 07:07:00,-73.953598,40.771202,1
2013-01-13 07:21:00,0.0,0.0,5
2013-01-13 07:07:00,-73.987579,40.746231,1
2013-01-13 07:17:00,-73.956711,40.767727,5
2013-01-13 07:04:00,-74.003395,40.726856,2
2013-01-13 06:53:00,-73.776733,40.645111,5
2013-01-13 07:24:00,-73.954842,40.773777,1
2013-01-13 07:50:00,-73.953712,40.785187,2
2013-01-13 07:49:00,-74.007957,40.704983,1
2013-01-13 07:52:00,-73.987617,40.760616,5
2013-01-13 07:49:00,-73.955063,40.777424,1
2013-01-13 07:54:00,-73.969193,40.790565,1
2013-01-13 07:39:00,-73.874397,40.773975,1
2013-01-13 07:37:00,-73.799751,40.666866,1
2013-01-13 07:50:00,-73.977753,40.752533,3
2013-01-13 07:46:00,-73.990395,40.736778,1
2013-01-13 08:00:00,-73.9459,40.772621,5
2013-01-13 08:02:00,-73.974861,40.777805,1
2013-01-13 07:56:00,-73.990204,40.73291,5
2013-01-13 08:09:00,-73.998505,40.745136,2
2013-01-13 08:04:00,-73.953186,40.807407,5
2013-01-13 08:04:00,-73.998138,40.750858,3
2013-01-13 08:00:00,-73.977486,40.754562,2
2013-01-13 07:39:00,-73.984596,40.760803,1
2013-01-13 07:53:00,-73.983986,40.760468,1
2013-01-13 08:05:00,-73.980522,40.750278,6
2013-01-13 08:00:00,-73.950485,40.792412,1
2013-01-13 08:10:00,-74.000832,40.677078,1
2013-01-13 07:56:00,-73.963654,40.763603,1
2013-01-13 08:06:00,-73.970291,40.752815,6
2013-01-13 08:06:00,-73.979843,40.783669,1
2013-01-13 08:10:00,-73.936996,40.813763,5
2013-01-13 09:34:00,-73.950325,40.77145,2
2013-01-13 09:38:00,-73.972786,40.753754,1
2013-01-13 09:35:00,-73.945,40.787212,2
2013-01-13 09:28:00,-73.966843,40.803986,1
2013-01-13 09:34:00,-73.978653,40.777328,1
2013-01-13 09:37:00,-73.973602,40.78722,2
2013-01-13 09:37:00,-73.98275,40.739246,6
2013-01-13 09:31:00,-73.981743,40.762741,5
2013-01-13 09:30:00,-73.96862,40.801525,1
2013-01-13 09:31:00,-73.976509,40.754761,1
2013-01-13 09:35:00,-73.964409,40.761463,2
2013-01-13 07:59:00,-73.963074,40.762421,1
2013-01-13 08:10:00,-73.979347,40.766453,1
2013-01-13 08:07:00,-73.954369,40.805977,1
2013-01-13 08:00:00,-73.935745,40.850136,1
2013-01-13 08:05:00,-73.986877,40.758297,5
2013-01-13 08:08:00,-73.999054,40.734253,1
2013-01-13 07:57:00,-73.951027,40.825871,1
2013-01-13 07:41:00,-73.785484,40.649471,1
2013-01-13 06:56:00,-73.979675,40.755627,5
2013-01-13 06:42:00,-73.978806,40.724068,1
2013-01-13 06:51:00,-73.969055,40.801128,5
2013-01-13 06:38:00,-73.996674,40.737316,2
2013-01-13 06:34:00,-74.001038,40.731457,1
2013-01-13 06:56:00,-73.938957,40.811024,2
2013-01-13 06:45:00,-73.985947,40.747833,1
2013-01-13 06:59:00,-73.979187,40.754311,2
2013-01-13 07:00:00,-73.992798,40.728233,1
2013-01-13 06:55:00,-73.977348,40.748962,1
2013-01-13 07:09:00,-73.937492,40.758327,1
2013-01-13 06:57:00,-73.980408,40.730331,2
2013-01-13 07:04:00,-73.977768,40.746181,2
2013-01-13 07:08:00,-73.956497,40.717014,1
2013-01-13 07:20:00,-73.968582,40.767467,2
2013-01-13 06:53:00,-74.009697,40.715389,1
2013-01-13 07:16:00,-74.000443,40.740067,1
2013-01-13 09:44:00,-73.989952,40.732628,1
2013-01-13 09:43:00,-73.999603,40.679195,1
2013-01-13 09:39:00,-73.975838,40.750965,1
2013-01-13 09:48:00,-73.98774,40.750229,6
2013-01-13 09:39:00,-73.987755,40.743584,5
2013-01-13 06:57:00,-73.962029,40.713238,2
2013-01-13 06:57:00,-73.997368,40.756912,6
2013-01-13 06:39:00,-73.776672,40.645283,6
2013-01-13 07:01:00,-73.967361,40.764942,5
2013-01-13 06:47:00,-73.973969,40.764812,1
2013-01-13 07:04:00,-73.976875,40.743736,6
2013-01-13 06:52:00,-73.99955,40.726883,5
2013-01-13 06:57:00,-73.990593,40.755192,5
2013-01-13 07:10:00,-73.978256,40.786076,1
2013-01-13 07:14:00,-73.97802,40.730682,4
2013-01-13 07:15:00,-73.98201,40.763557,4
2013-01-13 07:13:00,-73.971611,40.794579,1
2013-01-13 07:11:00,-73.96051,40.769539,1
2013-01-13 07:02:00,-73.995872,40.756447,1
2013-01-13 07:18:00,-73.958305,40.768238,1
2013-01-13 07:08:00,-74.007355,40.714966,1
2013-01-13 07:00:00,-73.783737,40.648685,6
2013-01-13 07:19:00,-73.970985,40.754292,1
2013-01-13 07:07:00,-73.952721,40.772396,1
2013-01-13 09:37:00,-73.965996,40.765076,6
2013-01-13 09:35:00,-73.971992,40.781673,1
2013-01-13 06:38:00,-73.976791,40.787735,2
2013-01-13 06:31:00,-74.011833,40.703346,1
2013-01-13 06:15:00,-73.985954,40.758942,5
2013-01-13 06:39:00,-73.981209,40.781029,5
2013-01-13 06:11:00,-73.780914,40.645023,1
2013-01-13 06:47:00,-73.992401,40.730709,1
2013-01-13 06:57:00,-73.975067,40.757706,1
2013-01-13 06:46:00,-73.996841,40.755001,1
2013-01-13 06:51:00,-73.979187,40.753788,1
2013-01-13 06:50:00,-73.903732,40.751862,1
2013-01-13 06:45:00,-73.984055,40.720966,5
2013-01-13 06:38:00,-73.91288,40.843407,2
2013-01-13 07:00:00,-73.989723,40.758244,2
2013-01-13 06:52:00,-73.998924,40.74474,6
2013-01-13 06:58:00,-73.992599,40.743137,1
2013-01-13 06:52:00,-73.991951,40.754257,1
2013-01-13 06:52:00,0.0,0.0,1
2013-01-13 06:49:00,-73.986214,40.714523,1
2013-01-13 06:47:00,-73.989395,40.747246,1
2013-01-13 06:58:00,-73.947655,40.775208,1
2013-01-13 06:53:00,-73.988419,40.758209,1
2013-01-13 06:52:00,-73.978622,40.782551,1
2013-01-13 07:03:00,0.0,0.0,1
2013-01-13 09:51:00,-73.955803,40.768112,1
2013-01-13 09:47:00,-73.95578,40.775787,1
2013-01-13 09:49:00,-73.975594,40.765274,1
2013-01-13 09:47:00,-73.97789,40.745853,2
2013-01-13 09:24:00,-73.986229,40.759731,1
2013-01-13 09:37:00,-73.957741,40.760853,1
2013-01-13 09:50:00,-73.980431,40.734177,1
2013-01-13 09:49:00,-73.983398,40.734241,1
2013-01-13 06:59:00,-73.96003,40.762291,1
2013-01-13 06:57:00,-73.964149,40.764587,4
2013-01-13 07:03:00,-73.951424,40.779099,1
2013-01-13 06:53:00,-73.922211,40.743786,6
2013-01-13 06:43:00,-73.999512,40.761745,1
2013-01-13 07:10:00,-73.986847,40.726768,1
2013-01-13 07:14:00,-73.949539,40.79657,1
2013-01-13 07:07:00,-73.928642,40.768948,1
2013-01-13 07:02:00,-73.966507,40.800873,1
2013-01-13 07:12:00,-73.98085,40.782627,1
2013-01-13 07:14:00,-73.96315,40.794357,1
2013-01-13 07:16:00,-73.983086,40.764721,1
2013-01-13 07:13:00,-73.987175,40.733406,1
2013-01-13 07:07:00,-73.987236,40.733269,1
2013-01-13 07:15:00,-73.944298,40.783901,3
2013-01-13 07:18:00,-73.985573,40.743874,1
2013-01-16 13:26:00,-73.992622,40.752876,1
2013-01-13 07:09:00,-73.981956,40.767544,1
2013-01-13 07:03:00,-73.984543,40.774689,1
2013-01-13 09:29:00,-74.002884,40.760456,3
2013-01-13 09:32:00,-73.981438,40.766747,1
2013-01-13 09:36:00,-73.927071,40.759842,6
2013-01-13 09:40:00,-74.000252,40.737926,3
2013-01-13 09:34:00,-73.974518,40.778076,1
2013-01-13 09:34:00,-73.967346,40.788094,1
2013-01-13 09:30:00,-73.966339,40.789486,3
2013-01-13 09:18:00,-73.99308,40.665047,1
2013-01-13 09:44:00,-73.958496,40.760452,1
2013-01-13 09:39:00,-73.940559,40.793083,1
2013-01-13 09:38:00,-73.980705,40.742062,1
2013-01-13 09:41:00,-73.977592,40.746212,1
2013-01-13 09:36:00,-73.995491,40.733601,1
2013-01-13 09:40:00,-73.959747,40.820068,1
2013-01-13 09:45:00,-73.995544,40.756813,1
2013-01-13 09:44:00,-73.992241,40.742989,1
2013-01-13 09:28:00,-73.875252,40.773773,1
2013-01-13 09:43:00,-73.940697,40.800259,1
2013-01-13 09:44:00,-73.972031,40.756508,1
2013-01-13 09:36:00,-73.777069,40.646301,6
2013-01-13 09:43:00,-73.991531,40.744911,1
2013-01-13 09:37:00,-73.988266,40.737587,2
2013-01-13 09:42:00,-73.987869,40.759422,5
2013-01-13 09:32:00,-73.972435,40.747585,1
2013-01-13 09:40:00,-73.982185,40.757572,1
2013-01-13 09:33:00,-73.981903,40.768845,6
2013-01-13 09:32:00,-73.989792,40.75684,6
2013-01-13 09:30:00,-74.001503,40.737202,1
2013-01-13 09:38:00,-74.010895,40.716808,1
2013-01-13 09:33:00,-73.985779,40.743271,1
2013-01-13 09:38:00,-73.988914,40.734112,1
2013-01-13 09:42:00,-73.951241,40.785439,2
2013-01-13 09:36:00,-74.014496,40.703568,2
2013-01-13 09:28:00,-73.982445,40.722458,1
2013-01-13 09:36:00,0.0,0.0,1
2013-01-13 09:47:00,-73.953941,40.790348,5
2013-01-13 09:45:00,-73.951759,40.773846,1
2013-01-13 09:38:00,-73.979347,40.736328,2
2013-01-13 09:33:00,-73.975632,40.744926,1
2013-01-13 09:45:00,-73.978439,40.684544,1
2013-01-13 09:47:00,-73.99411,40.755638,1
2013-01-13 09:32:00,-74.000587,40.758324,2
2013-01-13 09:41:00,-73.974976,40.748531,1
2013-01-13 09:47:00,-73.989021,40.773987,1
2013-01-13 09:42:00,-73.979393,40.732468,6
2013-01-13 09:43:00,-73.980942,40.732353,1
2013-01-13 09:39:00,-73.983086,40.760948,5
2013-01-13 09:34:00,-73.853607,40.707817,1
2013-01-13 07:50:00,-73.975281,40.79026,2
2013-01-13 08:03:00,-73.978813,40.761864,2
2013-01-13 08:04:00,-73.995888,40.73299,5
2013-01-13 07:48:00,-73.981934,40.776535,1
2013-01-13 07:47:00,-73.981247,40.768913,6
2013-01-13 08:03:00,-73.99427,40.686161,6
2013-01-13 08:03:00,-73.961876,40.770908,5
2013-01-13 08:03:00,-73.98114,40.742043,3
2013-01-13 08:03:00,-73.917801,40.743301,5
2013-01-13 08:04:00,-73.950325,40.780029,6
2013-01-13 07:56:00,-73.982109,40.746372,1
2013-01-13 07:17:00,-73.994225,40.751942,1
2013-01-13 07:12:00,-73.975304,40.765602,3
2013-01-13 07:17:00,-73.976089,40.756313,6
2013-01-13 06:55:00,-74.010231,40.711891,1
2013-01-13 07:00:00,-73.964462,40.807468,1
2013-01-13 07:01:00,-73.959198,40.763523,1
2013-01-13 07:13:00,-73.987007,40.733082,1
2013-01-13 07:15:00,-73.977226,40.721931,1
2013-01-13 07:20:00,-73.987602,40.769894,1
2013-01-13 07:18:00,-73.980064,40.726921,1
2013-01-13 07:21:00,-73.966248,40.765003,1
2013-01-13 07:07:00,-73.953293,40.822689,2
2013-01-16 17:11:00,-73.978714,40.740784,1
2013-01-13 07:21:00,-73.956535,40.766998,5
2013-01-13 07:16:00,-73.987633,40.73859,2
2013-01-13 09:40:00,-73.989357,40.730331,1
2013-01-13 09:38:00,-73.954788,40.773434,2
2013-01-13 09:38:00,-73.981064,40.755363,1
2013-01-13 09:20:00,-73.955002,40.773434,1
2013-01-13 09:18:00,-73.96505,40.766453,1
2013-01-13 09:33:00,-73.97065,40.761868,5
2013-01-13 09:35:00,-74.011543,40.707901,1
2013-01-13 09:34:00,-73.978134,40.755035,5
2013-01-13 09:32:00,-73.989258,40.767616,1
2013-01-13 09:36:00,-73.969597,40.800293,1
2013-01-13 09:36:00,-73.953514,40.775143,1
2013-01-13 09:38:00,-73.964973,40.759289,5
2013-01-13 09:34:00,-73.956017,40.778824,2
2013-01-13 09:33:00,-73.925186,40.768436,1
2013-01-13 09:40:00,-73.974762,40.787468,1
2013-01-13 09:42:00,-73.982414,40.77496,1
2013-01-13 09:43:00,-73.97583,40.75185,1
2013-01-13 09:41:00,-73.964989,40.755775,1
2013-01-13 09:38:00,-73.978561,40.787502,1
2013-01-13 09:36:00,-74.004532,40.737873,6
2013-01-13 09:33:00,-73.871124,40.773781,1
2013-01-13 09:38:00,-73.968643,40.799221,1
2013-01-13 09:43:00,-73.954704,40.765617,1
2013-01-13 09:37:00,-73.976837,40.753357,5
2013-01-13 07:04:00,-73.989197,40.726498,1
2013-01-13 07:12:00,0.0,0.0,2
2013-01-13 07:16:00,-73.970619,40.689571,1
2013-01-13 07:01:00,-73.995659,40.715958,1
2013-01-13 07:19:00,-73.946564,40.776638,3
2013-01-13 07:20:00,-73.974098,40.757896,3
2013-01-13 07:08:00,-73.985878,40.746616,1
2013-01-13 07:10:00,-73.981796,40.732498,6
2013-01-13 07:08:00,-74.003372,40.726891,2
2013-01-13 06:59:00,-73.776772,40.64595,1
2013-01-13 06:47:00,-73.781433,40.64484,5
2013-01-13 07:18:00,-73.976509,40.775326,1
2013-01-13 07:10:00,-73.957214,40.71661,1
2013-01-13 07:18:00,-73.997108,40.742268,1
2013-01-13 07:22:00,-73.997734,40.757004,1
2013-01-13 07:22:00,-73.974464,40.757843,2
2013-01-13 07:20:00,-73.991333,40.749771,1
2013-01-13 07:28:00,-73.960289,40.757881,1
2013-01-13 07:36:00,-73.972816,40.760818,1
2013-01-13 07:14:00,-73.776764,40.64566,1
2013-01-13 09:37:00,-73.994888,40.75996,4
2013-01-13 09:40:00,-73.963356,40.771915,2
2013-01-13 09:38:00,-73.97982,40.764713,5
2013-01-13 09:38:00,-73.973389,40.792469,1
2013-01-13 09:38:00,-73.983032,40.738895,2
2013-01-13 06:53:00,-73.870247,40.733582,2
2013-01-13 06:37:00,-73.778702,40.646664,1
2013-01-13 06:54:00,-73.988434,40.718552,3
2013-01-13 06:58:00,-73.99115,40.750256,6
2013-01-13 07:03:00,0.0,0.0,1
2013-01-13 07:01:00,-73.973694,40.764755,1
2013-01-13 06:43:00,-73.981918,40.775547,1
2013-01-13 07:00:00,-73.954391,40.764156,1
2013-01-13 07:13:00,-74.003387,40.723801,1
2013-01-13 07:14:00,-73.967247,40.768013,1
2013-01-13 07:03:00,-73.968002,40.792473,2
2013-01-13 06:49:00,-73.959145,40.814503,1
2013-01-13 07:05:00,-73.982635,40.739567,1
2013-01-13 07:27:00,-73.997406,40.756443,1
2013-01-13 07:54:00,-73.950798,40.785866,6
2013-01-13 07:58:00,-73.991669,40.746712,6
2013-01-13 07:57:00,-73.989441,40.72607,5
2013-01-13 07:57:00,-73.853416,40.7271,1
2013-01-13 07:56:00,-73.952263,40.778175,1
2013-01-13 07:57:00,-73.988174,40.74575,1
2013-01-13 08:00:00,-73.973457,40.79549,1
2013-01-13 08:03:00,0.0,0.0,1
2013-01-13 08:01:00,0.0,0.0,1
2013-01-13 08:06:00,-73.98735,40.75964,6
2013-01-13 07:47:00,-73.960533,40.768108,1
2013-01-13 07:52:00,-73.967758,40.762585,1
2013-01-13 07:59:00,-73.988091,40.718868,1
2013-01-13 08:06:00,-73.958435,40.775532,6
2013-01-13 08:03:00,-73.960831,40.796886,6
2013-01-13 08:06:00,-74.004341,40.747543,1
2013-01-13 07:59:00,-73.999619,40.738731,1
2013-01-13 08:04:00,-73.981339,40.744484,1
2013-01-13 08:09:00,-73.977409,40.779285,1
2013-01-13 08:08:00,-73.971436,40.792286,2
2013-01-13 08:11:00,-73.990456,40.761333,1
2013-01-13 08:10:00,-73.98378,40.76543,1
2013-01-13 08:10:00,-73.957291,40.765762,4
2013-01-13 08:12:00,-73.93174,40.765293,2
2013-01-13 07:58:00,-73.989204,40.748032,1
2013-01-13 08:10:00,-73.981087,40.764061,1
2013-01-13 08:02:00,-74.010422,40.718903,4
2013-01-13 08:12:00,-73.982132,40.778461,1
2013-01-13 08:13:00,-73.966393,40.753353,1
2013-01-13 08:08:00,-73.962906,40.763382,5
2013-01-13 08:20:00,-74.002747,40.708416,1
2013-01-13 08:24:00,-73.994263,40.724606,1
2013-01-13 08:15:00,-73.997017,40.737144,1
2013-01-13 08:12:00,0.0,0.0,1
2013-01-13 08:17:00,-73.945335,40.751003,1
2013-01-13 09:36:00,-73.964378,40.760422,2
2013-01-13 09:40:00,-73.961807,40.764282,1
2013-01-13 09:41:00,-73.99894,40.722809,5
2013-01-13 09:36:00,-73.982552,40.761768,3
2013-01-13 09:44:00,-73.993362,40.752136,1
2013-01-13 09:33:00,-73.948837,40.772678,1
2013-01-13 09:46:00,-73.99131,40.749767,1
2013-01-13 09:28:00,-73.962036,40.812279,6
2013-01-13 09:37:00,-73.994331,40.761238,6
2013-01-13 09:37:00,-73.955605,40.779472,1
2013-01-13 09:47:00,-73.967308,40.79353,1
2013-01-16 21:46:00,-73.990105,40.734756,2
2013-01-13 09:41:00,-73.98262,40.779041,1
2013-01-13 09:46:00,-73.954536,40.778118,2
2013-01-13 09:40:00,-74.005257,40.725918,6
2013-01-13 09:39:00,-73.985847,40.735008,2
2013-01-13 09:37:00,-74.011658,40.7075,1
2013-01-13 09:42:00,-73.975609,40.743736,5
2013-01-13 09:45:00,-73.952026,40.766113,1
2013-01-13 09:34:00,-74.014687,40.717064,1
2013-01-13 09:40:00,-73.950539,40.771446,5
2013-01-13 09:48:00,-73.956322,40.76812,2
2013-01-13 09:45:00,-73.988052,40.718796,5
2013-01-13 09:30:00,-74.015579,40.716221,1
2013-01-13 09:50:00,-73.94474,40.779495,5
2013-01-13 02:45:00,0.0,0.0,2
2013-01-13 03:06:00,-73.989807,40.729557,1
2013-01-13 03:05:00,-73.986427,40.778858,1
2013-01-13 03:03:00,-74.0,40.725929,2
2013-01-13 03:09:00,-73.973412,40.791805,1
2013-01-13 03:14:00,-73.989899,40.719841,1
2013-01-13 03:09:00,-73.982193,40.731831,2
2013-01-13 03:04:00,-74.000809,40.718464,5
2013-01-13 03:09:00,-73.988983,40.741337,1
2013-01-13 03:12:00,-73.958435,40.713234,1
2013-01-13 03:19:00,-74.003639,40.751514,5
2013-01-13 03:16:00,-73.991554,40.726845,5
2013-01-13 03:11:00,-73.988632,40.727325,1
2013-01-13 03:19:00,-73.98381,40.739201,3
2013-01-13 03:12:00,-73.988007,40.729465,6
2013-01-13 03:11:00,-73.986725,40.722382,6
2013-01-13 03:16:00,-73.997414,40.714157,1
2013-01-13 03:13:00,-73.99781,40.764008,5
2013-01-13 03:17:00,-73.993553,40.682106,2
2013-01-13 03:09:00,-73.974625,40.778057,1
2013-01-13 03:14:00,-73.995644,40.759815,1
2013-01-13 04:21:00,-74.009201,40.71405,1
2013-01-13 04:15:00,-73.959999,40.758148,1
2013-01-01 02:28:00,0.0,0.0,1
2013-01-13 04:18:00,-73.996384,40.760017,5
2013-01-13 04:16:00,-73.982529,40.742409,5
2013-01-13 04:11:00,-73.948051,40.782757,1
2013-01-13 04:09:00,-74.008194,40.740433,1
2013-01-13 04:22:00,-73.981201,40.742077,2
2013-01-13 04:12:00,0.0,0.0,1
2013-01-13 04:06:00,-73.994675,40.744621,1
2013-01-13 03:58:00,-73.99353,40.751888,1
2013-01-13 04:02:00,-73.995728,40.724564,2
2013-01-13 04:19:00,-73.988152,40.722691,1
2013-01-13 04:20:00,-73.994713,40.721146,1
2013-01-13 04:16:00,-73.982368,40.761299,2
2013-01-13 04:13:00,-73.988716,40.71862,5
2013-01-13 04:26:00,-73.975044,40.74511,1
2013-01-13 04:10:00,-73.999718,40.726929,1
2013-01-13 04:18:00,-74.005241,40.740017,5
2013-01-13 04:08:00,-73.989059,40.721516,1
2013-01-13 04:24:00,-73.910934,40.768929,1
2013-01-13 04:30:00,-73.995689,40.72509,5
2013-01-13 04:21:00,-73.99543,40.739265,1
2013-01-13 04:07:00,-73.979836,40.743221,1
2013-01-13 04:26:00,-73.982628,40.766453,2
2013-01-13 04:22:00,-73.992989,40.722446,1
2013-01-13 04:26:00,-74.007622,40.71273,1
2013-01-13 04:10:00,-73.983315,40.766853,1
2013-01-13 04:30:00,-74.001968,40.740337,1
2013-01-13 07:00:00,-74.009865,40.712116,1
2013-01-13 07:16:00,-73.97036,40.789116,5
2013-01-13 07:18:00,-73.987083,40.729118,1
2013-01-13 07:19:00,-73.955383,40.78548,1
2013-01-13 07:24:00,-74.006454,40.732666,5
2013-01-13 07:21:00,-73.995522,40.750622,2
2013-01-13 07:14:00,-73.98082,40.769684,6
2013-01-13 07:19:00,-73.975166,40.741898,3
2013-01-13 07:18:00,0.0,0.0,2
2013-01-13 07:10:00,-73.776733,40.645405,1
2013-01-13 07:22:00,-73.978218,40.74168,1
2013-01-13 07:13:00,-73.991547,40.764889,1
2013-01-13 07:12:00,-73.982033,40.731903,5
2013-01-13 07:12:00,-73.99736,40.714108,6
2013-01-13 07:11:00,-74.000755,40.676952,1
2013-01-13 07:17:00,-74.006615,40.733021,1
2013-01-13 07:18:00,-73.992363,40.759441,5
2013-01-13 07:26:00,-73.989098,40.763363,1
2013-01-13 07:20:00,-73.78199,40.644543,1
2013-01-13 07:36:00,-73.988174,40.769604,6
2013-01-13 07:37:00,-73.975525,40.776783,1
2013-01-13 07:14:00,-73.975121,40.756531,1
2013-01-13 04:22:00,-73.981499,40.757858,3
2013-01-13 04:22:00,0.0,0.0,1
2013-01-13 04:27:00,-73.975632,40.74081,2
2013-01-13 07:17:00,-73.982208,40.751732,2
2013-01-13 07:21:00,-74.013718,40.709187,1
2013-01-13 07:19:00,-73.997856,40.73597,1
2013-01-13 07:13:00,-73.968391,40.799068,1
2013-01-13 07:18:00,-73.95446,40.774254,2
2013-01-13 07:20:00,-73.995918,40.724224,1
2013-01-13 07:18:00,-73.951874,40.797977,1
2013-01-13 07:17:00,-73.9813,40.720741,2
2013-01-13 07:18:00,-73.959068,40.759457,1
2013-01-13 07:23:00,-73.952003,40.780052,6
2013-01-13 07:20:00,-73.982048,40.783096,4
2013-01-13 07:02:00,-73.991859,40.764385,1
2013-01-13 07:17:00,-73.95726,40.716309,5
2013-01-13 07:20:00,-73.987854,40.731934,1
2013-01-13 07:38:00,-73.996696,40.723503,1
2013-01-13 07:32:00,-73.940598,40.71188,1
2013-01-13 07:34:00,-73.982338,40.773701,1
2013-01-13 07:34:00,-73.959465,40.771172,6
2013-01-13 07:40:00,-73.96978,40.799885,1
2013-01-13 07:37:00,-73.96653,40.804504,1
2013-01-13 10:29:00,-73.973427,40.764378,2
2013-01-13 10:10:00,-73.924042,40.743999,1
2013-01-13 10:07:00,-73.930962,40.738007,5
2013-01-13 10:19:00,-73.960403,40.778732,5
2013-01-13 10:03:00,-73.863731,40.769363,5
2013-01-13 04:17:00,-74.005524,40.706532,4
2013-01-13 04:18:00,-73.999916,40.758816,1
2013-01-13 04:23:00,-73.953918,40.774769,3
2013-01-13 04:14:00,-73.965736,40.754326,1
2013-01-13 04:18:00,-73.98938,40.721027,1
2013-01-13 04:26:00,-73.977272,40.759827,5
2013-01-13 04:23:00,-73.991905,40.726414,6
2013-01-13 04:32:00,-74.002693,40.728588,5
2013-01-13 04:11:00,-73.962265,40.760536,1
2013-01-13 04:44:00,-73.987892,40.667206,1
2013-01-13 05:07:00,-73.991997,40.754597,3
2013-01-13 05:07:00,-73.978485,40.778015,1
2013-01-13 05:08:00,-73.979637,40.727139,3
2013-01-13 04:47:00,-74.005081,40.729671,1
2013-01-13 05:00:00,-73.991409,40.723042,1
2013-01-13 05:07:00,-73.942322,40.78632,1
2013-01-13 05:00:00,-73.96756,40.792797,1
2013-01-13 04:52:00,-0.211667,40.720749,1
2013-01-13 05:12:00,-73.979576,40.727581,4
2013-01-13 05:08:00,-74.001686,40.724941,5
2013-01-13 05:01:00,-73.993828,40.720867,1
2013-01-13 04:56:00,-74.008781,40.713913,2
2013-01-13 05:12:00,-74.003029,40.734509,2
2013-01-13 05:01:00,-73.98317,40.726685,1
2013-01-13 05:07:00,-73.977829,40.757038,5
2013-01-13 09:46:00,-73.95842,40.784245,5
2013-01-13 09:42:00,-74.008217,40.738194,1
2013-01-13 09:45:00,-74.004372,40.742359,1
2013-01-13 09:45:00,-73.99749,40.72187,1
2013-01-13 09:43:00,-73.95742,40.7803,2
2013-01-13 09:42:00,-73.978607,40.7542,1
2013-01-13 09:43:00,0.0,0.0,1
2013-01-13 09:36:00,-73.950485,40.775398,6
2013-01-13 09:44:00,-73.970718,40.783566,1
2013-01-13 09:48:00,-73.978546,40.736671,5
2013-01-13 09:39:00,-74.002861,40.744282,1
2013-01-13 09:26:00,-73.983856,40.758453,1
2013-01-13 09:28:00,-73.863861,40.769917,6
2013-01-13 09:45:00,-74.001175,40.757168,1
2013-01-13 09:40:00,-73.954323,40.81131,4
2013-01-13 09:50:00,-73.994751,40.756031,5
2013-01-13 10:07:00,-73.788147,40.64146,1
2013-01-13 10:24:00,-73.951996,40.810463,2
2013-01-13 10:23:00,-73.982513,40.75573,2
2013-01-13 10:18:00,-73.939087,40.795158,2
2013-01-13 10:26:00,-73.950562,40.77116,1
2013-01-13 10:21:00,-73.974304,40.755695,1
2013-01-13 10:17:00,-73.995789,40.767872,1
2013-01-13 10:20:00,-73.8964,40.746845,1
2013-01-13 10:22:00,-73.982834,40.735516,5
2013-01-13 10:19:00,-73.946724,40.780991,1
2013-01-13 10:26:00,-73.980896,40.738152,5
2013-01-13 10:28:00,-74.003304,40.723583,1
2013-01-13 10:27:00,-73.996834,40.728176,1
2013-01-13 10:25:00,-73.953941,40.77523,1
2013-01-13 10:25:00,-73.990837,40.746422,1
2013-01-13 10:19:00,-73.984398,40.744083,5
2013-01-13 10:12:00,-73.960716,40.797176,1
2013-01-13 10:25:00,-73.960907,40.76989,1
2013-01-13 10:25:00,-73.951485,40.77356,2
2013-01-13 10:20:00,-73.993385,40.762413,1
2013-01-13 10:24:00,-73.999779,40.738499,2
2013-01-13 10:00:00,-73.94915,40.785259,1
2013-01-13 10:32:00,-73.956985,40.78352,5
2013-01-13 10:23:00,-73.992249,40.764252,3
2013-01-13 10:25:00,-73.99334,40.736874,1
2013-01-13 10:26:00,-73.954559,40.763878,1
2013-01-13 10:30:00,-73.961273,40.760937,3
2013-01-13 10:25:00,-73.956429,40.767239,5
2013-01-13 10:31:00,-73.982376,40.765301,2
2013-01-13 10:27:00,-73.975662,40.792206,2
2013-01-13 10:29:00,-73.985481,40.761318,6
2013-01-13 10:31:00,-73.982132,40.778614,6
2013-01-13 04:18:00,-74.006699,40.743973,1
2013-01-13 04:12:00,-73.938202,40.847603,1
2013-01-13 04:24:00,-73.986588,40.746967,1
2013-01-13 04:37:00,-74.000931,40.741783,1
2013-01-13 04:24:00,-73.989365,40.718979,1
2013-01-13 04:24:00,-73.995636,40.733353,1
2013-01-13 04:16:00,-74.008095,40.740417,5
2013-01-13 04:25:00,-73.985008,40.763489,4
2013-01-13 04:12:00,-73.985611,40.723774,5
2013-01-13 04:17:00,-73.986649,40.750427,1
2013-01-13 04:13:00,-74.00177,40.71925,1
2013-01-13 04:28:00,-73.975945,40.76099,5
2013-01-13 04:24:00,-74.005287,40.739586,1
2013-01-13 04:15:00,-73.99205,40.744076,4
2013-01-13 04:11:00,-73.958282,40.717381,1
2013-01-13 04:03:00,-74.00354,40.742722,1
2013-01-13 04:29:00,-74.006828,40.743683,1
2013-01-13 04:26:00,-73.983688,40.726959,1
2013-01-13 04:08:00,-74.004265,40.742264,5
2013-01-13 04:24:00,-73.994583,40.721252,6
2013-01-13 04:29:00,-74.005287,40.739899,1
2013-01-13 04:32:00,-73.992271,40.73637,1
2013-01-13 04:28:00,-73.95063,40.779335,1
2013-01-13 04:13:00,-73.995712,40.744316,5
2013-01-13 09:46:00,-73.980705,40.742264,1
2013-01-13 09:46:00,-73.99588,40.743721,5
2013-01-13 09:39:00,0.0,0.0,2
2013-01-13 09:45:00,-73.993324,40.752033,1
2013-01-13 09:45:00,-73.951134,40.785206,1
2013-01-13 09:48:00,-73.998787,40.734573,5
2013-01-13 09:39:00,-73.964821,40.791382,5
2013-01-13 09:44:00,-73.981773,40.762562,2
2013-01-13 09:49:00,-73.984779,40.759018,1
2013-01-13 09:46:00,-74.00235,40.729462,2
2013-01-01 07:14:00,0.0,0.0,1
2013-01-13 09:42:00,-73.959473,40.773788,1
2013-01-13 09:46:00,-74.007477,40.732956,5
2013-01-13 09:43:00,-73.995941,40.744164,2
2013-01-13 09:40:00,-73.987633,40.771561,4
2013-01-13 09:51:00,-73.988388,40.764462,5
2013-01-13 10:17:00,-73.981895,40.745354,1
2013-01-13 10:16:00,-73.994804,40.731766,1
2013-01-13 10:22:00,-74.008537,40.720081,3
2013-01-13 10:02:00,-73.974411,40.762348,1
2013-01-13 10:25:00,-73.99572,40.759319,1
2013-01-13 10:19:00,-73.979431,40.786911,3
2013-01-13 10:22:00,-73.976006,40.765591,6
2013-01-13 10:21:00,-73.991852,40.768112,1
2013-01-13 10:24:00,-73.961281,40.769123,1
2013-01-13 09:38:00,-73.98053,40.737919,6
2013-01-13 09:42:00,-73.984497,40.720203,1
2013-01-13 09:46:00,-73.977524,40.738262,5
2013-01-13 09:44:00,-73.963951,40.756966,2
2013-01-13 09:43:00,-73.959908,40.814137,2
2013-01-13 09:44:00,-73.979889,40.762405,1
2013-01-13 09:42:00,-73.967796,40.792545,1
2013-01-13 09:47:00,-73.994965,40.760429,2
2013-01-13 09:39:00,-74.009911,40.721611,1
2013-01-13 09:45:00,-73.975975,40.791466,1
2013-01-13 09:27:00,-73.939659,40.751652,1
2013-01-13 09:47:00,-73.98571,40.758377,1
2013-01-13 09:45:00,-73.956467,40.781082,2
2013-01-13 10:26:00,-74.010284,40.712574,2
2013-01-13 10:17:00,-73.978172,40.783031,6
2013-01-13 10:24:00,-74.013634,40.709419,1
2013-01-13 10:07:00,-73.985985,40.754639,1
2013-01-13 10:08:00,-73.946098,40.777748,1
2013-01-13 10:22:00,-73.987625,40.760826,5
2013-01-13 10:22:00,-73.953629,40.779709,2
2013-01-13 10:29:00,-73.968193,40.755829,6
2013-01-13 10:26:00,-73.960495,40.77354,5
2013-01-13 10:15:00,-73.957108,40.718567,6
2013-01-13 10:21:00,-73.965073,40.79174,6
2013-01-13 10:21:00,-73.961555,40.777176,6
2013-01-13 09:46:00,-73.975861,40.728287,1
2013-01-13 09:37:00,-73.958885,40.772141,5
2013-01-13 09:38:00,-73.975128,40.757996,4
2013-01-13 09:24:00,-74.006035,40.714169,1
2013-01-13 09:42:00,-74.000854,40.757786,1
2013-01-13 09:45:00,-73.978081,40.741653,1
2013-01-13 09:45:00,-73.966911,40.772907,1
2013-01-13 09:43:00,-73.961884,40.776176,1
2013-01-13 09:40:00,-73.904427,40.745602,5
2013-01-13 09:49:00,-73.993217,40.752377,5
2013-01-13 09:37:00,-73.993889,40.751652,5
2013-01-13 09:32:00,-73.952713,40.80315,5
2013-01-13 09:45:00,-73.973083,40.758034,1
2013-01-13 04:16:00,-73.993164,40.747406,4
2013-01-13 04:20:00,-74.003166,40.734955,1
2013-01-13 04:16:00,-73.950378,40.779709,2
2013-01-13 04:11:00,-73.985786,40.755474,1
2013-01-13 04:25:00,-73.989822,40.739166,1
2013-01-13 04:19:00,-73.982727,40.76239,5
2013-01-13 04:23:00,-74.002632,40.739513,6
2013-01-13 04:06:00,-73.985039,40.731266,1
2013-01-13 04:16:00,-73.9888,40.723125,5
2013-01-13 04:18:00,-74.006226,40.739376,1
2013-01-13 04:18:00,-73.997337,40.741833,5
2013-01-13 04:22:00,-73.981232,40.75885,1
2013-01-13 09:35:00,-73.971657,40.794819,3
2013-01-13 09:35:00,-73.963898,40.766254,1
2013-01-13 09:34:00,-73.991295,40.74979,4
2013-01-13 09:32:00,-73.948891,40.785095,1
2013-01-13 09:40:00,-73.945,40.787212,2
2013-01-13 10:20:00,-73.972305,40.765202,5
2013-01-13 10:22:00,-73.992798,40.735771,2
2013-01-13 10:01:00,-73.957214,40.718285,1
2013-01-13 10:23:00,-73.946335,40.780968,1
2013-01-13 10:07:00,-73.977188,40.75317,3
2013-01-13 10:17:00,-73.989738,40.734035,1
2013-01-13 10:21:00,-73.973274,40.793026,1
2013-01-13 10:07:00,-73.979645,40.735004,1
2013-01-13 10:41:00,-73.98539,40.768482,1
2013-01-13 10:14:00,-73.983337,40.738831,1
2013-01-13 10:27:00,-73.967125,40.753033,1
2013-01-13 10:12:00,-73.991814,40.716099,1
2013-01-13 10:24:00,-73.999451,40.743938,1
2013-01-13 10:19:00,-74.001259,40.757038,1
2013-01-13 10:25:00,-73.990112,40.74448,1
2013-01-13 10:08:00,-73.862808,40.768585,1
2013-01-13 10:24:00,-74.00782,40.732357,6
2013-01-13 10:25:00,-73.965836,40.763088,5
2013-01-13 10:24:00,-73.979881,40.729324,1
2013-01-13 10:22:00,-73.97345,40.757504,1
2013-01-13 09:41:00,-73.986275,40.740341,1
2013-01-13 10:26:00,-73.991852,40.726437,1
2013-01-13 10:15:00,-73.969444,40.800426,3
2013-01-13 10:27:00,-73.989792,40.741627,1
2013-01-13 10:20:00,-73.972229,40.791271,1
2013-01-13 10:08:00,-73.87101,40.773792,6
2013-01-13 10:20:00,-74.004921,40.725601,1
2013-01-13 10:18:00,-73.98481,40.724335,5
2013-01-13 10:24:00,-73.968658,40.798683,1
2013-01-13 10:05:00,-73.805328,40.68214,1
2013-01-13 10:23:00,-73.945686,40.773579,1
2013-01-13 10:25:00,-73.983688,40.726006,5
2013-01-13 10:23:00,-73.993385,40.75629,1
2013-01-13 10:21:00,-73.976357,40.744301,2
2013-01-13 10:22:00,-73.990738,40.757874,1
2013-01-13 10:13:00,-73.776894,40.645088,1
2013-01-13 10:17:00,-73.946449,40.78133,1
2013-01-13 10:32:00,-73.988571,40.774937,1
2013-01-13 10:24:00,-73.983253,40.749084,2
2013-01-13 10:20:00,-73.948891,40.773853,1
2013-01-13 10:30:00,-73.950394,40.779732,1
2013-01-13 10:32:00,-73.968956,40.766926,4
2013-01-13 10:26:00,-73.975426,40.760006,2
2013-01-13 10:30:00,-73.960335,40.75972,1
2013-01-13 08:04:00,-73.965843,40.762291,1
2013-01-13 07:40:00,-73.969177,40.751011,5
2013-01-13 08:04:00,-74.011208,40.714958,1
2013-01-13 08:07:00,-73.982269,40.777061,3
2013-01-13 08:06:00,-73.953003,40.778091,1
2013-01-13 07:53:00,-73.979584,40.766113,1
2013-01-13 08:02:00,-73.981842,40.724945,2
2013-01-13 08:05:00,-73.98333,40.738895,1
2013-01-13 07:52:00,-73.992752,40.763458,1
2013-01-13 08:07:00,-73.988121,40.761486,1
2013-01-13 08:04:00,-73.985283,40.761337,1
2013-01-13 07:44:00,-73.782074,40.646832,1
2013-01-13 08:01:00,-73.980896,40.784641,2
2013-01-13 08:09:00,-73.973526,40.755802,5
2013-01-13 08:09:00,-73.983154,40.760101,2
2013-01-13 08:10:00,-73.992867,40.722752,5
2013-01-13 08:04:00,-73.943344,40.799358,5
2013-01-13 08:09:00,-73.97718,40.752552,2
2013-01-13 08:04:00,-73.946045,40.780483,1
2013-01-13 08:10:00,-73.990509,40.75581,5
2013-01-13 07:58:00,-74.003105,40.727852,1
2013-01-13 08:07:00,-73.981453,40.773918,1
2013-01-13 08:16:00,-73.96917,40.753628,2
2013-01-13 08:02:00,-73.946571,40.800545,6
2013-01-13 08:01:00,-73.926155,40.77206,5
2013-01-13 09:36:00,-73.919334,40.746731,1
2013-01-13 09:48:00,-73.973427,40.763725,1
2013-01-13 09:50:00,-73.990639,40.760986,1
2013-01-13 09:44:00,-74.006516,40.731766,6
2013-01-13 09:48:00,-73.991913,40.745956,1
2013-01-13 09:50:00,-73.956314,40.784416,1
2013-01-13 09:49:00,-73.993973,40.75119,1
2013-01-13 10:15:00,-73.995705,40.716633,5
2013-01-13 10:23:00,-73.954529,40.766163,1
2013-01-13 10:20:00,-73.994293,40.759342,1
2013-01-13 10:14:00,-73.944954,40.776649,1
2013-01-13 10:13:00,-73.986427,40.750553,1
2013-01-13 10:28:00,-74.001701,40.745949,1
2013-01-13 10:18:00,-73.96273,40.758362,1
2013-01-13 10:27:00,-73.976913,40.785057,6
2013-01-13 10:23:00,-73.954498,40.787281,1
2013-01-13 10:22:00,-73.990128,40.738567,2
2013-01-13 10:26:00,-74.011078,40.715916,1
2013-01-13 10:20:00,-73.979378,40.77166,1
2013-01-13 10:27:00,-73.973068,40.743244,1
2013-01-13 10:26:00,-73.952049,40.77784,2
2013-01-13 10:28:00,-73.96579,40.771336,1
2013-01-13 10:20:00,-73.992615,40.743225,6
2013-01-13 10:21:00,-73.994896,40.753838,6
2013-01-13 10:26:00,-73.98774,40.77029,1
2013-01-13 09:44:00,-73.957573,40.782906,1
2013-01-13 04:03:00,-73.999107,40.728142,1
2013-01-13 04:20:00,-73.977692,40.763523,2
2013-01-13 04:21:00,-73.989426,40.755409,1
2013-01-13 04:21:00,-74.008415,40.74057,1
2013-01-13 04:05:00,-73.985878,40.757404,1
2013-01-13 04:26:00,-74.003998,40.752537,6
2013-01-13 04:05:00,-73.990074,40.725395,1
2013-01-13 04:32:00,-73.998886,40.734924,1
2013-01-13 04:08:00,-74.000168,40.728622,5
2013-01-13 04:32:00,-73.99234,40.735397,1
2013-01-13 04:29:00,-73.989098,40.740391,2
2013-01-13 03:54:00,-73.987701,40.719341,5
2013-01-13 04:35:00,-73.992012,40.721828,2
2013-01-13 04:38:00,-73.977196,40.749573,1
2013-01-13 04:40:00,-73.989197,40.762787,1
2013-01-13 04:35:00,-74.008415,40.719624,4
2013-01-13 04:28:00,-73.971359,40.762447,6
2013-01-13 04:35:00,-73.961647,40.71402,5
2013-01-13 04:33:00,-73.978966,40.728073,5
2013-01-13 04:22:00,-73.99987,40.73407,1
2013-01-13 04:35:00,-73.908852,40.761059,1
2013-01-13 04:40:00,-73.9963,40.738106,1
2013-01-13 04:32:00,-74.004898,40.740833,1
2013-01-13 07:01:00,-73.989815,40.756847,3
2013-01-13 07:20:00,-73.976906,40.764732,6
2013-01-13 07:12:00,-73.896133,40.740566,1
2013-01-13 07:21:00,0.0,0.0,1
2013-01-13 07:17:00,0.0,0.0,5
2013-01-13 07:15:00,-73.991699,40.684875,1
2013-01-13 07:22:00,-73.962822,40.772369,1
2013-01-13 07:23:00,-73.964447,40.76062,1
2013-01-13 06:55:00,-73.978867,40.763763,1
2013-01-13 07:15:00,-73.965256,40.792229,1
2013-01-13 07:17:00,-73.980667,40.727161,2
2013-01-13 07:36:00,-74.004929,40.740757,1
2013-01-13 07:21:00,-73.987068,40.736645,5
2013-01-13 07:24:00,-73.984879,40.766071,1
2013-01-13 07:35:00,-73.984299,40.769886,1
2013-01-13 07:21:00,-73.952744,40.776711,1
2013-01-13 07:32:00,-73.966133,40.794739,1
2013-01-13 07:36:00,-73.955139,40.769108,1
2013-01-13 07:37:00,-73.982918,40.759499,1
2013-01-13 07:37:00,-73.946098,40.773285,2
2013-01-13 07:16:00,-73.86602,40.770512,1
2013-01-13 07:40:00,-73.989922,40.746914,5
2013-01-13 04:39:00,0.0,0.0,2
2013-01-13 04:17:00,-73.996788,40.731449,1
2013-01-13 04:38:00,-73.968086,40.799847,2
2013-01-13 08:21:00,-73.989784,40.72966,1
2013-01-13 10:06:00,-73.783546,40.648491,1
2013-01-13 10:19:00,-73.971779,40.794853,1
2013-01-13 10:32:00,-73.959229,40.780487,1
2013-01-13 10:32:00,-73.978691,40.747917,1
2013-01-13 10:30:00,-73.967407,40.788212,3
2013-01-13 10:26:00,-73.960335,40.769489,1
2013-01-13 10:27:00,-73.983047,40.763618,1
2013-01-13 10:25:00,-73.976707,40.765316,2
2013-01-13 10:30:00,-73.97036,40.760757,1
2013-01-13 10:23:00,-73.945442,40.793491,1
2013-01-13 10:20:00,-73.972237,40.765701,2
2013-01-13 10:24:00,-73.986115,40.734776,1
2013-01-13 10:27:00,-73.980171,40.743015,2
2013-01-13 10:33:00,-73.96199,40.776363,5
2013-01-13 10:14:00,-73.789024,40.646858,5
2013-01-13 10:32:00,-73.788612,40.647453,1
2013-01-13 10:28:00,-73.948807,40.773693,6
2013-01-13 10:30:00,-73.980927,40.760937,1
2013-01-13 10:26:00,-73.996033,40.744495,6
2013-01-13 10:26:00,-74.004555,40.716454,1
2013-01-13 10:32:00,-74.001854,40.746933,1
2013-01-13 10:27:00,-73.965523,40.760948,1
2013-01-13 10:31:00,-73.971474,40.763908,1
2013-01-13 10:33:00,-73.951263,40.774277,1
2013-01-01 13:47:00,0.0,0.0,1
2013-01-13 08:01:00,-74.003578,40.741905,5
2013-01-13 08:02:00,-73.967873,40.792419,1
2013-01-13 08:06:00,-73.990967,40.750126,1
2013-01-13 08:05:00,-73.943428,40.784966,2
2013-01-13 08:04:00,-73.992584,40.740368,1
2013-01-13 08:02:00,-73.951981,40.769379,1
2013-01-13 08:02:00,-73.978989,40.762222,1
2013-01-13 08:11:00,-73.969086,40.754066,2
2013-01-13 08:09:00,-73.955551,40.772598,6
2013-01-13 08:14:00,-74.016243,40.710972,1
2013-01-13 07:51:00,-73.793854,40.657112,5
2013-01-13 08:13:00,-73.950882,40.786026,5
2013-01-13 08:12:00,-73.988098,40.749329,6
2013-01-13 08:09:00,-73.986969,40.75827,5
2013-01-13 08:07:00,-74.003723,40.748486,1
2013-01-13 08:11:00,-73.97628,40.776283,1
2013-01-13 08:20:00,-73.994614,40.755962,5
2013-01-13 04:16:00,-73.993835,40.720852,1
2013-01-13 04:30:00,-73.944504,40.809284,1
2013-01-13 04:35:00,-73.996368,40.760029,5
2013-01-13 04:31:00,-73.981705,40.724445,1
2013-01-13 04:29:00,-73.985405,40.735786,1
2013-01-13 04:29:00,-74.007423,40.741131,1
2013-01-13 04:32:00,-73.979134,40.761002,1
2013-01-13 07:09:00,-73.9823,40.731922,1
2013-01-13 07:11:00,-73.941643,40.754921,1
2013-01-13 07:22:00,-74.004128,40.733253,1
2013-01-13 07:20:00,-73.979256,40.787064,1
2013-01-13 07:15:00,-73.986855,40.733063,2
2013-01-13 07:22:00,-73.985039,40.750736,1
2013-01-13 07:11:00,-73.960281,40.778282,1
2013-01-13 07:22:00,-73.987053,40.733398,2
2013-01-13 07:07:00,-74.001457,40.730938,1
2013-01-13 07:09:00,-73.979843,40.763199,5
2013-01-13 07:19:00,-73.952782,40.786324,1
2013-01-13 07:12:00,-73.958755,40.71685,1
2013-01-13 07:25:00,-73.918358,40.743305,5
2013-01-13 07:36:00,-74.017365,40.708405,2
2013-01-13 07:27:00,-73.97126,40.797611,5
2013-01-13 07:32:00,-73.951263,40.778797,5
2013-01-13 07:37:00,-73.982407,40.773781,1
2013-01-13 10:25:00,-73.981308,40.757374,2
2013-01-13 10:12:00,-73.956017,40.782337,1
2013-01-13 10:19:00,-74.009888,40.714741,1
2013-01-13 10:31:00,-73.937141,40.758034,1
2013-01-13 10:17:00,-73.986771,40.766853,2
2013-01-13 10:26:00,-73.952705,40.778309,1
2013-01-13 10:24:00,-73.964264,40.764946,1
2013-01-13 10:23:00,-73.958694,40.783966,1
2013-01-13 10:25:00,-73.980843,40.74509,1
2013-01-13 10:26:00,-73.960358,40.776016,1
2013-01-13 10:27:00,-73.949211,40.776955,5
2013-01-13 10:18:00,-73.950485,40.779823,2
2013-01-13 10:28:00,-73.944946,40.834229,5
2013-01-13 10:11:00,-73.949524,40.772408,1
2013-01-13 10:18:00,0.0,0.0,2
2013-01-13 10:28:00,-73.978416,40.778027,1
2013-01-13 10:02:00,-73.862755,40.769096,1
2013-01-13 10:24:00,-73.974747,40.757061,1
2013-01-13 10:24:00,-73.994286,40.766941,6
2013-01-13 10:26:00,-73.989319,40.757931,1
2013-01-13 10:29:00,-73.992638,40.724052,1
2013-01-13 10:24:00,-73.963676,40.761318,5
2013-01-13 10:30:00,-73.984001,40.768925,1
2013-01-13 10:26:00,-73.958679,40.770153,5
2013-01-13 10:30:00,-73.979774,40.785824,1
2013-01-13 10:30:00,-73.99292,40.758152,1
2013-01-13 10:16:00,-73.957993,40.761223,1
2013-01-13 10:24:00,-73.962387,40.76321,1
2013-01-13 10:31:00,-73.960114,40.761951,1
2013-01-13 10:29:00,-73.99305,40.742165,2
2013-01-13 10:28:00,-73.999748,40.728523,1
2013-01-13 10:23:00,-73.990913,40.765839,6
2013-01-13 10:35:00,-73.973198,40.761753,5
2013-01-13 10:22:00,-73.981628,40.773499,5
2013-01-13 10:27:00,-73.974197,40.783817,6
2013-01-13 10:12:00,-73.977859,40.764877,1
2013-01-13 10:27:00,-73.919357,40.759193,1
2013-01-13 10:22:00,-73.989876,40.773643,1
2013-01-13 10:25:00,-73.955284,40.788528,1
2013-01-13 10:25:00,-73.963196,40.799397,1
2013-01-13 10:17:00,-73.967529,40.797787,1
2013-01-13 10:23:00,-73.998253,40.760761,5
2013-01-13 10:28:00,-73.965752,40.771259,5
2013-01-13 10:22:00,-73.994804,40.734917,2
2013-01-13 10:02:00,-73.785019,40.648521,1
2013-01-13 10:16:00,-73.94725,40.775074,5
2013-01-13 10:24:00,-73.956146,40.778938,1
2013-01-13 10:22:00,-73.985428,40.747097,1
2013-01-13 10:18:00,-73.952644,40.772339,1
2013-01-13 10:31:00,-73.977058,40.757793,1
2013-01-13 10:31:00,-73.988686,40.747036,6
2013-01-13 10:30:00,-73.979034,40.758926,1
2013-01-13 10:31:00,-73.973396,40.743923,2
2013-01-13 10:26:00,-74.008369,40.721188,3
2013-01-13 10:23:00,-73.993256,40.722317,1
2013-01-13 10:29:00,-73.957245,40.770447,1
2013-01-13 10:05:00,-73.787018,40.644299,1
2013-01-13 10:13:00,-73.954407,40.672459,1
2013-01-13 10:12:00,-73.970451,40.788441,1
2013-01-13 10:27:00,-73.974602,40.729805,1
2013-01-13 10:33:00,-73.980949,40.761276,1
2013-01-13 10:29:00,-73.949318,40.776806,1
2013-01-13 10:14:00,-73.885307,40.773106,2
2013-01-13 10:34:00,-73.978798,40.787472,1
2013-01-13 10:27:00,-73.980255,40.745716,5
2013-01-13 04:28:00,-73.947388,40.779266,4
2013-01-13 04:19:00,-73.985466,40.763584,2
2013-01-13 04:23:00,-73.991081,40.745193,6
2013-01-13 04:27:00,-74.002243,40.73444,1
2013-01-13 04:13:00,-73.963829,40.710602,1
2013-01-13 04:22:00,-74.004196,40.719627,1
2013-01-13 04:28:00,-74.001678,40.726109,4
2013-01-13 04:35:00,-73.995689,40.725105,1
2013-01-13 04:32:00,-73.975037,40.749012,2
2013-01-13 04:19:00,-73.998749,40.728138,1
2013-01-13 04:29:00,-73.989624,40.715633,2
2013-01-13 04:23:00,-73.988564,40.71875,1
2013-01-13 04:15:00,-73.953018,40.775978,1
2013-01-13 04:29:00,-73.910934,40.768929,1
2013-01-13 04:32:00,-73.993706,40.720978,2
2013-01-13 04:32:00,-73.993645,40.721539,1
2013-01-13 04:25:00,-73.985092,40.727673,1
2013-01-13 10:20:00,-74.010796,40.717281,1
2013-01-13 10:22:00,-73.979187,40.787144,1
2013-01-13 10:25:00,-73.961143,40.777393,1
2013-01-13 10:18:00,-74.003716,40.71788,1
2013-01-13 10:25:00,-73.952171,40.772984,5
2013-01-13 10:24:00,-73.991364,40.760422,6
2013-01-13 10:24:00,-73.986488,40.739819,5
2013-01-13 10:21:00,-73.956772,40.775173,6
2013-01-13 10:22:00,-73.99968,40.722172,1
2013-01-13 10:15:00,-73.949272,40.781071,2
2013-01-13 10:28:00,-73.984497,40.746159,2
2013-01-13 10:07:00,-73.991493,40.696087,1
2013-01-13 10:29:00,-73.994438,40.743649,1
2013-01-13 10:20:00,-73.993935,40.751289,2
2013-01-13 10:23:00,-73.984573,40.721817,1
2013-01-13 10:25:00,-73.966553,40.757908,1
2013-01-13 10:30:00,-73.988373,40.670185,1
2013-01-13 10:24:00,-73.966469,40.767246,5
2013-01-13 10:32:00,-73.986008,40.756657,2
2013-01-13 10:29:00,-73.986275,40.767723,1
2013-01-13 10:26:00,0.0,0.0,6
2013-01-13 10:30:00,-73.981552,40.768059,6
2013-01-13 10:27:00,-73.98558,40.760635,6
2013-01-13 10:31:00,-73.977943,40.752426,3
2013-01-13 10:30:00,-73.95195,40.773197,1
2013-01-13 04:36:00,-73.933746,40.802681,1
2013-01-13 04:22:00,-74.001495,40.746666,6
2013-01-13 04:26:00,-73.991653,40.747494,3
2013-01-13 04:22:00,-73.992165,40.7215,1
2013-01-13 04:32:00,-73.985168,40.727642,1
2013-01-13 04:28:00,-74.000778,40.762012,1
2013-01-13 04:40:00,0.0,0.0,1
2013-01-13 04:29:00,-74.003403,40.751518,2
2013-01-13 04:27:00,-74.003868,40.741978,1
2013-01-13 10:30:00,-73.95594,40.782139,5
2013-01-13 10:26:00,-73.971718,40.762573,1
2013-01-13 10:25:00,-73.975624,40.786243,1
2013-01-13 10:07:00,-73.95433,40.784641,1
2013-01-13 10:07:00,-73.98912,40.756226,5
2013-01-13 10:10:00,-73.96682,40.804153,1
2013-01-13 10:30:00,-73.986374,40.739906,5
2013-01-13 10:22:00,-74.001823,40.735489,1
2013-01-13 10:32:00,-73.955299,40.773441,2
2013-01-13 10:18:00,-73.950356,40.780106,1
2013-01-13 10:39:00,-73.989998,40.735222,1
2013-01-13 10:31:00,-73.983994,40.767456,1
2013-01-13 10:29:00,-74.006523,40.732376,1
2013-01-13 10:18:00,-73.952377,40.777416,2
2013-01-13 10:30:00,-73.994766,40.760242,1
2013-01-13 10:27:00,-73.986099,40.767689,1
2013-01-13 04:30:00,-74.00061,40.730022,5
2013-01-13 04:23:00,-73.989922,40.725666,6
2013-01-13 04:25:00,-73.982086,40.723793,1
2013-01-13 04:28:00,-73.998116,40.763306,2
2013-01-13 04:13:00,-73.989395,40.739754,6
2013-01-13 04:20:00,-74.000954,40.739117,1
2013-01-13 04:31:00,-73.977127,40.736267,3
2013-01-13 04:32:00,-73.98381,40.725536,1
2013-01-13 04:37:00,-74.001915,40.732811,1
2013-01-13 04:30:00,-73.957764,40.717712,2
2013-01-13 04:26:00,-73.998131,40.740341,3
2013-01-13 04:25:00,-73.98584,40.752113,5
2013-01-13 04:00:00,-73.987991,40.754589,2
2013-01-13 04:21:00,-73.979935,40.726727,1
2013-01-13 04:34:00,-73.987602,40.732571,1
2013-01-13 04:34:00,-74.004784,40.721321,1
2013-01-13 04:20:00,-73.991066,40.739342,6
2013-01-13 04:23:00,-73.984459,40.728687,1
2013-01-13 04:25:00,-73.989944,40.757133,5
2013-01-13 04:32:00,-73.984596,40.76281,1
2013-01-13 04:32:00,-73.782166,40.644531,2
2013-01-13 04:35:00,-74.003372,40.726887,1
2013-01-13 04:32:00,-73.986816,40.76152,6
2013-01-13 04:13:00,-73.982208,40.751034,3
2013-01-13 10:17:00,-73.959755,40.762493,2
2013-01-13 10:28:00,-73.994675,40.745434,2
2013-01-13 10:26:00,-73.994896,40.71825,1
2013-01-13 10:25:00,-74.003014,40.744457,1
2013-01-13 10:25:00,-73.994308,40.756329,5
2013-01-13 10:24:00,-73.967415,40.792957,1
2013-01-13 10:21:00,-73.9935,40.733391,1
2013-01-13 09:53:00,-73.987701,40.759567,1
2013-01-13 10:15:00,-73.866234,40.770741,5
2013-01-13 10:31:00,-73.979118,40.723606,5
2013-01-13 10:30:00,-73.972221,40.794415,3
2013-01-13 10:34:00,-74.004547,40.730434,1
2013-01-13 10:28:00,-73.987549,40.719784,1
2013-01-13 10:23:00,-73.977493,40.746593,1
2013-01-13 10:26:00,-73.945656,40.786186,1
2013-01-13 10:31:00,-74.001312,40.731892,1
2013-01-13 10:28:00,-73.981789,40.728432,1
2013-01-13 04:36:00,-73.988396,40.7197,2
2013-01-13 04:21:00,-73.975739,40.776299,2
2013-01-13 04:30:00,-73.982254,40.739887,5
2013-01-13 04:24:00,-73.988976,40.751797,1
2013-01-13 04:22:00,-73.966095,40.75806,1
2013-01-13 04:31:00,-73.95269,40.727013,1
2013-01-13 04:16:00,-73.952538,40.783463,1
2013-01-13 04:21:00,-73.991074,40.75526,2
2013-01-13 04:28:00,-73.984894,40.741817,1
2013-01-13 10:27:00,-73.995399,40.758968,1
2013-01-13 10:15:00,-73.96727,40.760761,5
2013-01-13 10:21:00,-73.995483,40.717056,2
2013-01-13 10:15:00,-73.994347,40.732182,6
2013-01-13 10:10:00,-73.862701,40.768963,1
2013-01-13 10:26:00,-74.016129,40.715466,6
2013-01-13 10:20:00,-73.9496,40.772018,1
2013-01-13 10:25:00,-73.972397,40.745457,5
2013-01-13 10:22:00,-73.976204,40.753765,1
2013-01-13 10:22:00,-73.947166,40.779926,1
2013-01-13 10:27:00,-73.992828,40.737396,1
2013-01-13 10:28:00,-73.992958,40.757092,1
2013-01-13 10:28:00,-73.996399,40.732265,1
2013-01-13 10:22:00,-73.960526,40.766403,1
2013-01-13 10:27:00,-73.980461,40.730572,1
2013-01-13 10:30:00,-73.993149,40.762924,1
2013-01-13 10:29:00,-73.99321,40.736683,1
2013-01-13 10:35:00,-73.988182,40.731388,2
2013-01-13 10:25:00,-73.990257,40.751553,1
2013-01-13 10:22:00,-73.979942,40.743511,1
2013-01-13 10:31:00,-73.958519,40.800568,6
2013-01-13 10:31:00,-73.984428,40.769852,1
2013-01-13 10:12:00,-73.870956,40.773697,1
2013-01-13 10:30:00,-73.974129,40.793758,1
2013-01-13 10:31:00,-73.991013,40.729694,1
2013-01-13 10:31:00,-73.965118,40.757107,1
2013-01-13 10:15:00,-73.923569,40.770515,2
2013-01-13 10:22:00,-73.970299,40.756298,1
2013-01-13 10:27:00,-73.982574,40.728046,1
2013-01-13 10:33:00,-73.961281,40.801651,1
2013-01-13 10:25:00,-73.979317,40.744144,1
2013-01-13 10:35:00,-73.981041,40.774487,3
2013-01-13 10:21:00,-73.988716,40.731712,1
2013-01-13 10:28:00,-73.991531,40.73526,2
2013-01-13 10:34:00,-73.955032,40.773708,1
2013-01-13 10:22:00,-73.952835,40.780106,1
2013-01-13 10:30:00,-73.975861,40.788948,3
2013-01-13 04:25:00,-73.943619,40.796143,1
2013-01-13 04:41:00,-73.984085,40.76506,1
2013-01-13 04:24:00,-73.978233,40.729076,1
2013-01-13 04:05:00,-73.997902,40.735744,1
2013-01-13 04:32:00,-73.980415,40.737587,1
2013-01-13 04:36:00,-73.970253,40.793983,1
2013-01-13 04:33:00,-73.961288,40.760529,1
2013-01-13 04:35:00,-73.987091,40.721054,5
2013-01-13 04:26:00,-73.985909,40.722748,1
2013-01-13 04:29:00,-73.98085,40.729889,2
2013-01-13 04:20:00,-73.965797,40.758656,1
2013-01-13 04:37:00,-73.982475,40.763714,1
2013-01-13 04:29:00,-73.993263,40.740982,1
2013-01-13 04:30:00,-73.981697,40.740757,1
2013-01-13 04:13:00,-74.000443,40.730007,1
2013-01-13 04:26:00,-73.9412,40.801586,1
2013-01-13 04:30:00,-73.980904,40.741856,1
2013-01-13 04:29:00,-74.003754,40.651211,1
2013-01-13 04:23:00,-73.991158,40.734936,1
2013-01-13 04:32:00,-73.975525,40.74511,1
2013-01-13 04:17:00,-73.781921,40.644756,4
2013-01-13 04:20:00,-73.983871,40.725548,2
2013-01-13 04:35:00,-73.997543,40.721447,2
2013-01-13 04:07:00,-73.981972,40.731186,4
2013-01-13 04:33:00,-73.998642,40.713573,5
2013-01-13 04:19:00,-73.988899,40.758121,1
2013-01-13 04:35:00,-73.984238,40.725182,1
2013-01-13 04:26:00,-73.992393,40.694294,1
2013-01-13 04:25:00,-73.978592,40.744999,2
2013-01-13 04:37:00,-73.963219,40.797722,1
2013-01-13 04:08:00,-73.988487,40.748226,5
2013-01-13 04:37:00,-73.921883,40.767208,1
2013-01-13 04:24:00,-73.986214,40.748451,1
2013-01-13 04:31:00,-73.994858,40.731388,1
2013-01-13 04:35:00,0.0,0.0,6
2013-01-13 04:38:00,0.0,0.0,1
2013-01-13 10:28:00,-73.945969,40.777657,1
2013-01-13 10:31:00,-73.980087,40.73439,1
2013-01-13 10:28:00,-74.003807,40.721207,1
2013-01-13 10:33:00,-73.994499,40.731998,2
2013-01-13 10:28:00,-73.989632,40.720535,1
2013-01-13 10:24:00,-73.972122,40.755684,1
2013-01-13 10:38:00,-73.968697,40.793335,1
2013-01-13 10:35:00,-73.981827,40.736809,5
2013-01-13 10:27:00,-73.98275,40.751171,1
2013-01-13 10:29:00,-73.982681,40.768433,4
2013-01-13 10:33:00,-73.962212,40.776306,1
2013-01-13 10:23:00,-73.949623,40.777065,1
2013-01-13 04:12:00,-73.993225,40.751923,5
2013-01-13 04:35:00,-73.985893,40.66972,2
2013-01-13 04:37:00,-74.006569,40.743717,2
2013-01-13 04:33:00,-73.991058,40.750229,5
2013-01-13 04:30:00,-73.956924,40.716576,1
2013-01-13 04:31:00,-73.992325,40.720951,2
2013-01-13 04:34:00,-73.965416,40.762848,1
2013-01-13 04:33:00,-73.97052,40.751682,1
2013-01-13 04:25:00,-73.96331,40.716713,1
2013-01-13 04:32:00,-73.943085,40.836681,5
2013-01-13 04:18:00,-73.998032,40.740631,2
2013-01-13 04:39:00,-73.96563,40.69194,5
2013-01-13 04:32:00,-73.990494,40.73687,1
2013-01-13 04:33:00,-73.987511,40.721153,3
2013-01-13 04:24:00,-73.940102,40.709167,5
2013-01-13 04:24:00,-73.997772,40.761333,6
2013-01-13 04:37:00,-73.982468,40.731491,3
2013-01-13 04:27:00,-74.001129,40.731667,2
2013-01-13 04:33:00,-73.95282,40.783257,1
2013-01-13 04:17:00,-73.987747,40.722771,1
2013-01-13 04:32:00,-74.006416,40.737103,5
2013-01-13 04:15:00,-73.98243,40.751411,2
2013-01-13 04:43:00,-73.964088,40.680229,1
2013-01-13 04:30:00,-73.985153,40.75349,1
2013-01-13 04:20:00,-74.004082,40.707474,1
2013-01-13 04:47:00,-73.992378,40.758583,3
2013-01-13 10:23:00,-73.952805,40.766632,1
2013-01-13 10:26:00,-73.999428,40.718689,2
2013-01-13 10:23:00,-74.008812,40.718681,6
2013-01-13 10:25:00,-73.971481,40.795612,5
2013-01-13 10:18:00,-73.978325,40.788288,1
2013-01-13 10:28:00,-73.971619,40.785782,5
2013-01-13 10:30:00,-73.97963,40.776474,1
2013-01-13 10:22:00,-73.963425,40.757771,1
2013-01-13 10:30:00,-73.968323,40.770943,1
2013-01-13 10:26:00,-73.964737,40.795135,3
2013-01-13 10:14:00,-73.870918,40.773773,2
2013-01-13 10:33:00,-73.975853,40.785557,1
2013-01-13 10:28:00,-73.982079,40.776081,1
2013-01-13 10:15:00,-73.980614,40.782085,1
2013-01-13 10:29:00,-73.974846,40.792618,3
2013-01-13 10:29:00,-73.972321,40.793922,5
2013-01-13 10:18:00,-73.994553,40.689972,6
2013-01-13 10:31:00,-73.947014,40.779934,1
2013-01-13 10:36:00,-73.967644,40.771545,1
2013-01-13 10:29:00,-73.964973,40.772717,1
2013-01-13 10:27:00,-73.991096,40.755741,2
2013-01-13 10:28:00,-73.975639,40.792133,1
2013-01-13 10:24:00,-73.965851,40.754704,5
2013-01-13 10:24:00,-73.95755,40.762775,1
2013-01-13 10:34:00,-73.962685,40.775654,1
2013-01-13 10:26:00,-73.986099,40.755001,2
2013-01-13 10:16:00,-73.984543,40.755474,1
2013-01-13 10:28:00,-74.003639,40.720528,1
2013-01-13 10:29:00,-73.977379,40.631966,1
2013-01-13 10:19:00,-73.991646,40.755779,5
2013-01-13 04:09:00,-73.972816,40.745022,1
2013-01-13 04:23:00,-73.975365,40.751671,1
2013-01-13 04:37:00,-74.006866,40.743614,1
2013-01-13 04:22:00,-74.004044,40.742641,5
2013-01-13 04:39:00,-73.984306,40.745834,1
2013-01-13 04:34:00,-73.998123,40.756065,1
2013-01-13 04:29:00,-73.986412,40.776798,1
2013-01-13 04:30:00,-73.935867,40.630596,5
2013-01-13 04:34:00,-73.985611,40.762905,6
2013-01-13 04:38:00,-73.995033,40.71981,1
2013-01-13 04:32:00,-73.918983,40.767078,1
2013-01-13 04:19:00,-73.980446,40.771397,5
2013-01-13 04:32:00,-73.983643,40.725876,1
2013-01-13 04:26:00,-73.981194,40.725163,4
2013-01-13 04:30:00,-73.98848,40.718571,4
2013-01-13 04:26:00,-73.986343,40.718037,2
2013-01-13 04:31:00,-73.983688,40.688946,3
2013-01-13 04:30:00,-73.991074,40.7327,1
2013-01-13 04:41:00,-73.955566,40.776684,5
2013-01-13 04:27:00,-73.986259,40.761826,2
2013-01-13 04:26:00,-73.960976,40.719109,1
2013-01-13 04:32:00,-73.970963,40.794304,1
2013-01-13 04:33:00,-73.969887,40.756283,6
2013-01-13 04:25:00,-73.948006,40.791344,2
2013-01-13 04:41:00,-73.985786,40.722916,2
2013-01-13 04:36:00,-73.987778,40.722591,1
2013-01-13 04:32:00,-73.988365,40.748413,1
2013-01-13 04:39:00,-74.00602,40.735031,1
2013-01-13 04:44:00,-73.991035,40.723896,1
2013-01-13 04:46:00,-73.945869,40.781502,5
2013-01-13 04:42:00,-74.006783,40.743835,1
2013-01-13 04:41:00,-73.995018,40.717896,1
2013-01-13 04:16:00,-73.998184,40.740479,3
2013-01-13 04:09:00,-73.990929,40.736126,1
2013-01-13 04:25:00,-73.982117,40.762054,1
2013-01-13 04:14:00,-74.005928,40.740318,1
2013-01-13 04:37:00,-73.982407,40.768238,5
2013-01-13 04:39:00,-74.002083,40.72982,1
2013-01-13 04:24:00,-73.954201,40.774216,1
2013-01-13 04:27:00,-73.993027,40.757103,2
2013-01-13 04:37:00,-73.99324,40.722126,2
2013-01-13 04:35:00,-73.983437,40.737217,6
2013-01-13 04:29:00,-73.993698,40.720905,1
2013-01-13 04:17:00,-73.984421,40.759121,1
2013-01-13 04:27:00,-73.987595,40.738457,3
2013-01-13 04:36:00,-74.005333,40.739891,1
2013-01-13 04:38:00,-73.991005,40.719322,1
2013-01-13 04:28:00,-73.97316,40.754002,2
2013-01-13 04:49:00,-73.957489,40.718052,1
2013-01-13 04:38:00,-73.993515,40.721016,1
2013-01-13 04:13:00,-73.982803,40.741623,1
2013-01-13 04:44:00,-74.007172,40.743526,5
2013-01-13 04:38:00,-73.9935,40.761307,3
2013-01-13 04:08:00,-73.888489,40.747173,5
2013-01-13 04:28:00,-73.921715,40.755596,1
2013-01-13 04:28:00,-73.998604,40.740047,1
2013-01-13 10:29:00,-73.961243,40.768948,1
2013-01-13 10:27:00,-74.008102,40.722424,1
2013-01-13 10:33:00,-73.951958,40.78458,6
2013-01-13 10:32:00,-73.972832,40.793072,1
2013-01-13 04:28:00,-73.988548,40.722828,2
2013-01-13 04:28:00,-73.993515,40.75901,1
2013-01-13 04:17:00,-73.987251,40.748043,2
2013-01-13 04:30:00,-73.983742,40.780617,1
2013-01-13 04:34:00,-73.992119,40.740978,1
2013-01-13 04:22:00,-73.988365,40.764263,1
2013-01-13 04:33:00,-73.973206,40.743958,5
2013-01-13 04:27:00,-73.990677,40.724312,2
2013-01-13 04:36:00,-73.974037,40.750782,1
2013-01-13 04:31:00,-73.999687,40.733456,1
2013-01-13 04:30:00,-73.985413,40.719131,5
2013-01-13 04:32:00,-73.986069,40.748325,2
2013-01-13 04:22:00,-73.988533,40.723099,1
2013-01-13 04:24:00,-74.006042,40.739948,1
2013-01-13 04:31:00,-73.987709,40.721188,1
2013-01-13 04:36:00,-73.991608,40.726864,2
2013-01-13 04:31:00,-73.894455,40.752766,3
2013-01-13 04:31:00,-73.988136,40.718651,3
2013-01-13 04:27:00,-73.988922,40.72171,6
2013-01-13 04:33:00,-73.977013,40.687412,6
2013-01-13 04:35:00,-74.005409,40.739536,2
2013-01-13 10:24:00,-73.984497,40.753086,5
2013-01-13 10:29:00,-74.000748,40.758266,1
2013-01-13 10:30:00,-73.973129,40.792881,2
2013-01-13 04:19:00,-73.977562,40.725834,2
2013-01-13 04:28:00,-73.9841,40.737667,2
2013-01-13 04:22:00,-73.962036,40.760513,2
2013-01-13 04:23:00,-73.957626,40.71796,5
2013-01-13 04:31:00,-74.001778,40.746689,1
2013-01-13 04:19:00,-73.987526,40.72443,5
2013-01-13 04:23:00,-73.989998,40.756386,2
2013-01-13 04:19:00,-73.988579,40.718689,1
2013-01-13 04:20:00,-73.969368,40.757187,1
2013-01-13 04:20:00,-74.001984,40.72821,1
2013-01-13 04:35:00,-73.999718,40.733437,5
2013-01-13 04:33:00,-73.991554,40.726856,1
2013-01-13 04:27:00,-74.001343,40.741611,5
2013-01-13 04:20:00,-73.980743,40.729931,1
2013-01-13 04:29:00,-73.956207,40.707821,6
2013-01-13 04:29:00,-74.003815,40.741955,2
2013-01-13 04:24:00,-73.983772,40.72554,6
2013-01-13 04:05:00,-73.983833,40.767406,6
2013-01-13 04:14:00,-73.987999,40.722752,2
2013-01-13 04:24:00,-73.988846,40.726898,1
2013-01-13 04:23:00,-73.962471,40.76067,1
2013-01-13 10:32:00,-73.95639,40.775703,1
2013-01-13 10:28:00,-73.984268,40.740086,1
2013-01-13 04:24:00,-73.993782,40.720757,2
2013-01-13 04:02:00,-73.998405,40.724506,1
2013-01-13 04:18:00,-73.776703,40.64521,2
2013-01-13 04:27:00,-74.006058,40.735001,5
2013-01-13 04:24:00,-73.997627,40.763885,2
2013-01-13 04:17:00,-73.998962,40.727898,1
2013-01-13 04:19:00,-73.993576,40.74181,1
2013-01-13 04:20:00,-74.007828,40.740536,1
2013-01-13 04:27:00,-73.990715,40.718201,1
2013-01-13 04:33:00,-73.949493,40.781086,6
2013-01-13 03:59:00,-73.988853,40.727013,2
2013-01-13 04:23:00,-73.967628,40.792591,1
2013-01-13 04:26:00,-73.993034,40.719582,1
2013-01-13 04:09:00,-73.964455,40.803963,1
2013-01-13 04:21:00,-73.951477,40.782253,1
2013-01-13 04:10:00,-73.978874,40.724041,2
2013-01-13 04:29:00,-73.99263,40.723873,1
2013-01-13 04:17:00,-73.96875,40.648827,5
2013-01-13 04:27:00,-73.979652,40.743572,4
2013-01-13 04:28:00,-73.97332,40.689613,5
2013-01-13 04:13:00,-74.010124,40.729744,1
2013-01-13 04:30:00,-73.998116,40.720348,2
2013-01-13 04:20:00,-73.995392,40.717159,1
2013-01-13 10:27:00,-73.985641,40.74884,1
2013-01-13 10:31:00,-73.961555,40.774384,1
2013-01-13 10:27:00,-73.948662,40.779266,5
2013-01-13 10:28:00,-73.98774,40.724243,1
2013-01-13 10:25:00,-74.008499,40.704517,1
2013-01-13 10:26:00,-73.994629,40.761063,6
2013-01-13 10:38:00,-73.984024,40.729359,3
2013-01-13 10:33:00,-73.970711,40.751606,5
2013-01-13 10:35:00,-73.958672,40.775204,2
2013-01-13 10:35:00,-73.968224,40.762711,1
2013-01-13 10:32:00,-73.98304,40.756786,1
2013-01-13 10:38:00,-73.984123,40.780296,5
2013-01-13 10:24:00,-74.016846,40.708927,3
2013-01-13 10:24:00,-73.947754,40.790272,1
2013-01-13 10:34:00,-73.978058,40.788898,1
2013-01-13 10:38:00,-74.002815,40.749241,1
2013-01-13 10:31:00,-73.980324,40.730541,1
2013-01-13 10:37:00,-73.997993,40.743538,1
2013-01-13 10:34:00,-73.958984,40.768631,2
2013-01-13 10:30:00,-74.001366,40.756744,1
2013-01-13 03:58:00,-73.983498,40.749737,1
2013-01-13 04:24:00,-73.958717,40.815311,2
2013-01-13 04:26:00,-73.976532,40.788158,5
2013-01-13 04:28:00,-73.980148,40.783798,5
2013-01-13 10:19:00,-73.956558,40.778248,2
2013-01-13 10:26:00,-73.989937,40.734184,2
2013-01-13 10:25:00,-73.965088,40.767006,2
2013-01-13 10:25:00,-73.960236,40.773144,1
2013-01-13 10:15:00,-73.953651,40.782326,2
2013-01-13 10:24:00,-73.981567,40.781178,1
2013-01-13 10:28:00,-74.003952,40.732826,1
2013-01-13 10:27:00,-73.982124,40.763538,2
2013-01-13 10:27:00,-74.002304,40.73978,1
2013-01-13 10:22:00,-73.965218,40.790913,5
2013-01-13 10:28:00,-73.985535,40.760254,3
2013-01-13 10:24:00,0.0,0.0,1
2013-01-13 00:54:00,-73.989037,40.737179,1
2013-01-13 10:28:00,-73.972588,40.790146,2
2013-01-13 10:29:00,-73.947746,40.776188,1
2013-01-13 10:26:00,-73.982643,40.73547,1
2013-01-13 10:25:00,-73.976768,40.779995,1
2013-01-13 10:18:00,-73.983025,40.768936,5
2013-01-13 10:31:00,-73.953575,40.779427,2
2013-01-13 10:28:00,-73.996056,40.738461,1
2013-01-13 10:26:00,-73.974236,40.791096,6
2013-01-13 10:35:00,-73.959984,40.798237,2
2013-01-13 10:05:00,-73.964851,40.764503,1
2013-01-13 10:30:00,-73.953087,40.767998,1
2013-01-13 10:25:00,-73.982414,40.740211,1
2013-01-13 10:27:00,-73.957161,40.770672,1
2013-01-13 04:22:00,-73.997307,40.721313,1
2013-01-13 04:33:00,-74.001648,40.751392,3
2013-01-13 04:28:00,-73.982857,40.762436,1
2013-01-13 04:21:00,-73.988663,40.718826,1
2013-01-13 04:30:00,-73.918922,40.759045,1
2013-01-13 04:23:00,-73.999474,40.733616,4
2013-01-13 04:28:00,-73.994125,40.75761,1
2013-01-13 04:23:00,-74.006004,40.742859,3
2013-01-13 04:28:00,-73.981041,40.758778,1
2013-01-13 04:02:00,-73.776817,40.64603,1
2013-01-13 04:37:00,0.0,0.0,1
2013-01-13 04:03:00,-73.932602,40.856747,1
2013-01-13 04:36:00,-73.905136,40.745506,1
2013-01-13 04:25:00,-73.949707,40.780506,1
2013-01-13 04:18:00,-74.005638,40.726437,4
2013-01-13 04:38:00,-73.999397,40.738377,4
2013-01-13 04:17:00,-73.782089,40.644802,1
2013-01-13 04:30:00,-74.003204,40.725212,1
2013-01-13 04:32:00,-73.989174,40.730293,1
2013-01-13 04:32:00,-73.998276,40.713547,1
2013-01-13 04:31:00,-73.954704,40.769886,1
2013-01-13 04:24:00,-73.975304,40.744652,1
2013-01-13 04:24:00,-73.96109,40.718964,2
2013-01-13 04:31:00,-73.83905,40.656399,1
2013-01-13 04:08:00,-73.983276,40.722008,3
2013-01-13 04:41:00,-73.995667,40.759445,2
2013-01-13 04:42:00,0.0,0.0,1
2013-01-13 04:12:00,-73.924957,40.744099,4
2013-01-13 04:27:00,-73.990623,40.717281,5
2013-01-13 04:36:00,-73.993439,40.721375,1
2013-01-13 04:39:00,-73.986893,40.742924,5
2013-01-13 04:39:00,-73.985329,40.753857,1
2013-01-13 04:42:00,-73.99073,40.761089,6
2013-01-13 04:28:00,-74.000229,40.730156,1
2013-01-13 04:38:00,-74.004089,40.741287,1
2013-01-13 04:40:00,-73.857864,40.728737,5
2013-01-13 04:42:00,-73.998093,40.720169,1
2013-01-13 04:32:00,-73.970055,40.756813,1
2013-01-13 04:41:00,-74.006599,40.743927,1
2013-01-13 04:39:00,-73.981766,40.750629,1
2013-01-13 04:24:00,-73.99427,40.765724,1
2013-01-13 04:45:00,-74.000565,40.7299,5
2013-01-13 04:14:00,-73.989532,40.759727,2
2013-01-13 04:39:00,-74.000648,40.729702,3
2013-01-13 04:38:00,-73.918633,40.755413,1
2013-01-13 04:44:00,-74.003922,40.743061,1
2013-01-13 04:43:00,-73.986176,40.762249,1
2013-01-13 04:43:00,-74.004814,40.741528,3
2013-01-13 04:49:00,-73.99379,40.741425,3
2013-01-13 04:37:00,-73.986687,40.755672,1
2013-01-13 04:31:00,-74.004204,40.747551,5
2013-01-13 04:33:00,-73.992409,40.758484,1
2013-01-13 04:32:00,-73.973625,40.761955,1
2013-01-13 04:29:00,-73.978897,40.720055,1
2013-01-13 04:39:00,-73.994881,40.744408,1
2013-01-13 04:39:00,-73.993217,40.747608,1
2013-01-13 04:35:00,-73.955795,40.812897,1
2013-01-13 04:33:00,-73.989349,40.688293,5
2013-01-13 04:33:00,-73.990639,40.761093,2
2013-01-13 04:09:00,-73.991089,40.757858,1
2013-01-01 19:01:00,-73.8638,40.770416,5
2013-01-13 04:36:00,-74.005943,40.740261,1
2013-01-13 10:27:00,-73.96344,40.765968,1
2013-01-13 10:10:00,-73.980499,40.754841,3
2013-01-13 10:21:00,-73.930786,40.766144,1
2013-01-13 10:27:00,-73.969711,40.753345,1
2013-01-13 10:26:00,-73.993935,40.742805,1
2013-01-13 10:19:00,-73.970276,40.784065,1
2013-01-13 10:25:00,-73.981659,40.767952,1
2013-01-13 10:32:00,-73.941399,40.796196,5
2013-01-13 10:17:00,-73.912399,40.742653,1
2013-01-13 10:32:00,-73.962875,40.758648,6
2013-01-13 10:23:00,-73.953781,40.775242,1
2013-01-13 10:24:00,-73.959282,40.772339,1
2013-01-13 10:22:00,-73.983627,40.775852,1
2013-01-13 10:33:00,-73.965332,40.774986,4
2013-01-13 04:35:00,-73.993744,40.720943,1
2013-01-13 04:28:00,-74.003227,40.732723,6
2013-01-13 04:30:00,-73.954643,40.763916,1
2013-01-13 04:34:00,-74.003708,40.741871,3
2013-01-13 04:35:00,-73.969269,40.787029,1
2013-01-13 04:40:00,0.0,0.0,6
2013-01-13 04:25:00,-73.998283,40.715694,6
2013-01-13 04:36:00,-73.997498,40.721069,6
2013-01-13 04:31:00,-73.963707,40.761505,2
2013-01-13 04:35:00,-73.996239,40.7164,3
2013-01-13 04:34:00,-73.958244,40.800808,2
2013-01-13 04:31:00,-73.979797,40.783772,1
2013-01-13 04:21:00,-74.005585,40.738186,2
2013-01-13 04:24:00,0.0,0.0,3
2013-01-13 04:36:00,-73.94342,40.746689,5
2013-01-13 04:44:00,-73.978706,40.744953,3
2013-01-13 04:41:00,-73.963913,40.791584,1
2013-01-13 04:37:00,-73.985596,40.72702,6
2013-01-13 04:28:00,-74.002838,40.733631,1
2013-01-13 04:25:00,-74.002625,40.733749,1
2013-01-13 04:41:00,-73.988045,40.718666,1
2013-01-13 04:34:00,0.0,0.0,1
2013-01-13 04:28:00,-74.002808,40.744598,1
2013-01-13 04:49:00,-73.953789,40.775105,1
2013-01-13 10:29:00,-74.00235,40.739918,1
2013-01-13 10:34:00,-74.003662,40.725441,6
2013-01-13 10:42:00,-74.000145,40.742966,5
2013-01-13 10:34:00,-73.998817,40.740154,1
2013-01-13 10:21:00,-73.955643,40.779652,6
2013-01-13 10:23:00,-73.972435,40.765697,1
2013-01-13 10:22:00,-73.955994,40.76458,1
2013-01-13 10:31:00,-73.958885,40.763889,1
2013-01-13 10:21:00,-73.992195,40.713814,3
2013-01-13 10:30:00,-73.97113,40.755501,5
2013-01-13 10:34:00,-74.004265,40.747807,5
2013-01-13 10:35:00,-73.991562,40.7551,1
2013-01-13 10:32:00,-74.001411,40.730988,1
2013-01-13 10:34:00,-73.986237,40.761139,1
2013-01-13 10:25:00,-74.006371,40.737843,1
2013-01-13 10:21:00,-73.994835,40.745613,1
2013-01-13 10:29:00,-73.915184,40.763779,1
2013-01-13 10:33:00,-74.005959,40.740002,3
2013-01-13 10:27:00,-73.925919,40.744259,1
2013-01-13 10:33:00,-73.993156,40.743156,1
2013-01-13 10:29:00,-73.977554,40.746449,1
2013-01-13 10:27:00,-73.976227,40.748787,1
2013-01-13 10:30:00,-73.993393,40.727615,2
2013-01-13 10:35:00,-73.963921,40.768261,1
2013-01-13 04:37:00,-73.980759,40.73793,1
2013-01-13 04:11:00,-73.974197,40.788589,1
2013-01-13 04:37:00,-73.99221,40.724815,1
2013-01-13 04:23:00,-73.997635,40.713978,1
2013-01-13 04:34:00,-73.988426,40.718491,1
2013-01-13 04:30:00,-74.005775,40.740406,1
2013-01-13 04:31:00,-73.985474,40.743946,4
2013-01-13 04:09:00,-73.994728,40.726013,6
2013-01-13 04:39:00,-73.999229,40.726662,1
2013-01-13 04:31:00,-73.988297,40.718689,5
2013-01-13 04:38:00,-73.998398,40.74538,1
2013-01-13 04:34:00,-73.995338,40.744328,5
2013-01-13 04:27:00,-73.983902,40.754761,5
2013-01-13 04:33:00,-73.972603,40.756832,2
2013-01-13 04:25:00,-73.950951,40.723961,6
2013-01-13 04:33:00,-73.982094,40.764763,1
2013-01-13 04:30:00,-73.91922,40.758766,2
2013-01-13 04:39:00,-74.006378,40.732983,6
2013-01-13 04:27:00,-73.994659,40.725899,1
2013-01-13 04:26:00,-73.991722,40.722378,1
2013-01-13 04:43:00,-73.993675,40.721039,1
2013-01-13 04:32:00,-73.98774,40.721111,2
2013-01-13 04:46:00,-73.987053,40.750858,1
2013-01-13 04:43:00,-74.006645,40.744232,1
2013-01-13 04:30:00,-73.990395,40.750252,3
2013-01-13 04:45:00,-73.996925,40.720554,1
2013-01-13 04:38:00,-73.983627,40.725857,4
2013-01-13 04:45:00,-73.993851,40.736076,5
2013-01-13 10:29:00,0.0,0.0,6
2013-01-13 10:30:00,-73.97023,40.789318,1
2013-01-13 10:31:00,-73.965683,40.763836,1
2013-01-13 10:19:00,-73.97448,40.756321,6
2013-01-13 10:24:00,-73.984253,40.753876,1
2013-01-13 10:32:00,-73.9795,40.882057,1
2013-01-13 10:32:00,-73.988403,40.748867,1
2013-01-13 10:28:00,-73.98719,40.739342,1
2013-01-13 10:25:00,-73.988449,40.727909,6
2013-01-13 10:29:00,-73.991516,40.750122,1
2013-01-13 10:33:00,-73.984184,40.780312,1
2013-01-13 10:28:00,-73.981903,40.728458,1
2013-01-13 10:19:00,-73.97657,40.752003,1
2013-01-13 10:17:00,0.0,0.0,1
2013-01-13 10:26:00,-73.98278,40.761147,1
2013-01-13 10:29:00,-73.992805,40.756924,4
2013-01-13 10:21:00,-73.957657,40.761486,1
2013-01-13 10:35:00,-73.989532,40.759224,5
2013-01-13 10:33:00,-73.972435,40.793774,2
2013-01-13 10:31:00,-73.982063,40.728065,2
2013-01-13 10:33:00,-73.971359,40.752796,1
2013-01-13 04:35:00,-73.989861,40.756592,6
2013-01-13 04:35:00,-74.005104,40.741207,1
2013-01-13 04:43:00,-73.966621,40.715118,1
2013-01-13 04:28:00,-73.982552,40.764202,5
2013-01-13 04:29:00,-73.986923,40.687801,1
2013-01-13 04:26:00,-74.014633,40.705959,5
2013-01-13 04:33:00,-73.998795,40.761044,1
2013-01-13 04:38:00,-73.983841,40.770592,5
2013-01-13 10:26:00,-73.991226,40.755787,2
2013-01-13 10:28:00,-74.000015,40.734711,1
2013-01-13 10:29:00,-73.979546,40.74395,4
2013-01-13 10:33:00,-73.966698,40.804512,2
2013-01-13 10:24:00,-73.998589,40.734028,1
2013-01-13 10:22:00,-73.99498,40.760159,1
2013-01-13 10:25:00,-73.941704,40.798473,1
2013-01-13 10:27:00,-73.966614,40.767292,1
2013-01-13 10:22:00,-73.977051,40.745327,1
2013-01-13 10:27:00,-73.955978,40.772503,1
2013-01-13 10:32:00,-73.981354,40.781887,3
2013-01-13 10:29:00,-73.947479,40.771927,1
2013-01-13 10:25:00,-74.008133,40.707836,6
2013-01-13 10:27:00,-73.976067,40.763149,1
2013-01-13 10:29:00,-73.962364,40.763206,5
2013-01-13 10:33:00,-73.978851,40.75034,5
2013-01-13 04:25:00,-73.975517,40.749001,2
2013-01-13 04:30:00,-73.964569,40.717651,1
2013-01-13 04:32:00,-73.997635,40.7616,5
2013-01-13 04:16:00,-73.999245,40.730034,2
2013-01-13 04:32:00,-73.885399,40.73851,1
2013-01-13 04:37:00,-73.917892,40.770412,6
2013-01-13 04:29:00,-73.993317,40.75882,3
2013-01-13 04:42:00,-74.002892,40.715553,1
2013-01-13 04:24:00,-73.988007,40.760098,2
2013-01-13 04:40:00,-73.987961,40.722244,3
2013-01-13 04:36:00,-74.008446,40.713486,6
2013-01-13 04:48:00,-73.989594,40.743088,2
2013-01-13 04:36:00,-73.95015,40.776131,6
2013-01-13 04:33:00,-73.940323,40.789219,1
2013-01-13 04:40:00,-73.998657,40.738197,5
2013-01-13 04:47:00,-74.006912,40.73991,3
2013-01-13 04:45:00,-73.990814,404.55759,2
2013-01-13 04:36:00,-73.998871,40.722927,1
2013-01-13 04:55:00,-73.997017,40.74728,1
2013-01-13 04:35:00,-73.969421,40.763699,1
2013-01-13 04:46:00,-73.985115,40.727684,2
2013-01-13 04:25:00,-73.968269,40.755138,5
2013-01-13 04:44:00,-73.964081,40.761375,6
2013-01-13 04:33:00,-73.93824,40.749981,2
2013-01-13 04:29:00,-73.986259,40.750336,1
2013-01-13 05:00:00,-73.992989,40.752892,1
2013-01-13 05:12:00,-73.991486,40.759521,4
2013-01-13 05:15:00,-73.979797,40.734982,1
2013-01-13 04:58:00,-73.955978,40.771896,1
2013-01-13 05:10:00,-73.984467,40.73901,1
2013-01-13 05:15:00,-73.916031,40.764404,1
2013-01-13 05:15:00,-73.997452,40.763832,1
2013-01-13 05:22:00,-73.975616,40.751839,1
2013-01-13 05:22:00,-73.994118,40.746494,6
2013-01-13 05:11:00,-73.997284,40.737656,1
2013-01-13 05:24:00,-73.98893,40.718925,1
2013-01-13 05:12:00,-73.911064,40.775928,1
2013-01-13 05:08:00,-73.987236,40.722473,2
2013-01-13 05:20:00,-73.990791,40.761086,1
2013-01-13 05:21:00,-73.973839,40.789486,1
2013-01-13 05:36:00,-73.978516,40.745075,2
2013-01-13 05:31:00,-73.986679,40.72578,6
2013-01-13 04:59:00,-73.965477,40.760979,2
2013-01-13 05:07:00,-74.002678,40.719711,1
2013-01-13 08:40:00,-73.989723,40.726955,3
2013-01-13 08:43:00,-73.973473,40.752022,6
2013-01-13 08:46:00,-74.007027,40.741604,2
2013-01-02 09:17:00,-73.986145,40.74308,1
2013-01-13 08:48:00,-73.92408,40.74398,1
2013-01-13 08:46:00,-73.948967,40.773521,1
2013-01-13 08:49:00,-73.98175,40.768108,5
2013-01-13 04:33:00,-73.973686,40.754215,3
2013-01-13 04:36:00,-73.983475,40.726139,3
2013-01-13 04:39:00,-73.964439,40.802303,2
2013-01-13 04:34:00,-73.998505,40.729557,2
2013-01-13 04:17:00,-74.006111,40.739925,6
2013-01-13 04:41:00,-73.995186,40.755081,1
2013-01-13 04:41:00,-73.991936,40.721985,1
2013-01-13 04:31:00,-73.977097,40.749817,1
2013-01-13 04:31:00,0.0,0.0,1
2013-01-13 04:39:00,-73.987938,40.732014,1
2013-01-13 04:43:00,-73.99176,40.722023,1
2013-01-13 04:36:00,-73.984802,40.736443,2
2013-01-13 04:39:00,-74.007858,40.726021,5
2013-01-13 04:22:00,-73.922485,40.754692,5
2013-01-13 04:43:00,0.0,0.0,1
2013-01-13 04:30:00,-74.000519,40.732124,2
2013-01-13 04:40:00,-73.987816,40.667297,1
2013-01-13 04:39:00,-73.99514,40.760258,2
2013-01-13 04:45:00,-73.979637,40.743645,5
2013-01-13 04:43:00,-73.939758,40.714684,6
2013-01-13 04:48:00,0.0,0.0,1
2013-01-13 04:24:00,-74.005203,40.740627,1
2013-01-13 04:44:00,-73.986343,40.758186,1
2013-01-13 04:04:00,-73.986588,40.747494,6
2013-01-13 04:05:00,-74.002487,40.719887,1
2013-01-13 04:33:00,-73.966949,40.756802,2
2013-01-13 04:10:00,-73.978134,40.729561,1
2013-01-13 04:28:00,-73.983635,40.726082,5
2013-01-13 04:47:00,-73.97187,40.762226,5
2013-01-13 04:27:00,-74.007072,40.743408,1
2013-01-13 04:40:00,-73.947372,40.81496,1
2013-01-13 04:03:00,-73.989716,40.729626,1
2013-01-13 04:09:00,-73.984909,40.721748,1
2013-01-13 04:11:00,-73.989815,40.7201,1
2013-01-13 03:58:00,-74.002327,40.728031,1
2013-01-13 04:10:00,-74.006989,40.725883,3
2013-01-13 04:15:00,-73.999069,40.740768,2
2013-01-13 04:14:00,-73.977837,40.763496,1
2013-01-13 04:15:00,-73.996788,40.762878,5
2013-01-13 04:14:00,-74.009789,40.712482,3
2013-01-13 04:10:00,-73.993591,40.757187,1
2013-01-13 03:43:00,-73.983475,40.767952,1
2013-01-13 03:56:00,0.0,0.0,6
2013-01-13 03:51:00,-73.984108,40.725349,1
2013-01-13 03:50:00,-74.004875,40.740803,1
2013-01-13 03:51:00,-73.999985,40.737858,4
2013-01-13 03:44:00,-73.940132,40.709572,1
2013-01-13 03:35:00,-73.990051,40.687275,1
2013-01-13 03:57:00,-74.008797,40.719006,5
2013-01-13 03:30:00,-74.002312,40.723072,1
2013-01-13 08:48:00,-73.985237,40.762886,1
2013-01-13 08:54:00,-73.975533,40.781803,2
2013-01-13 08:53:00,-73.997902,40.741032,1
2013-01-13 08:51:00,-73.987724,40.749649,1
2013-01-13 08:51:00,-73.994942,40.725082,1
2013-01-13 08:48:00,-73.995438,40.730644,1
2013-01-13 08:50:00,-73.980049,40.783596,5
2013-01-13 08:47:00,-73.983299,40.738583,2
2013-01-13 08:49:00,-73.971741,40.787025,1
2013-01-13 08:38:00,-73.967857,40.762707,6
2013-01-13 08:47:00,-73.962692,40.758461,6
2013-01-13 08:44:00,-73.989418,40.757721,2
2013-01-13 08:51:00,-73.970711,40.792404,5
2013-01-13 08:49:00,-73.975845,40.788948,2
2013-01-13 08:51:00,-73.981117,40.784279,1
2013-01-13 08:41:00,0.0,0.0,1
2013-01-13 08:56:00,-73.969696,40.748592,6
2013-01-13 08:42:00,-73.781807,40.644695,2
2013-01-13 08:47:00,-73.942245,40.777184,1
2013-01-13 08:33:00,-73.985985,40.718025,3
2013-01-13 08:48:00,-73.990036,40.756264,1
2013-01-13 09:01:00,-73.964905,40.791561,1
2013-01-13 08:52:00,-73.962845,40.760921,1
2013-01-13 08:49:00,-73.975677,40.753242,1
2013-01-13 09:01:00,-74.000694,40.73233,2
2013-01-13 10:34:00,-74.002426,40.729328,1
2013-01-13 10:35:00,-73.96373,40.757027,1
2013-01-13 10:39:00,-73.992226,40.75885,1
2013-01-13 10:22:00,-73.991081,40.75555,6
2013-01-13 10:25:00,-73.986252,40.73698,3
2013-01-13 10:21:00,-73.984505,40.760788,2
2013-01-13 10:30:00,-73.874222,40.773766,1
2013-01-13 10:34:00,-73.973213,40.76405,4
2013-01-13 10:30:00,-73.987373,40.758728,2
2013-01-13 10:33:00,-73.955154,40.785748,1
2013-01-13 10:25:00,-73.990654,40.761383,1
2013-01-13 10:37:00,-73.963432,40.766068,6
2013-01-13 10:29:00,-74.008385,40.706509,1
2013-01-13 10:35:00,-73.953979,40.784569,6
2013-01-13 10:37:00,-73.968033,40.771198,1
2013-01-13 10:25:00,-73.920403,40.743652,1
2013-01-13 04:07:00,-73.991745,40.744255,6
2013-01-13 04:06:00,-73.9972,40.722054,1
2013-01-13 04:22:00,-73.776413,40.645451,5
2013-01-13 04:12:00,0.0,0.0,1
2013-01-13 04:15:00,-73.971695,40.76292,1
2013-01-13 04:11:00,-73.95948,40.808987,1
2013-01-13 04:17:00,-73.967751,40.755882,5
2013-01-13 03:56:00,-73.995178,40.759346,1
2013-01-13 04:10:00,-74.006561,40.74398,6
2013-01-13 04:11:00,-73.989113,40.752426,1
2013-01-13 04:06:00,-73.990997,40.723904,2
2013-01-13 04:20:00,-73.950951,40.774803,1
2013-01-13 03:57:00,-73.992714,40.758186,1
2013-01-13 04:17:00,-73.984589,40.724506,5
2013-01-13 04:05:00,-74.001328,40.717422,2
2013-01-13 03:51:00,-73.977737,40.684376,2
2013-01-13 03:42:00,-73.999023,40.761211,5
2013-01-13 03:53:00,-73.98835,40.723316,1
2013-01-13 03:56:00,-73.983566,40.764816,1
2013-01-13 03:35:00,-73.993195,40.71912,1
2013-01-13 03:37:00,-74.005135,40.741322,1
2013-01-13 03:44:00,-73.987747,40.72937,1
2013-01-13 03:44:00,-74.000359,40.730125,1
2013-01-13 03:47:00,-73.954491,40.7169,1
2013-01-13 03:44:00,-73.989746,40.729691,1
2013-01-13 03:40:00,-74.002464,40.749992,5
2013-01-13 03:59:00,0.0,0.0,1
2013-01-13 03:53:00,-73.914742,40.730804,5
2013-01-13 03:50:00,-73.956413,40.778259,1
2013-01-13 03:45:00,-74.007065,40.741455,1
2013-01-13 03:44:00,-73.948868,40.70673,1
2013-01-13 03:52:00,-74.000778,40.746281,1
2013-01-13 03:51:00,-73.951385,40.714058,1
2013-01-13 03:55:00,-73.980453,40.730495,1
2013-01-13 04:16:00,-73.989029,40.763283,2
2013-01-13 04:17:00,0.0,0.0,1
2013-01-13 03:44:00,-73.949478,40.714081,1
2013-01-13 03:50:00,-73.988487,40.748432,1
2013-01-13 03:43:00,-73.998459,40.745144,1
2013-01-13 03:55:00,-73.833328,40.750095,1
2013-01-13 03:50:00,-74.000084,40.758221,5
2013-01-13 03:46:00,-73.986633,40.725807,1
2013-01-13 03:32:00,-73.977631,40.76181,2
2013-01-13 03:53:00,-74.0028,40.733658,5
2013-01-13 03:47:00,-73.971565,40.76244,1
2013-01-13 03:23:00,-73.989388,40.730293,6
2013-01-13 03:52:00,-74.001076,40.718822,1
2013-01-13 03:39:00,-73.965271,40.801006,2
2013-01-13 03:22:00,-73.987946,40.718616,6
2013-01-13 03:51:00,-74.00502,40.741177,1
2013-01-13 03:43:00,-73.966301,40.761559,5
2013-01-13 03:55:00,-74.005318,40.740143,1
2013-01-13 03:52:00,-73.991814,40.7272,1
2013-01-13 03:57:00,-73.977509,40.78442,2
2013-01-13 03:56:00,-73.980515,40.746731,1
2013-01-13 03:51:00,-73.963791,40.803078,2
2013-01-13 03:24:00,-73.983208,40.726498,5
2013-01-13 03:56:00,-74.003403,40.74239,5
2013-01-13 08:51:00,-73.980209,40.782124,6
2013-01-13 09:01:00,-73.999435,40.73254,1
2013-01-13 08:50:00,-73.987755,40.733425,4
2013-01-13 08:43:00,-73.949654,40.827602,2
2013-01-13 08:43:00,-73.98304,40.767616,2
2013-01-13 01:22:00,-73.952179,40.7873,3
2013-01-13 01:14:00,-73.98851,40.748482,1
2013-01-13 01:22:00,-73.999535,40.743954,1
2013-01-13 01:05:00,-73.972481,40.756268,2
2013-01-13 00:39:00,-73.988304,40.734581,6
2013-01-13 00:46:00,-73.987251,40.735798,1
2013-01-13 00:59:00,-73.958473,40.714836,1
2013-01-13 00:56:00,0.0,0.0,1
2013-01-13 01:00:00,-73.988579,40.737041,5
2013-01-13 00:48:00,-74.00338,40.732426,2
2013-01-13 00:58:00,-73.981079,40.781898,1
2013-01-13 00:55:00,-74.005615,40.745663,5
2013-01-13 00:51:00,-74.006371,40.739513,1
2013-01-13 00:53:00,-73.987915,40.759922,1
2013-01-13 00:53:00,-73.968117,40.759438,1
2013-01-13 00:38:00,-73.992302,40.717747,2
2013-01-13 00:55:00,-73.998619,40.676762,1
2013-01-13 00:58:00,-73.995964,40.753799,1
2013-01-13 00:55:00,-73.968544,40.761719,1
2013-01-13 00:47:00,-73.993835,40.75679,3
2013-01-13 01:03:00,-73.967827,40.765404,1
2013-01-13 00:47:00,-74.005356,40.739933,1
2013-01-13 00:47:00,-73.975868,40.744946,6
2013-01-13 00:49:00,-73.974335,40.783474,2
2013-01-13 00:57:00,-73.989616,40.735188,1
2013-01-13 00:55:00,-73.967209,40.762547,1
2013-01-13 00:54:00,-74.004051,40.740467,2
2013-01-13 00:55:00,-73.985779,40.738262,1
2013-01-13 00:59:00,-73.988251,40.737728,1
2013-01-13 00:59:00,-74.008812,40.716286,1
2013-01-13 00:44:00,-73.987785,40.721256,2
2013-01-13 01:00:00,-74.002831,40.743885,2
2013-01-13 01:02:00,-73.973289,40.678406,3
2013-01-13 00:57:00,-73.971779,40.762917,1
2013-01-13 00:49:00,-74.005234,40.728855,3
2013-01-13 00:55:00,-73.983978,40.761398,5
2013-01-13 05:57:00,-73.956627,40.778191,2
2013-01-13 06:09:00,-73.983231,40.762524,1
2013-01-13 06:12:00,-74.000984,40.676434,1
2013-01-13 05:53:00,-73.782082,40.644806,1
2013-01-13 06:03:00,-73.959335,40.774387,1
2013-01-13 06:11:00,-74.00428,40.758499,1
2013-01-13 06:12:00,-73.978111,40.729572,1
2013-01-13 06:16:00,-73.991539,40.753731,1
2013-01-13 06:12:00,-73.988159,40.718426,1
2013-01-13 06:18:00,-73.962677,40.760754,1
2013-01-13 06:14:00,-73.988182,40.718437,3
2013-01-13 06:04:00,-73.98793,40.738163,1
2013-01-13 06:04:00,-73.981613,40.730995,1
2013-01-13 06:23:00,-74.002495,40.729141,1
2013-01-13 05:57:00,-73.787987,40.641663,1
2013-01-13 05:53:00,-73.781944,40.644718,1
2013-01-13 06:20:00,-73.985428,40.735859,1
2013-01-13 06:08:00,-73.93219,40.751221,1
2013-01-13 06:22:00,-73.99662,40.752983,5
2013-01-13 06:07:00,-74.002777,40.738724,6
2013-01-13 06:22:00,-73.989464,40.734047,1
2013-01-13 06:22:00,-73.985832,40.744423,1
2013-01-13 06:07:00,-73.998611,40.720684,3
2013-01-13 06:27:00,-73.981979,40.744953,1
2013-01-13 06:13:00,-73.927803,40.744438,5
2013-01-13 06:30:00,-73.969955,40.797306,5
2013-01-13 06:44:00,-73.996208,40.737961,1
2013-01-13 06:39:00,-73.99028,40.770351,1
2013-01-13 06:19:00,-73.786118,40.641403,1
2013-01-13 06:21:00,-73.998871,40.727936,1
2013-01-13 06:39:00,-73.991234,40.750164,1
2013-01-13 06:44:00,-73.955864,40.782242,5
2013-01-13 06:36:00,-73.996284,40.733109,2
2013-01-13 06:39:00,-74.006195,40.734245,1
2013-01-13 06:35:00,-73.988457,40.727703,1
2013-01-13 06:43:00,-73.979118,40.74733,1
2013-01-13 05:16:00,-73.998512,40.754364,1
2013-01-13 05:17:00,-74.006165,40.741337,1
2013-01-13 05:33:00,-73.980499,40.748516,3
2013-01-13 05:17:00,-73.988838,40.729069,1
2013-01-13 05:32:00,-73.920692,40.743217,5
2013-01-13 05:25:00,0.0,0.0,6
2013-01-13 05:11:00,-74.008621,40.719936,1
2013-01-13 05:25:00,-73.961349,40.701866,1
2013-01-13 05:31:00,-73.999115,40.727901,1
2013-01-13 05:34:00,-73.979317,40.744446,1
2013-01-13 05:45:00,-73.989502,40.757866,1
2013-01-13 05:53:00,-73.965797,40.650429,2
2013-01-13 05:37:00,-73.973083,40.732021,5
2013-01-13 05:42:00,-73.967751,40.751411,6
2013-01-13 05:41:00,-73.997086,40.762615,2
2013-01-13 05:40:00,-73.945099,40.782658,1
2013-01-13 05:43:00,-73.930779,40.760933,1
2013-01-13 05:37:00,-73.99807,40.763233,6
2013-01-13 06:00:00,-73.984955,40.724174,1
2013-01-13 06:02:00,-73.9814,40.78043,1
2013-01-13 05:42:00,-73.959824,40.775215,5
2013-01-13 04:06:00,-74.002113,40.733795,1
2013-01-13 04:35:00,-73.99736,40.721485,2
2013-01-13 04:29:00,-73.98954,40.719097,5
2013-01-13 04:38:00,-73.993637,40.721161,1
2013-01-13 04:33:00,-73.987198,40.733372,1
2013-01-13 04:34:00,-73.988571,40.721584,5
2013-01-13 04:39:00,-73.98468,40.764206,6
2013-01-13 04:37:00,-73.949722,40.785416,1
2013-01-13 04:37:00,-73.971283,40.762821,6
2013-01-13 04:28:00,-73.997505,40.721092,1
2013-01-13 04:32:00,-73.982391,40.766907,1
2013-01-13 04:48:00,0.0,0.0,1
2013-01-13 04:27:00,-74.00174,40.730713,1
2013-01-13 04:34:00,-73.996742,40.763474,6
2013-01-13 04:42:00,-73.970932,40.758156,1
2013-01-13 04:48:00,-73.980431,40.734318,1
2013-01-13 04:31:00,-73.99794,40.713707,2
2013-01-13 04:31:00,-73.98539,40.727631,5
2013-01-13 04:50:00,-73.964058,40.767887,1
2013-01-13 04:33:00,-73.986893,40.729645,3
2013-01-13 04:39:00,-73.983749,40.760174,1
2013-01-13 04:22:00,-73.99408,40.766651,5
2013-01-13 04:51:00,-73.994186,40.731022,1
2013-01-13 04:50:00,0.0,0.0,2
2013-01-13 04:55:00,-73.968285,40.753933,6
2013-01-13 10:26:00,-73.986923,40.767666,5
2013-01-13 10:30:00,-73.982285,40.775883,1
2013-01-13 10:32:00,-73.928238,40.76947,1
2013-01-13 10:26:00,-73.950829,40.745068,1
2013-01-13 10:34:00,-73.994255,40.751003,1
2013-01-13 10:34:00,-73.918205,40.744862,2
2013-01-13 10:37:00,-73.967926,40.755936,1
2013-01-13 10:26:00,-73.97084,40.798744,1
2013-01-13 10:27:00,-73.993515,40.731243,1
2013-01-13 10:32:00,-74.001572,40.746738,5
2013-01-13 10:37:00,-73.947693,40.783493,5
2013-01-13 10:33:00,-73.98185,40.766106,1
2013-01-13 10:25:00,-73.946526,40.777012,1
2013-01-13 10:26:00,-73.963058,40.762909,6
2013-01-13 10:38:00,-73.980095,40.734856,6
2013-01-13 10:28:00,-73.92305,40.74387,1
2013-01-13 10:35:00,-73.994217,40.740955,6
2013-01-13 10:26:00,-73.953033,40.786076,2
2013-01-13 10:39:00,-73.992668,40.723846,6
2013-01-13 10:39:00,-73.827553,40.713055,1
2013-01-13 04:37:00,-74.002724,40.751202,5
2013-01-13 04:29:00,-73.951698,40.714706,1
2013-01-13 04:38:00,-73.98941,40.719589,5
2013-01-13 04:33:00,-73.945824,40.786083,2
2013-01-13 04:31:00,-73.988297,40.720097,1
2013-01-13 05:55:00,-73.979439,40.682549,1
2013-01-13 06:02:00,-73.999557,40.738716,1
2013-01-13 06:09:00,-73.998619,40.714268,1
2013-01-13 06:07:00,-73.971092,40.759064,1
2013-01-13 06:04:00,-73.993233,40.762703,1
2013-01-13 06:10:00,-73.981926,40.728561,1
2013-01-13 06:18:00,-73.988388,40.718555,2
2013-01-13 06:21:00,-73.988518,40.774071,2
2013-01-13 06:08:00,-73.988098,40.761295,5
2013-01-13 06:25:00,-73.986389,40.715946,5
2013-01-13 06:17:00,-73.993164,40.722862,1
2013-01-13 06:12:00,-73.987045,40.750385,2
2013-01-13 06:30:00,-73.98333,40.749218,1
2013-01-13 06:28:00,-73.977379,40.631966,1
2013-01-13 06:25:00,-73.965019,40.759853,1
2013-01-13 03:34:00,-73.996941,40.720192,3
2013-01-13 03:43:00,-73.973618,40.748001,1
2013-01-13 03:56:00,-73.988655,40.731213,1
2013-01-13 04:04:00,-73.970993,40.751259,3
2013-01-13 04:01:00,-74.005585,40.726299,6
2013-01-13 03:58:00,-73.987595,40.719646,3
2013-01-13 04:02:00,0.0,0.0,1
2013-01-13 03:28:00,-73.989624,40.72937,6
2013-01-13 03:44:00,-73.992401,40.724819,1
2013-01-13 04:03:00,-73.990608,40.72459,5
2013-01-13 04:44:00,-73.986046,40.669472,3
2013-01-13 04:36:00,-73.995659,40.700333,1
2013-01-13 04:47:00,-73.985176,40.727638,1
2013-01-13 04:45:00,-73.988586,40.764023,2
2013-01-13 04:48:00,0.0,0.0,1
2013-01-13 04:42:00,-73.988426,40.764202,1
2013-01-13 04:52:00,-73.990051,40.732834,5
2013-01-13 04:36:00,-73.983238,40.738644,1
2013-01-13 04:47:00,-73.966949,40.756802,2
2013-01-13 04:40:00,-74.019867,40.635536,5
2013-01-13 04:52:00,-73.993355,40.747181,1
2013-01-13 04:46:00,-73.965202,40.756687,1
2013-01-13 04:46:00,-73.997215,40.746094,1
2013-01-13 04:38:00,-73.997421,40.714058,1
2013-01-13 04:34:00,-73.992683,40.757786,5
2013-01-13 04:49:00,-73.99157,40.726875,1
2013-01-13 04:55:00,-73.996651,40.737492,1
2013-01-13 04:56:00,-73.984604,40.724606,2
2013-01-13 04:48:00,-73.956757,40.712708,5
2013-01-13 04:55:00,-73.968391,40.791645,1
2013-01-13 04:48:00,-73.964119,40.765034,1
2013-01-13 04:44:00,-73.986305,40.730335,1
2013-01-13 04:39:00,-73.996483,40.763458,1
2013-01-13 04:56:00,-73.985893,40.722752,1
2013-01-13 04:51:00,-73.98053,40.764957,3
2013-01-13 03:43:00,-73.919479,40.766514,1
2013-01-13 03:49:00,-73.953339,40.771381,2
2013-01-13 03:51:00,-73.984207,40.727219,1
2013-01-13 03:47:00,-73.933235,40.71442,2
2013-01-13 03:33:00,-73.980865,40.781742,2
2013-01-13 03:54:00,-73.961823,40.771091,1
2013-01-13 03:48:00,-73.987679,40.728607,1
2013-01-13 03:25:00,-73.997826,40.763916,1
2013-01-13 03:43:00,-73.981178,40.741497,2
2013-01-13 03:46:00,-74.001068,40.729176,3
2013-01-13 02:04:00,-73.991142,40.744381,3
2013-01-13 02:12:00,-73.987175,40.761936,1
2013-01-13 02:07:00,-73.982025,40.743286,5
2013-01-13 02:09:00,0.0,0.0,1
2013-01-13 01:59:00,-74.004974,40.743282,6
2013-01-13 02:12:00,-73.951057,40.724205,6
2013-01-13 02:01:00,-73.976738,40.78587,6
2013-01-13 02:05:00,-73.981934,40.764397,1
2013-01-13 02:08:00,-73.984215,40.695114,1
2013-01-13 02:05:00,-73.937584,40.758011,1
2013-01-13 02:12:00,-73.980118,40.764507,1
2013-01-13 02:24:00,-73.990463,40.718903,5
2013-01-13 02:08:00,-74.002403,40.734364,2
2013-01-13 02:13:00,-74.002472,40.750153,1
2013-01-13 03:52:00,-73.968628,40.760983,6
2013-01-13 03:49:00,-73.983742,40.667969,1
2013-01-13 03:47:00,-73.98243,40.747551,1
2013-01-13 03:56:00,-73.983276,40.696236,6
2013-01-13 03:51:00,-73.924606,40.762959,1
2013-01-13 03:49:00,-73.984467,40.721733,1
2013-01-13 03:55:00,-74.007126,40.7346,1
2013-01-13 03:56:00,-73.996582,40.763306,1
2013-01-13 03:47:00,-73.947708,40.775047,1
2013-01-13 03:48:00,-73.952553,40.776733,1
2013-01-13 03:42:00,-73.917198,40.764957,5
2013-01-13 03:46:00,-73.968697,40.758625,3
2013-01-13 03:48:00,-73.997772,40.736183,5
2013-01-13 03:49:00,-74.003929,40.742992,1
2013-01-13 03:55:00,-73.97683,40.753971,1
2013-01-13 03:41:00,-73.985474,40.719193,1
2013-01-13 03:40:00,-73.991623,40.727024,2
2013-01-13 03:59:00,-74.001114,40.731716,5
2013-01-13 01:50:00,-73.986603,40.747517,1
2013-01-13 01:59:00,-74.003067,40.733276,5
2013-01-13 01:59:00,-73.978516,40.752636,3
2013-01-13 02:12:00,-73.990051,40.733177,3
2013-01-13 02:04:00,-73.922256,40.706192,1
2013-01-13 02:07:00,-73.975616,40.750481,1
2013-01-13 03:46:00,-74.005081,40.741219,1
2013-01-13 04:08:00,-73.991585,40.744991,1
2013-01-13 03:46:00,-73.942329,40.700878,5
2013-01-13 04:02:00,-73.973351,40.747906,5
2013-01-13 04:07:00,-73.987122,40.729427,1
2013-01-13 04:07:00,-73.988495,40.731392,1
2013-01-13 04:16:00,-74.001259,40.731213,1
2013-01-13 03:48:00,-74.006409,40.744556,5
2013-01-13 04:10:00,-73.987015,40.725136,1
2013-01-13 03:59:00,-73.945282,40.725578,1
2013-01-13 03:58:00,-73.986694,40.747471,1
2013-01-13 03:55:00,-74.007416,40.740974,1
2013-01-13 03:58:00,-74.005402,40.738762,1
2013-01-13 04:03:00,-74.005112,40.741238,1
2013-01-13 04:11:00,-73.989174,40.742939,6
2013-01-13 04:10:00,-73.970764,40.762413,5
2013-01-13 03:48:00,-73.975723,40.748882,5
2013-01-13 04:10:00,-73.9776,40.745514,6
2013-01-13 03:38:00,-73.989738,40.720211,2
2013-01-13 04:10:00,-73.992035,40.763962,5
2013-01-13 03:55:00,-73.982529,40.728771,1
2013-01-13 04:07:00,-73.919754,40.743103,6
2013-01-13 03:35:00,-73.999084,40.734238,1
2013-01-13 04:09:00,-74.00415,40.742188,1
2013-01-13 04:37:00,-74.005219,40.719387,5
2013-01-13 04:44:00,-73.981186,40.750046,4
2013-01-13 04:45:00,-74.012718,40.716125,1
2013-01-13 04:50:00,-73.988503,40.749908,1
2013-01-13 04:43:00,-73.946281,40.780418,2
2013-01-13 04:37:00,-73.960518,40.761398,5
2013-01-13 04:47:00,-73.985268,40.747524,3
2013-01-13 04:47:00,-73.988274,40.723572,5
2013-01-13 04:49:00,-73.97493,40.787628,1
2013-01-13 04:46:00,-73.986137,40.776653,5
2013-01-13 04:47:00,-73.960701,40.775166,5
2013-01-13 04:45:00,-73.980598,40.745163,1
2013-01-13 04:44:00,-73.988808,40.722248,1
2013-01-13 09:07:00,-73.984055,40.770226,2
2013-01-13 09:10:00,-73.987762,40.77013,1
2013-01-13 09:14:00,-73.967522,40.756191,1
2013-01-13 09:11:00,-73.948196,40.774433,1
2013-01-13 09:15:00,-73.965439,40.76289,5
2013-01-13 09:20:00,-73.969849,40.75724,5
2013-01-13 09:23:00,-73.967293,40.765152,1
2013-01-13 09:17:00,-73.980972,40.744968,1
2013-01-13 09:09:00,-73.96022,40.778915,6
2013-01-13 09:11:00,-73.969185,40.798538,2
2013-01-13 09:23:00,-73.952721,40.786247,1
2013-01-13 09:28:00,-74.004517,40.716309,1
2013-01-13 04:36:00,-73.910873,40.776287,5
2013-01-13 04:43:00,-73.987793,40.737942,1
2013-01-13 04:36:00,-74.005966,40.735603,1
2013-01-13 04:50:00,-73.97467,40.752533,1
2013-01-13 04:33:00,-73.98671,40.755657,1
2013-01-13 04:54:00,-74.002113,40.734756,3
2013-01-13 04:39:00,-74.006088,40.739899,2
2013-01-13 04:44:00,-73.999977,40.761349,1
2013-01-13 04:58:00,-73.929565,40.745564,6
2013-01-13 04:40:00,-73.953629,40.714123,1
2013-01-13 04:47:00,-73.972946,40.755161,4
2013-01-13 04:50:00,-74.002647,40.739597,1
2013-01-13 05:03:00,-73.98893,40.773548,1
2013-01-13 09:15:00,-73.951248,40.810001,2
2013-01-13 09:04:00,-73.933342,40.855423,1
2013-01-13 09:21:00,-73.980278,40.765362,5
2013-01-13 09:14:00,-73.987968,40.743851,1
2013-01-13 09:09:00,-73.990944,40.755299,1
2013-01-13 09:22:00,-73.985359,40.763401,2
2013-01-13 09:22:00,-73.975365,40.789906,1
2013-01-13 09:17:00,-73.924316,40.761478,1
2013-01-13 09:20:00,-73.981422,40.74968,1
2013-01-13 09:22:00,-73.989082,40.778423,1
2013-01-13 09:30:00,-73.977531,40.742626,1
2013-01-13 09:29:00,-74.009033,40.7136,2
2013-01-13 03:54:00,-73.992043,40.724781,1
2013-01-13 03:50:00,-73.979782,40.734905,3
2013-01-13 03:31:00,-73.961838,40.770931,5
2013-01-13 01:50:00,-74.008217,40.735554,5
2013-01-13 01:55:00,-73.994003,40.74107,1
2013-01-13 02:12:00,-73.991463,40.727108,1
2013-01-13 02:06:00,-74.002724,40.733566,5
2013-01-13 02:06:00,-73.942757,40.714802,2
2013-01-13 02:17:00,-73.971649,40.794899,1
2013-01-13 02:04:00,-73.979675,40.743767,6
2013-01-13 02:04:00,-73.985191,40.71907,1
2013-01-13 02:13:00,-73.988548,40.736954,1
2013-01-13 02:02:00,-73.988449,40.764111,1
2013-01-13 02:12:00,-74.001175,40.729336,1
2013-01-13 02:09:00,-73.988914,40.718807,1
2013-01-13 02:06:00,-73.98716,40.729378,1
2013-01-13 02:05:00,-74.003288,40.731724,2
2013-01-13 02:03:00,-73.955147,40.716343,5
2013-01-13 02:09:00,-74.006645,40.74427,2
2013-01-13 02:12:00,-74.005852,40.745274,3
2013-01-13 02:08:00,-73.985565,40.727215,1
2013-01-13 02:09:00,-74.00518,40.728683,1
2013-01-13 02:12:00,-73.983749,40.743824,1
2013-01-13 02:19:00,-73.949524,40.776985,1
2013-01-13 02:11:00,0.0,0.0,2
2013-01-13 04:44:00,-73.986481,40.730312,5
2013-01-13 04:21:00,-73.987831,40.718578,1
2013-01-13 04:33:00,-73.982872,40.762657,5
2013-01-13 04:39:00,-73.988335,40.741032,1
2013-01-13 04:20:00,-74.007996,40.739105,3
2013-01-13 04:42:00,-73.961548,40.7645,6
2013-01-13 04:21:00,-73.874283,40.734882,1
2013-01-13 04:39:00,-73.980583,40.782398,1
2013-01-13 04:32:00,-73.978264,40.745468,1
2013-01-13 04:47:00,-73.96917,40.786163,6
2013-01-13 04:38:00,-73.999741,40.733227,1
2013-01-13 04:46:00,-73.976952,40.745152,1
2013-01-13 04:41:00,-73.995682,40.738682,1
2013-01-13 04:26:00,-74.000954,40.762257,6
2013-01-13 04:47:00,-73.970711,40.751602,1
2013-01-13 09:17:00,-73.967415,40.759708,1
2013-01-13 09:22:00,-74.008308,40.721619,1
2013-01-13 09:10:00,-73.951569,40.793499,5
2013-01-13 09:14:00,-73.99604,40.759808,5
2013-01-13 09:29:00,-73.961067,40.780907,1
2013-01-13 09:21:00,-73.977737,40.763542,1
2013-01-13 09:24:00,-73.96756,40.784649,1
2013-01-13 09:12:00,-73.976074,40.765671,6
2013-01-13 09:09:00,-73.98291,40.767517,5
2013-01-13 04:39:00,-73.955414,40.776817,5
2013-01-13 04:45:00,-73.988937,40.72163,1
2013-01-13 04:49:00,-73.992584,40.758236,1
2013-01-13 04:44:00,-73.985031,40.741936,5
2013-01-13 04:44:00,-73.991898,40.721947,2
2013-01-13 04:45:00,-73.947151,40.781727,1
2013-01-13 04:09:00,-73.991783,40.744362,6
2013-01-13 09:22:00,-73.952667,40.768177,1
2013-01-13 09:18:00,-73.965012,40.775383,5
2013-01-13 09:01:00,-73.984688,40.768448,5
2013-01-13 09:22:00,-73.979782,40.775887,1
2013-01-13 09:19:00,-73.918449,40.771538,1
2013-01-13 09:24:00,-73.94503,40.77877,1
2013-01-13 09:26:00,-73.992027,40.737938,1
2013-01-13 09:25:00,-73.985703,40.735355,1
2013-01-13 04:33:00,-73.975937,40.750477,1
2013-01-13 09:14:00,-73.980927,40.759651,6
2013-01-13 09:22:00,-73.95536,40.773586,2
2013-01-13 09:25:00,-73.973663,40.763714,1
2013-01-13 09:30:00,-73.970764,40.748676,1
2013-01-13 09:20:00,-73.918976,40.771965,5
2013-01-13 09:16:00,-73.990875,40.750801,2
2013-01-13 09:27:00,-73.945145,40.778713,1
2013-01-13 09:28:00,-73.951431,40.771866,5
2013-01-13 09:06:00,-73.98024,40.745525,1
2013-01-13 09:27:00,-73.96563,40.774246,5
2013-01-13 04:32:00,-73.996109,40.723866,5
2013-01-13 04:22:00,-73.993431,40.75227,5
2013-01-13 04:32:00,-73.978645,40.724346,1
2013-01-13 04:20:00,-73.997726,40.716808,4
2013-01-13 04:08:00,-73.98864,40.74839,2
2013-01-13 04:40:00,-73.98597,40.727066,1
2013-01-13 04:37:00,-73.956055,40.719418,1
2013-01-13 04:45:00,-73.967255,40.760208,6
2013-01-02 14:40:00,-73.872917,40.774067,1
2013-01-13 04:31:00,-73.995583,40.725056,1
2013-01-13 04:38:00,-73.985611,40.7472,1
2013-01-13 04:46:00,0.0,0.0,2
2013-01-13 04:32:00,-73.983749,40.725716,1
2013-01-13 04:43:00,-74.00663,40.744213,1
2013-01-13 04:29:00,-73.988075,40.72884,5
2013-01-13 04:45:00,-74.002579,40.739815,5
2013-01-13 04:42:00,-73.976753,40.749096,1
2013-01-13 04:42:00,-73.993385,40.721607,1
2013-01-13 04:38:00,-73.986633,40.730057,1
2013-01-13 04:31:00,-73.996841,40.737415,1
2013-01-13 04:33:00,-73.98687,40.729649,5
2013-01-13 04:33:00,-73.981544,40.778511,1
2013-01-13 04:24:00,-74.000359,40.732422,1
2013-01-13 04:39:00,-73.997047,40.763519,1
2013-01-13 04:29:00,-73.993141,40.761292,1
2013-01-13 04:41:00,-73.9897,40.741432,1
2013-01-13 04:32:00,-73.997093,40.763512,2
2013-01-13 04:23:00,-73.990601,40.719376,1
2013-01-13 04:12:00,-73.885719,40.738586,3
2013-01-13 04:28:00,-73.987625,40.760311,3
2013-01-13 04:37:00,-73.998833,40.713661,1
2013-01-13 04:36:00,-74.005966,40.740051,1
2013-01-13 04:02:00,-73.993706,40.721027,6
2013-01-13 04:31:00,-74.00383,40.726101,3
2013-01-13 04:13:00,-73.987709,40.719296,1
2013-01-13 04:31:00,-73.988762,40.722099,6
2013-01-13 04:21:00,-73.988068,40.722668,1
2013-01-13 04:32:00,-73.988617,40.719479,1
2013-01-13 04:19:00,-73.981697,40.766796,5
2013-01-13 04:23:00,-73.988327,40.764256,1
2013-01-13 04:15:00,-73.983688,40.761257,2
2013-01-13 04:45:00,-73.982841,40.76712,1
2013-01-13 04:47:00,-73.858536,40.728283,1
2013-01-13 04:31:00,-73.987976,40.72226,5
2013-01-13 04:37:00,-73.988029,40.764606,1
2013-01-13 04:32:00,-73.995956,40.758984,2
2013-01-13 04:38:00,-73.917183,40.771046,1
2013-01-13 04:44:00,-73.983833,40.73185,4
2013-01-13 04:47:00,-74.004745,40.751907,1
2013-01-13 04:40:00,-74.004929,40.740856,1
2013-01-13 10:34:00,-73.991798,40.742596,1
2013-01-13 02:12:00,-73.980835,40.729729,1
2013-01-13 02:05:00,-73.999031,40.727962,1
2013-01-13 02:03:00,-73.950935,40.723927,1
2013-01-13 02:10:00,-73.987465,40.739754,1
2013-01-13 02:04:00,-73.983414,40.72599,2
2013-01-13 01:58:00,-73.952034,40.778053,5
2013-01-13 02:08:00,-73.956581,40.780788,1
2013-01-13 02:03:00,-73.991074,40.718208,1
2013-01-13 02:07:00,-74.003052,40.733311,2
2013-01-13 02:04:00,-73.939072,40.750031,6
2013-01-13 02:08:00,-73.989861,40.733517,1
2013-01-13 02:11:00,-73.982231,40.743034,2
2013-01-13 02:14:00,-73.994614,40.724819,6
2013-01-13 02:07:00,-73.949936,40.722134,5
2013-01-13 02:13:00,-73.972588,40.752678,1
2013-01-13 02:09:00,-73.990059,40.730358,5
2013-01-13 02:10:00,-73.984062,40.725372,2
2013-01-13 02:01:00,-73.988457,40.727406,5
2013-01-13 02:07:00,-73.990204,40.718498,5
2013-01-13 02:09:00,-73.983307,40.749447,4
2013-01-13 02:14:00,-73.9804,40.742531,1
2013-01-13 02:11:00,-73.984428,40.728851,5
2013-01-13 02:02:00,-74.001244,40.731861,1
2013-01-13 04:40:00,-74.003258,40.742481,3
2013-01-13 06:01:00,-73.997498,40.721115,1
2013-01-13 05:26:00,-73.95594,40.764046,1
2013-01-13 06:16:00,0.0,0.0,2
2013-01-13 06:10:00,-73.951431,40.774075,2
2013-01-13 05:54:00,-73.794456,40.644638,1
2013-01-13 06:17:00,-73.978645,40.724205,1
2013-01-13 06:11:00,-73.972992,40.754559,1
2013-01-12 19:17:00,-74.011505,40.703098,5
2013-01-13 05:53:00,-73.786896,40.641773,4
2013-01-13 06:06:00,-73.993134,40.742924,1
2013-01-13 06:20:00,-73.942551,40.786541,1
2013-01-13 06:15:00,-73.978142,40.763237,1
2013-01-13 06:22:00,-73.9823,40.776905,1
2013-01-13 06:16:00,-74.010521,40.71891,1
2013-01-13 06:16:00,-73.987419,40.729073,5
2013-01-13 06:15:00,-73.965317,40.759609,1
2013-01-13 06:22:00,-73.986084,40.762459,1
2013-01-13 05:57:00,-73.77668,40.645351,2
2013-01-13 06:07:00,-74.00518,40.729221,3
2013-01-13 06:23:00,-73.951439,40.689713,2
2013-01-13 06:05:00,-73.982521,40.76749,6
2013-01-13 06:07:00,-73.786629,40.641064,6
2013-01-13 06:24:00,-73.990318,40.756363,1
2013-01-13 06:21:00,-73.957794,40.769295,2
2013-01-13 10:26:00,-73.983032,40.742081,1
2013-01-13 10:28:00,-73.981995,40.732079,2
2013-01-13 10:29:00,-73.99778,40.756592,1
2013-01-13 10:29:00,-73.982468,40.737892,1
2013-01-13 10:32:00,-73.982483,40.777534,2
2013-01-13 10:25:00,-73.953911,40.78141,1
2013-01-13 10:21:00,-73.925179,40.875977,6
2013-01-13 10:05:00,-73.994537,40.689983,1
2013-01-13 10:33:00,-73.782501,40.644028,1
2013-01-13 10:27:00,-73.984406,40.768414,2
2013-01-13 03:51:00,-73.988899,40.718884,1
2013-01-13 03:23:00,-73.999931,40.738651,1
2013-01-13 03:51:00,-73.989311,40.721096,1
2013-01-13 03:40:00,-73.989769,40.725685,1
2013-01-13 03:54:00,-73.999641,40.758076,1
2013-01-13 03:42:00,-74.002853,40.749454,1
2013-01-13 03:50:00,-74.00563,40.725311,1
2013-01-13 03:42:00,-73.996834,40.737202,1
2013-01-13 03:47:00,-74.005501,40.738811,6
2013-01-13 03:49:00,-74.000923,40.718651,3
2013-01-13 03:50:00,-73.924034,40.743591,1
2013-01-13 03:45:00,-74.00528,40.740147,1
2013-01-13 03:46:00,-73.982285,40.751469,6
2013-01-13 03:57:00,-74.042862,40.720322,1
2013-01-13 10:10:00,-73.979454,40.735466,2
2013-01-13 10:28:00,-73.96093,40.807037,2
2013-01-13 10:29:00,-73.999084,40.761494,2
2013-01-13 10:33:00,-73.959366,40.780155,2
2013-01-13 10:23:00,-73.971458,40.795166,1
2013-01-13 10:28:00,-73.97348,40.678703,1
2013-01-13 10:34:00,-73.997406,40.741703,1
2013-01-13 10:39:00,-73.971291,40.798092,1
2013-01-13 10:37:00,-73.966232,40.804066,2
2013-01-13 10:29:00,-73.981018,40.779823,5
2013-01-13 10:30:00,-73.951752,40.7817,1
2013-01-13 10:33:00,-73.965225,40.755428,1
2013-01-13 10:30:00,-73.936249,40.849716,1
2013-01-13 10:33:00,-73.991531,40.756817,1
2013-01-13 10:33:00,-73.978378,40.766457,1
2013-01-13 10:35:00,-73.983833,40.731918,1
2013-01-13 10:38:00,-73.967812,40.800873,5
2013-01-13 10:37:00,-73.991676,40.754799,1
2013-01-13 10:37:00,-73.967224,40.759884,1
2013-01-13 10:32:00,-73.98645,40.758278,6
2013-01-13 10:19:00,-74.000931,40.676018,2
2013-01-13 10:36:00,-73.963593,40.771755,1
2013-01-13 10:20:00,-73.948463,40.776352,1
2013-01-13 04:19:00,-73.995232,40.759483,5
2013-01-13 04:00:00,-74.000069,40.727116,4
2013-01-13 04:39:00,-73.980751,40.782581,1
2013-01-13 04:30:00,-73.996437,40.760006,1
2013-01-13 04:31:00,-73.985962,40.732792,1
2013-01-13 04:26:00,-73.98658,40.761581,6
2013-01-13 04:33:00,-73.988022,40.718628,4
2013-01-13 04:22:00,-73.984383,40.742847,5
2013-01-13 04:07:00,-74.009537,40.706257,1
2013-01-13 04:36:00,-73.991714,40.722076,1
2013-01-13 04:23:00,-73.983437,40.728321,1
2013-01-13 04:35:00,-73.888786,40.74728,6
2013-01-13 04:39:00,-73.923576,40.761139,2
2013-01-13 04:27:00,-74.000832,40.762096,3
2013-01-13 04:37:00,-74.005775,40.727806,5
2013-01-13 09:18:00,-73.993294,40.733356,1
2013-01-13 09:03:00,-74.009445,40.714996,1
2013-01-13 09:17:00,-73.982979,40.781857,2
2013-01-13 09:19:00,-73.984917,40.74464,1
2013-01-13 09:17:00,-73.916679,40.743656,1
2013-01-13 09:17:00,-73.985649,40.760036,1
2013-01-13 09:08:00,-73.979332,40.749222,5
2013-01-13 09:17:00,-73.966232,40.764915,1
2013-01-13 09:13:00,-73.950966,40.770641,1
2013-01-13 09:13:00,-73.923462,40.743504,1
2013-01-13 09:17:00,-73.96907,40.790707,1
2013-01-13 09:18:00,-73.973434,40.747944,6
2013-01-13 04:41:00,-73.984596,40.75864,1
2013-01-13 04:49:00,-73.990471,40.740326,1
2013-01-13 04:53:00,-73.985199,40.741989,1
2013-01-13 04:59:00,-73.997948,40.750942,2
2013-01-13 04:45:00,-73.982536,40.757061,1
2013-01-13 04:48:00,-74.003342,40.725086,2
2013-01-13 05:01:00,-73.989929,40.734497,3
2013-01-13 01:55:00,-73.989311,40.718822,1
2013-01-13 02:02:00,-73.947418,40.711308,3
2013-01-13 01:59:00,-73.982048,40.751701,1
2013-01-13 02:09:00,-73.983231,40.763058,2
2013-01-13 02:06:00,-73.981819,40.768902,2
2013-01-13 02:07:00,-73.953018,40.779877,5
2013-01-13 02:16:00,-73.989037,40.758522,1
2013-01-13 02:00:00,-73.982422,40.731216,1
2013-01-13 01:54:00,-73.993515,40.740047,6
2013-01-13 01:57:00,-74.007355,40.709843,1
2013-01-13 02:10:00,-73.997864,40.735909,1
2013-01-13 02:09:00,-74.00927,40.706127,1
2013-01-13 02:11:00,-73.980148,40.726978,2
2013-01-13 02:10:00,-74.001068,40.733841,2
2013-01-13 02:13:00,-73.99649,40.74789,6
2013-01-13 02:02:00,-73.938416,40.847652,1
2013-01-13 02:13:00,-73.98542,40.732449,4
2013-01-13 02:14:00,-73.993584,40.721252,1
2013-01-13 02:01:00,-73.988609,40.718815,1
2013-01-13 01:46:00,-73.994507,40.714458,5
2013-01-13 02:11:00,-73.991051,40.728085,1
2013-01-13 02:02:00,-74.003883,40.743023,6
2013-01-13 02:07:00,-73.967186,40.757141,1
2013-01-13 02:07:00,-73.984734,40.753056,5
2013-01-13 02:17:00,-73.984276,40.725075,4
2013-01-13 02:06:00,-74.00647,40.737442,5
2013-01-13 02:07:00,-73.884399,40.739292,1
2013-01-13 02:02:00,-73.925667,40.772102,6
2013-01-13 02:12:00,-73.991188,40.760418,1
2013-01-13 02:18:00,0.0,0.0,1
2013-01-13 02:05:00,-73.979408,40.761124,1
2013-01-13 02:11:00,-73.984879,40.732204,5
2013-01-13 02:09:00,-73.978058,40.734287,6
2013-01-13 02:10:00,-73.949638,40.780975,1
2013-01-13 02:03:00,-73.973511,40.751308,3
2013-01-13 02:12:00,-73.966553,40.683384,1
2013-01-13 02:14:00,-73.972305,40.749744,1
2013-01-13 02:15:00,-73.983032,40.762676,5
2013-01-13 02:09:00,-73.978729,40.724308,6
2013-01-13 02:17:00,-73.982544,40.747318,1
2013-01-13 09:23:00,-73.977158,40.787571,4
2013-01-13 09:22:00,-74.006615,40.74868,5
2013-01-13 09:27:00,-73.986427,40.759636,1
2013-01-13 09:18:00,-73.980049,40.732265,1
2013-01-13 09:19:00,-73.948029,40.787113,1
2013-01-13 09:15:00,-73.955421,40.767971,1
2013-01-13 09:18:00,-73.981171,40.78178,5
2013-01-13 09:24:00,-73.981224,40.720726,1
2013-01-13 09:29:00,-73.974297,40.759068,2
2013-01-13 09:21:00,-73.981262,40.720798,1
2013-01-13 09:16:00,-73.955818,40.78207,1
2013-01-13 09:17:00,-73.94989,40.776272,1
2013-01-13 09:24:00,-73.988457,40.774223,2
2013-01-13 09:26:00,-73.979233,40.781818,5
2013-01-13 09:20:00,-73.981689,40.783581,1
2013-01-13 09:15:00,-73.986061,40.727932,1
2013-01-13 09:16:00,-73.98439,40.765469,1
2013-01-13 09:22:00,-73.98584,40.731003,3
2013-01-13 09:24:00,-74.016296,40.711472,1
2013-01-13 09:25:00,-73.953651,40.767151,1
2013-01-13 09:34:00,-73.962234,40.767067,1
2013-01-13 09:18:00,-73.980782,40.763645,5
2013-01-13 09:28:00,-74.008377,40.714378,1
2013-01-13 09:30:00,-74.003426,40.714321,2
2013-01-13 09:28:00,-73.969887,40.750847,3
2013-01-13 09:29:00,-73.981972,40.762592,2
2013-01-13 09:38:00,-73.971687,40.797333,1
2013-01-13 02:07:00,-73.982124,40.731152,5
2013-01-13 02:14:00,-73.982964,40.722721,2
2013-01-13 02:15:00,-73.99102,40.765907,1
2013-01-13 02:02:00,-73.985657,40.717892,1
2013-01-13 02:13:00,-73.991463,40.763767,1
2013-01-13 02:10:00,-73.990936,40.760963,2
2013-01-13 02:05:00,-73.965065,40.710896,1
2013-01-13 02:09:00,-73.968491,40.759151,1
2013-01-13 02:10:00,-74.002701,40.733871,2
2013-01-13 02:10:00,-74.009361,40.738037,1
2013-01-13 02:10:00,-73.995293,40.719772,5
2013-01-13 02:07:00,-73.971581,40.751228,5
2013-01-13 02:10:00,-73.981567,40.750397,1
2013-01-13 02:01:00,-74.004478,40.72282,1
2013-01-13 01:51:00,-74.002846,40.733425,5
2013-01-13 02:08:00,-73.968483,40.761627,1
2013-01-13 01:58:00,-73.985886,40.727676,1
2013-01-13 02:04:00,-73.985016,40.728981,1
2013-01-13 02:06:00,-73.9888,40.71883,6
2013-01-13 02:13:00,-73.955887,40.772312,3
2013-01-13 01:48:00,-73.965027,40.759819,2
2013-01-13 01:56:00,-73.982224,40.756508,5
2013-01-13 01:46:00,-73.961731,40.764118,1
2013-01-13 02:04:00,-73.959068,40.716606,1
2013-01-13 09:29:00,-73.98304,40.766773,1
2013-01-13 09:21:00,-73.985718,40.762764,2
2013-01-13 09:22:00,-73.967865,40.765533,6
2013-01-13 09:22:00,-73.955627,40.776962,1
2013-01-13 09:26:00,-73.96299,40.766438,1
2013-01-13 09:26:00,-73.979477,40.750175,1
2013-01-13 09:25:00,-73.982285,40.78273,4
2013-01-13 09:27:00,-73.981117,40.749447,1
2013-01-13 09:23:00,-73.981018,40.784225,1
2013-01-13 09:21:00,-73.980896,40.749416,1
2013-01-13 09:23:00,-73.958839,40.774937,5
2013-01-13 09:11:00,-74.000191,40.719753,1
2013-01-13 09:25:00,-73.953842,40.806477,1
2013-01-13 09:32:00,-73.989449,40.730247,1
2013-01-13 09:29:00,-74.005653,40.727711,1
2013-01-13 09:28:00,-73.978851,40.787704,2
2013-01-13 09:33:00,-73.968903,40.761494,1
2013-01-13 09:29:00,-73.995499,40.739456,1
2013-01-13 09:30:00,-73.984154,40.769875,2
2013-01-13 09:34:00,-73.979446,40.771564,1
2013-01-13 09:30:00,-73.998001,40.742691,1
2013-01-13 09:24:00,-73.949051,40.781784,6
2013-01-13 09:18:00,-73.997307,40.756916,1
2013-01-13 09:26:00,-73.992867,40.752815,6
2013-01-13 02:14:00,-74.004364,40.724937,1
2013-01-13 01:37:00,-74.00441,40.719585,2
2013-01-13 02:09:00,-73.993233,40.719078,1
2013-01-13 02:09:00,0.0,0.0,1
2013-01-13 01:36:00,-74.003899,40.725662,1
2013-01-13 02:00:00,-73.989502,40.726189,1
2013-01-13 01:49:00,-73.993088,40.742573,1
2013-01-13 02:05:00,-73.987366,40.729118,1
2013-01-13 02:08:00,-74.0009,40.718586,1
2013-01-13 02:09:00,-73.980179,40.760235,1
2013-01-13 02:13:00,-73.96315,40.778011,2
2013-01-13 02:05:00,-73.995331,40.719601,1
2013-01-13 02:11:00,-73.976265,40.744511,5
2013-01-13 02:05:00,-73.987434,40.758987,1
2013-01-13 02:12:00,-73.994118,40.758266,6
2013-01-13 04:25:00,-73.982719,40.731369,2
2013-01-13 04:42:00,-73.990288,40.718918,5
2013-01-13 04:38:00,-74.001595,40.73378,1
2013-01-13 04:38:00,-73.989822,40.723312,2
2013-01-13 04:52:00,-73.972404,40.758484,1
2013-01-13 04:32:00,-73.988319,40.748405,1
2013-01-13 04:44:00,-73.953049,40.779877,1
2013-01-13 04:52:00,-73.989075,40.721539,2
2013-01-13 04:47:00,-73.985909,40.75639,5
2013-01-13 09:21:00,-73.961411,40.798664,1
2013-01-13 09:20:00,-73.973511,40.754841,1
2013-01-13 09:30:00,-73.989311,40.749142,5
2013-01-13 09:13:00,-73.917046,40.749538,1
2013-01-13 09:25:00,-74.001312,40.736248,1
2013-01-13 09:25:00,-73.976242,40.775894,1
2013-01-13 09:23:00,-73.98674,40.740547,1
2013-01-13 09:24:00,-73.981216,40.733212,1
2013-01-13 09:23:00,0.0,0.0,1
2013-01-13 09:26:00,-73.998253,40.682152,1
2013-01-13 09:15:00,-73.997078,40.723152,1
2013-01-13 09:28:00,-73.978477,40.772766,1
2013-01-13 09:20:00,-74.008377,40.745522,1
2013-01-13 09:25:00,-73.971123,40.786201,3
2013-01-13 09:43:00,-73.986382,40.759335,1
2013-01-13 09:19:00,-73.993019,40.747608,1
2013-01-13 09:20:00,-73.995461,40.759411,5
2013-01-13 09:30:00,-73.993202,40.751991,5
2013-01-13 09:31:00,-74.012917,40.715813,6
2013-01-13 09:15:00,-73.97451,40.755936,1
2013-01-13 09:21:00,-73.943207,40.836586,5
2013-01-13 09:09:00,-73.974365,40.762943,1
2013-01-13 09:27:00,-73.955124,40.768909,6
2013-01-13 09:29:00,-73.984093,40.737442,1
2013-01-13 09:31:00,-73.988724,40.748257,2
2013-01-13 09:17:00,-73.934967,40.756657,1
2013-01-13 09:27:00,-73.962234,40.770229,1
2013-01-13 09:27:00,-73.991005,40.745407,1
2013-01-13 09:21:00,-73.979675,40.77618,1
2013-01-13 09:33:00,-73.98204,40.771164,1
2013-01-13 09:33:00,-73.9617,40.777081,1
2013-01-13 09:28:00,-73.962952,40.763256,6
2013-01-13 09:33:00,-73.981499,40.764992,1
2013-01-13 09:15:00,-73.977386,40.742962,1
2013-01-13 09:31:00,-73.987068,40.75605,1
2013-01-13 09:16:00,-74.012672,40.704239,1
2013-01-13 09:31:00,-73.949097,40.783337,1
2013-01-13 09:24:00,-73.981758,40.778355,1
2013-01-13 09:29:00,-73.981201,40.750092,1
2013-01-13 09:27:00,-73.965797,40.759949,1
2013-01-13 09:32:00,-73.962929,40.77227,2
2013-01-13 09:32:00,-73.98925,40.773205,1
2013-01-13 09:31:00,-73.966545,40.770378,6
2013-01-13 03:45:00,-74.005127,40.720596,5
2013-01-13 03:53:00,-73.972992,40.785202,6
2013-01-13 03:49:00,-73.988525,40.728931,5
2013-01-13 03:56:00,-73.995247,40.760166,1
2013-01-13 03:50:00,-73.94458,40.834648,5
2013-01-13 03:50:00,-73.989571,40.720516,1
2013-01-13 03:56:00,-74.004356,40.73077,5
2013-01-13 04:32:00,-73.989342,40.752293,1
2013-01-13 04:29:00,-73.980614,40.752766,5
2013-01-13 04:54:00,-73.988556,40.748619,5
2013-01-13 04:58:00,-73.999786,40.728481,2
2013-01-13 04:33:00,-73.987602,40.759071,1
2013-01-13 04:32:00,-74.001534,40.730858,1
2013-01-02 16:23:00,-73.985687,40.741199,2
2013-01-13 04:38:00,-73.984123,40.748302,5
2013-01-13 04:49:00,-73.951622,40.713928,1
2013-01-13 04:56:00,-73.951859,40.773296,1
2013-01-13 04:47:00,0.0,0.0,5
2013-01-13 04:48:00,-73.997711,40.715305,4
2013-01-13 04:58:00,-73.996986,40.757641,1
2013-01-13 04:57:00,-73.985596,40.752209,6
2013-01-13 04:57:00,-73.99369,40.720932,1
2013-01-13 04:58:00,-74.003441,40.732056,5
2013-01-13 05:01:00,-73.981033,40.75914,1
2013-01-13 05:03:00,-73.985985,40.740711,1
2013-01-13 04:52:00,-73.993111,40.742317,1
2013-01-13 04:39:00,-73.981194,40.737942,1
2013-01-13 04:41:00,-73.986488,40.761581,1
2013-01-13 04:59:00,-73.946465,40.780472,5
2013-01-13 11:03:00,-73.786179,40.712196,1
2013-01-13 11:11:00,-73.980408,40.745392,1
2013-01-13 11:08:00,-73.955032,40.780396,3
2013-01-13 11:15:00,-73.954422,40.783775,1
2013-01-13 04:56:00,-73.977234,40.745304,1
2013-01-13 04:43:00,-74.006721,40.744106,5
2013-01-13 04:41:00,-73.998161,40.682365,5
2013-01-13 04:37:00,-73.974312,40.7229,1
2013-01-13 04:50:00,-73.951576,40.714256,1
2013-01-13 04:42:00,-73.99382,40.721008,1
2013-01-13 05:00:00,-74.006325,40.733849,1
2013-01-13 05:05:00,-73.988655,40.764366,3
2013-01-13 04:56:00,-74.006882,40.743721,1
2013-01-13 04:56:00,-73.949173,40.785027,1
2013-01-13 04:50:00,-73.996704,40.763302,1
2013-01-13 04:42:00,-73.991386,40.755047,5
2013-01-13 04:48:00,-73.982956,40.743595,1
2013-01-13 04:45:00,-73.992378,40.754902,5
2013-01-13 04:46:00,0.0,0.0,1
2013-01-13 05:01:00,-73.969307,40.785477,1
2013-01-13 11:16:00,-73.97139,40.746834,6
2013-01-13 11:10:00,-73.991379,40.750488,5
2013-01-13 11:15:00,-73.96376,40.768539,3
2013-01-13 11:15:00,-73.979172,40.766418,1
2013-01-13 11:12:00,-73.97773,40.765175,5
2013-01-13 11:09:00,-73.965919,40.792439,1
2013-01-13 11:08:00,-73.986359,40.759785,1
2013-01-13 11:15:00,-73.99411,40.735287,1
2013-01-13 02:11:00,-73.985184,40.727642,1
2013-01-13 02:06:00,-73.985413,40.761936,1
2013-01-13 01:32:00,-74.005211,40.740643,1
2013-01-13 01:59:00,-73.997429,40.756844,5
2013-01-13 02:09:00,-74.006851,40.735565,2
2013-01-13 02:13:00,-73.98893,40.736641,2
2013-01-13 01:37:00,-74.002136,40.733665,1
2013-01-13 02:02:00,-73.994072,40.722717,1
2013-01-13 02:12:00,-73.990082,40.733028,1
2013-01-13 02:11:00,-74.004066,40.722046,5
2013-01-13 02:01:00,-74.000595,40.735703,1
2013-01-13 02:09:00,-73.972115,40.756088,5
2013-01-13 01:59:00,-73.975105,40.719067,1
2013-01-13 06:09:00,-73.982658,40.723106,1
2013-01-13 06:20:00,0.0,0.0,1
2013-01-13 05:56:00,-73.987228,40.747784,2
2013-01-13 06:14:00,-73.974945,40.77758,2
2013-01-13 06:19:00,-74.004227,40.738056,1
2013-01-13 05:53:00,-73.996353,40.737926,1
2013-01-13 06:06:00,-73.782181,40.644642,1
2013-01-13 06:15:00,-73.986687,40.747711,1
2013-01-13 06:28:00,-74.002579,40.742649,1
2013-01-13 06:13:00,-73.98822,40.732048,1
2013-01-13 06:00:00,-73.983696,40.758381,6
2013-01-13 06:09:00,-73.96917,40.790646,1
2013-01-13 03:34:00,-73.99968,40.731129,1
2013-01-13 03:56:00,-74.006432,40.741398,1
2013-01-13 03:46:00,-73.975761,40.749962,2
2013-01-13 03:47:00,-73.979668,40.687397,1
2013-01-13 03:55:00,-73.997314,40.725765,1
2013-01-13 03:51:00,-73.989136,40.720291,1
2013-01-13 03:37:00,-74.007172,40.741463,1
2013-01-13 03:57:00,-73.979401,40.761566,5
2013-01-13 03:48:00,-73.997208,40.721428,1
2013-01-13 04:01:00,-73.994469,40.727692,4
2013-01-13 03:57:00,-73.981293,40.725147,1
2013-01-13 04:00:00,-73.968102,40.759319,2
2013-01-13 04:01:00,0.0,0.0,1
2013-01-13 03:56:00,-73.997406,40.721169,5
2013-01-13 03:59:00,-73.987312,40.724789,1
2013-01-13 03:55:00,-73.959908,40.762661,1
2013-01-13 03:56:00,-73.983047,40.722736,1
2013-01-13 11:07:00,-73.974564,40.747311,5
2013-01-13 11:02:00,-73.944107,40.775959,1
2013-01-13 10:56:00,-73.986694,40.763088,4
2013-01-13 10:56:00,-74.005264,40.720623,3
2013-01-13 11:24:00,-73.970871,40.751701,1
2013-01-13 04:48:00,-74.005981,40.735737,1
2013-01-13 04:41:00,-74.005409,40.726383,4
2013-01-13 04:25:00,-74.002045,40.73978,3
2013-01-13 06:38:00,-73.965851,40.76263,5
2013-01-13 06:34:00,-73.782074,40.644604,6
2013-01-13 06:33:00,-73.837074,40.740345,1
2013-01-13 06:24:00,-73.787956,40.641434,1
2013-01-13 06:36:00,-73.992599,40.763653,1
2013-01-13 06:40:00,-73.99942,40.733868,2
2013-01-13 06:40:00,0.0,0.0,1
2013-01-13 06:28:00,-74.008606,40.724308,1
2013-01-13 06:48:00,-73.990913,40.733601,1
2013-01-13 06:20:00,-73.994003,40.761536,1
2013-01-13 06:46:00,-73.980385,40.722038,3
2013-01-13 06:43:00,-73.989685,40.746952,5
2013-01-13 04:37:00,-73.976219,40.747871,1
2013-01-13 04:24:00,-73.988724,40.748684,5
2013-01-13 04:41:00,-74.00106,40.729168,5
2013-01-13 04:38:00,-73.989464,40.739697,1
2013-01-13 04:32:00,-74.00631,40.716682,1
2013-01-13 04:40:00,-73.976799,40.739162,5
2013-01-13 04:37:00,-73.983894,40.731041,6
2013-01-13 04:18:00,-73.981812,40.75156,5
2013-01-13 04:27:00,-73.989464,40.757656,1
2013-01-13 04:52:00,-74.004402,40.733406,2
2013-01-13 04:51:00,-73.999184,40.728313,1
2013-01-13 04:44:00,-73.993439,40.721375,1
2013-01-13 09:03:00,-73.970337,40.748898,6
2013-01-13 09:14:00,-73.998077,40.682377,6
2013-01-13 09:09:00,-73.967598,40.764523,2
2013-01-13 09:24:00,-73.983948,40.737591,1
2013-01-13 09:20:00,-73.990013,40.767151,2
2013-01-13 09:19:00,-73.976974,40.749901,1
2013-01-13 09:12:00,-73.991646,40.749592,6
2013-01-13 09:10:00,-73.92437,40.761551,1
2013-01-13 09:23:00,-73.976234,40.745243,1
2013-01-13 09:28:00,-73.99379,40.76189,1
2013-01-13 09:24:00,-73.977066,40.774544,1
2013-01-13 09:03:00,-73.993591,40.763012,1
2013-01-13 09:26:00,-73.951614,40.782043,1
2013-01-13 09:25:00,-73.985786,40.762421,1
2013-01-13 09:26:00,-73.898712,40.749798,5
2013-01-13 09:16:00,-74.001755,40.709877,1
2013-01-13 09:31:00,-73.970055,40.799652,1
2013-01-13 09:24:00,-73.993057,40.762867,1
2013-01-13 09:13:00,-73.950356,40.78355,1
2013-01-13 09:15:00,-73.978699,40.783432,2
2013-01-13 09:15:00,-73.974777,40.762531,5
2013-01-13 09:24:00,-73.963585,40.774231,1
2013-01-13 09:21:00,-73.956963,40.780289,1
2013-01-13 09:06:00,-74.014618,40.704506,1
2013-01-13 05:41:00,-73.997131,40.722481,2
2013-01-13 02:10:00,-73.939842,40.707901,5
2013-01-13 02:13:00,-73.88089,40.747978,5
2013-01-13 02:00:00,-74.008347,40.714443,1
2013-01-13 01:49:00,-73.982368,40.775261,1
2013-01-13 02:13:00,-73.962502,40.719803,2
2013-01-13 02:11:00,-73.98381,40.737549,4
2013-01-13 02:04:00,-73.988632,40.718784,6
2013-01-13 02:17:00,-73.990822,40.734863,1
2013-01-13 02:12:00,-73.987297,40.718407,1
2013-01-13 02:09:00,-74.006897,40.716331,5
2013-01-13 02:11:00,-73.967789,40.762753,5
2013-01-13 02:05:00,-73.993507,40.724152,2
2013-01-13 02:05:00,-74.008255,40.725834,2
2013-01-13 02:16:00,-74.00322,40.732876,6
2013-01-13 02:05:00,-73.99054,40.718613,1
2013-01-13 02:11:00,-73.982475,40.771561,2
2013-01-13 02:09:00,-73.953888,40.816586,2
2013-01-13 01:59:00,-73.997765,40.721397,1
2013-01-13 03:45:00,-73.983192,40.749329,1
2013-01-13 03:43:00,-73.974693,40.762024,1
2013-01-13 03:39:00,-73.988472,40.723019,1
2013-01-13 03:57:00,-73.982285,40.766464,2
2013-01-13 03:57:00,-73.983093,40.730534,1
2013-01-13 03:46:00,-73.985474,40.763111,1
2013-01-13 03:44:00,-73.987,40.729408,4
2013-01-13 03:51:00,-74.000443,40.735386,1
2013-01-13 03:43:00,-73.91214,40.767467,6
2013-01-13 03:40:00,-73.970497,40.7939,1
2013-01-13 03:39:00,-73.987938,40.732128,2
2013-01-13 03:44:00,-73.977654,40.764908,5
2013-01-13 03:51:00,-73.991722,40.726246,6
2013-01-13 03:41:00,-74.004684,40.730293,1
2013-01-13 03:47:00,-73.970963,40.755322,1
2013-01-13 03:46:00,-73.982925,40.721291,1
2013-01-13 03:51:00,-73.979248,40.740574,5
2013-01-13 03:44:00,-73.98632,40.747776,2
2013-01-13 03:50:00,-73.985603,40.744263,5
2013-01-13 03:43:00,-73.951721,40.714916,1
2013-01-13 03:51:00,-74.006378,40.7393,6
2013-01-13 03:38:00,-73.989578,40.719124,4
2013-01-13 03:33:00,-74.002678,40.724953,5
2013-01-13 03:48:00,-73.972084,40.749485,1
2013-01-13 03:49:00,-73.988129,40.723583,1
2013-01-13 03:52:00,-73.995255,40.749611,6
2013-01-13 03:46:00,-73.974312,40.788593,5
2013-01-13 03:59:00,-73.992516,40.74321,4
2013-01-13 03:44:00,-73.982735,40.692261,1
2013-01-13 03:59:00,-73.960007,40.75592,1
2013-01-13 03:55:00,-73.9963,40.716251,6
2013-01-13 09:27:00,-73.974495,40.74205,1
2013-01-13 09:34:00,-73.954269,40.784355,1
2013-01-13 09:24:00,-73.969597,40.752956,1
2013-01-13 09:26:00,-73.984634,40.768433,1
2013-01-13 09:22:00,0.0,0.0,2
2013-01-13 09:20:00,-73.946381,40.806702,1
2013-01-13 09:24:00,-73.967163,40.761276,5
2013-01-13 09:13:00,-73.877022,40.772388,6
2013-01-13 09:15:00,-73.992424,40.75843,6
2013-01-13 09:31:00,-73.884949,40.741371,1
2013-01-13 09:19:00,-73.993752,40.762222,1
2013-01-13 09:22:00,-73.981926,40.774235,1
2013-01-13 09:22:00,-73.981926,40.732311,5
2013-01-13 09:29:00,-74.002708,40.739368,1
2013-01-13 09:29:00,-73.948975,40.778416,1
2013-01-13 09:43:00,-73.973808,40.784157,5
2013-01-13 09:23:00,-73.960052,40.762058,5
2013-01-13 09:29:00,-73.967941,40.801689,1
2013-01-13 09:10:00,-73.776817,40.645084,1
2013-01-13 09:35:00,-73.99128,40.755116,1
2013-01-13 09:22:00,-73.897255,40.754398,6
2013-01-13 09:23:00,-73.985252,40.744343,1
2013-01-13 09:20:00,-73.94696,40.791306,1
2013-01-13 09:31:00,-73.997833,40.729439,2
2013-01-13 09:25:00,-73.945633,40.774403,1
2013-01-13 03:42:00,-73.98494,40.763645,5
2013-01-13 03:51:00,-73.990585,40.72467,5
2013-01-13 03:58:00,-73.97879,40.777374,1
2013-01-13 03:40:00,-74.002968,40.733242,1
2013-01-13 03:48:00,-73.993187,40.719982,1
2013-01-13 03:44:00,-73.988213,40.722679,1
2013-01-13 03:07:00,-73.976517,40.744961,3
2013-01-13 03:57:00,0.0,0.0,2
2013-01-13 03:55:00,-74.009125,40.704224,6
2013-01-13 03:49:00,-73.987137,40.769531,1
2013-01-13 03:41:00,-73.990746,40.718224,1
2013-01-13 03:41:00,-73.987427,40.728992,6
2013-01-13 03:36:00,-74.001678,40.730698,1
2013-01-13 03:54:00,-73.987915,40.73822,1
2013-01-13 03:49:00,-73.999664,40.738567,5
2013-01-13 03:47:00,-74.004135,40.742668,1
2013-01-13 03:55:00,-73.944916,40.834171,1
2013-01-13 03:55:00,-73.960831,40.761169,1
2013-01-13 03:51:00,-74.006454,40.739498,1
2013-01-13 03:49:00,-74.000793,40.718086,1
2013-01-13 03:55:00,-73.961594,40.760704,5
2013-01-13 03:53:00,-73.985985,40.748184,2
2013-01-13 03:55:00,-73.984955,40.747772,2
2013-01-13 03:57:00,-73.99202,40.684399,2
2013-01-13 03:53:00,-73.976044,40.744911,1
2013-01-13 02:01:00,-73.980789,40.729836,3
2013-01-13 02:12:00,-74.006859,40.739849,1
2013-01-13 02:08:00,-73.995544,40.724834,3
2013-01-13 02:09:00,-73.98938,40.718857,1
2013-01-13 02:13:00,-73.989899,40.762161,1
2013-01-13 02:15:00,-73.997414,40.721283,3
2013-01-13 06:07:00,-73.967743,40.802956,1
2013-01-13 06:11:00,0.0,0.0,1
2013-01-13 05:47:00,-73.98465,40.72871,1
2013-01-13 06:16:00,-73.999695,40.743465,1
2013-01-13 06:13:00,-73.95182,40.784458,1
2013-01-13 06:01:00,-73.776848,40.645206,1
2013-01-13 05:59:00,-73.811287,40.693466,5
2013-01-13 05:54:00,-73.999107,40.726822,1
2013-01-13 06:18:00,-73.803642,40.678406,1
2013-01-13 06:13:00,0.0,0.0,1
2013-01-13 06:08:00,-73.782295,40.644676,2
2013-01-13 06:17:00,-73.86985,40.733669,2
2013-01-13 06:18:00,-73.96566,40.759247,1
2013-01-13 06:01:00,-74.008354,40.742077,3
2013-01-13 06:14:00,-73.993767,40.723957,1
2013-01-13 06:19:00,-74.006348,40.733238,1
2013-01-13 05:58:00,-73.781868,40.644737,1
2013-01-13 06:17:00,-73.911713,40.754852,1
2013-01-13 03:31:00,-73.997093,40.714703,1
2013-01-13 03:44:00,-73.994705,40.720573,1
2013-01-13 03:55:00,-73.994354,40.719307,1
2013-01-13 03:41:00,-73.989075,40.718697,2
2013-01-13 03:48:00,-73.984222,40.761333,1
2013-01-13 03:46:00,-74.004646,40.730278,1
2013-01-13 03:53:00,-73.983261,40.731647,6
2013-01-13 03:45:00,-73.959045,40.708801,6
2013-01-13 03:49:00,-73.989548,40.718822,5
2013-01-13 03:46:00,-74.00412,40.740467,1
2013-01-13 03:52:00,-73.95829,40.805367,1
2013-01-13 03:54:00,-74.000717,40.730751,2
2013-01-13 03:50:00,-73.994293,40.766449,5
2013-01-13 03:53:00,-74.005119,40.74641,4
2013-01-13 03:51:00,-73.990623,40.724613,1
2013-01-13 03:46:00,-74.007568,40.743546,6
2013-01-13 03:46:00,-74.00499,40.707005,5
2013-01-13 03:54:00,-74.004745,40.741615,1
2013-01-13 03:56:00,-73.985603,40.768147,1
2013-01-13 03:52:00,-73.96772,40.801414,5
2013-01-13 03:56:00,-73.985664,40.747166,3
2013-01-13 11:15:00,-73.966187,40.765003,2
2013-01-13 11:13:00,-73.993744,40.729252,1
2013-01-13 11:07:00,-73.998825,40.714733,5
2013-01-13 04:41:00,-73.980042,40.722351,2
2013-01-13 04:48:00,-73.988144,40.718616,2
2013-01-13 04:47:00,-74.004265,40.742428,1
2013-01-13 04:57:00,-73.990791,40.761181,2
2013-01-13 04:33:00,-73.981064,40.761871,1
2013-01-13 04:51:00,-73.981804,40.73513,6
2013-01-13 04:38:00,-73.967934,40.801762,1
2013-01-13 04:52:00,-73.98983,40.729492,1
2013-01-13 04:50:00,-73.980721,40.744888,1
2013-01-13 04:53:00,-73.905685,40.753502,5
2013-01-13 04:45:00,-74.00528,40.722057,5
2013-01-13 05:02:00,-73.982193,40.768227,2
2013-01-13 04:42:00,-73.991402,40.685379,2
2013-01-13 04:42:00,-73.884361,40.747761,1
2013-01-13 04:58:00,-73.992073,40.72179,1
2013-01-13 04:51:00,-73.983208,40.722237,6
2013-01-13 05:03:00,-73.977211,40.736191,1
2013-01-13 04:55:00,-73.992111,40.721653,2
2013-01-13 04:52:00,-73.955444,40.761593,1
2013-01-13 04:58:00,-74.00779,40.731701,1
2013-01-13 11:01:00,-73.988503,40.743057,2
2013-01-13 10:55:00,-73.984856,40.721924,1
2013-01-13 11:12:00,-73.970619,40.76741,1
2013-01-13 11:13:00,-73.991859,40.749981,2
2013-01-13 09:36:00,-73.967766,40.792027,3
2013-01-13 09:30:00,-73.992958,40.755249,1
2013-01-13 01:50:00,-74.013351,40.702335,1
2013-01-13 01:57:00,-73.99025,40.719349,1
2013-01-13 02:04:00,-73.987862,40.73819,1
2013-01-13 02:08:00,-73.994186,40.73513,1
2013-01-13 02:11:00,-73.993706,40.720833,1
2013-01-13 02:03:00,-74.009201,40.72599,1
2013-01-13 02:12:00,-74.000977,40.718132,5
2013-01-13 01:59:00,-73.965118,40.760002,1
2013-01-13 02:08:00,-73.950645,40.779335,5
2013-01-13 02:09:00,-74.006134,40.717148,1
2013-01-13 02:11:00,-73.965813,40.75444,1
2013-01-13 02:09:00,-73.989342,40.730156,1
2013-01-13 02:09:00,-73.980492,40.742355,3
2013-01-13 01:47:00,-73.948418,40.774132,2
2013-01-13 02:17:00,-73.985519,40.755707,1
2013-01-13 02:03:00,-73.994553,40.740452,1
2013-01-13 02:05:00,-73.98555,40.721924,1
2013-01-13 02:11:00,-73.992126,40.730705,5
2013-01-13 02:11:00,0.0,0.0,1
2013-01-13 02:10:00,-73.985626,40.743946,2
2013-01-13 02:13:00,-73.990227,40.768871,1
2013-01-13 02:13:00,-73.973259,40.795479,6
2013-01-13 02:09:00,-73.988007,40.732121,1
2013-01-13 03:59:00,-73.980713,40.729794,1
2013-01-13 03:57:00,-73.983795,40.731812,1
2013-01-13 03:55:00,-74.005852,40.748497,5
2013-01-13 03:47:00,-73.999474,40.733639,5
2013-01-13 03:49:00,-73.999947,40.730553,1
2013-01-13 03:39:00,-73.990692,40.734295,1
2013-01-13 03:26:00,-73.948441,40.774227,1
2013-01-13 03:48:00,-73.958138,40.717403,1
2013-01-13 03:49:00,-73.98056,40.721737,1
2013-01-13 03:51:00,-73.986931,40.72084,1
2013-01-13 11:16:00,-73.970398,40.796577,1
2013-01-13 10:55:00,-73.977348,40.774467,1
2013-01-13 11:16:00,-73.971527,40.782322,2
2013-01-13 11:16:00,-73.982063,40.778156,1
2013-01-13 11:18:00,-73.980759,40.774216,1
2013-01-13 11:08:00,-74.007545,40.712753,1
2013-01-13 11:03:00,-73.951904,40.777916,2
2013-01-13 11:16:00,-73.962311,40.770473,1
2013-01-13 11:14:00,0.0,0.0,5
2013-01-13 11:05:00,-73.990852,40.756596,5
2013-01-13 11:11:00,-73.978729,40.787071,1
2013-01-13 11:16:00,-73.992722,40.749279,1
2013-01-13 11:08:00,-73.97213,40.782143,2
2013-01-13 11:14:00,-73.985359,40.748718,1
2013-01-13 11:19:00,-73.979439,40.784847,5
2013-01-13 11:07:00,-73.982437,40.739704,1
2013-01-13 10:55:00,-73.873535,40.773956,1
2013-01-13 11:18:00,-73.981499,40.741199,6
2013-01-13 11:20:00,-73.951416,40.791092,1
2013-01-13 11:17:00,-73.978104,40.752396,1
2013-01-13 11:16:00,-73.982826,40.739475,1
2013-01-13 01:56:00,-73.999893,40.730778,1
2013-01-13 02:14:00,-73.972107,40.764793,1
2013-01-13 02:08:00,-73.977776,40.725697,1
2013-01-13 02:00:00,-73.989182,40.718765,1
2013-01-13 01:56:00,-74.008728,40.715847,1
2013-01-13 02:13:00,-74.003731,40.72237,2
2013-01-13 02:03:00,-73.961288,40.760357,2
2013-01-13 02:09:00,-73.9561,40.713943,1
2013-01-13 02:06:00,-73.999603,40.733456,2
2013-01-13 02:16:00,-73.985893,40.738247,4
2013-01-13 02:13:00,-73.981125,40.750423,2
2013-01-13 02:11:00,-73.996925,40.720478,3
2013-01-13 02:15:00,-73.990852,40.755684,1
2013-01-13 02:08:00,-73.991112,40.75568,3
2013-01-13 02:08:00,-73.982979,40.734982,1
2013-01-13 02:13:00,-73.977837,40.680206,3
2013-01-13 02:01:00,-74.004417,40.719452,1
2013-01-13 02:18:00,0.0,0.0,2
2013-01-13 11:16:00,0.0,0.0,1
2013-01-13 11:11:00,-73.97271,40.752659,4
2013-01-13 11:08:00,-73.987457,40.754288,2
2013-01-13 11:17:00,-73.989525,40.757175,1
2013-01-13 03:20:00,-73.984138,40.725231,1
2013-01-13 03:58:00,0.0,0.0,1
2013-01-13 03:24:00,-73.987328,40.760494,1
2013-01-13 03:56:00,-73.991158,40.75053,1
2013-01-13 03:41:00,-73.985992,40.726692,1
2013-01-13 03:33:00,-73.995331,40.759464,1
2013-01-13 03:46:00,-74.007599,40.740887,2
2013-01-13 03:35:00,-74.007462,40.741104,1
2013-01-13 03:54:00,-73.985603,40.726933,2
2013-01-13 03:39:00,-73.994553,40.719234,1
2013-01-13 03:49:00,-73.983849,40.727104,1
2013-01-13 04:01:00,-74.033775,40.750298,1
2013-01-13 03:50:00,-73.989082,40.721329,3
2013-01-13 03:49:00,-73.951042,40.774517,1
2013-01-13 03:46:00,-73.987282,40.729218,1
2013-01-13 03:57:00,-74.005432,40.709099,1
2013-01-13 03:47:00,-73.99527,40.724926,5
2013-01-13 03:57:00,-73.986366,40.721996,1
2013-01-13 03:40:00,-74.012993,40.717468,2
2013-01-13 03:54:00,-74.005676,40.738731,1
2013-01-13 03:48:00,-73.989143,40.721188,5
2013-01-13 04:30:00,-73.98954,40.757538,1
2013-01-13 04:33:00,-73.98407,40.737392,1
2013-01-13 04:45:00,-73.777893,40.647842,5
2013-01-13 04:51:00,-73.990204,40.734512,1
2013-01-13 04:48:00,-74.005638,40.741997,1
2013-01-13 04:27:00,-74.002579,40.739571,5
2013-01-13 04:49:00,-73.95314,40.780025,1
2013-01-13 04:54:00,-73.91964,40.772503,1
2013-01-13 04:37:00,-73.983658,40.725933,1
2013-01-13 04:43:00,-73.987305,40.691608,1
2013-01-13 04:50:00,-73.986076,40.722755,6
2013-01-13 04:54:00,-73.98819,40.724876,1
2013-01-13 04:48:00,-74.010887,40.708382,5
2013-01-13 04:51:00,-74.006752,40.739548,2
2013-01-13 04:44:00,-73.982788,40.731113,2
2013-01-13 04:41:00,-73.98645,40.755836,5
2013-01-13 04:37:00,-73.984375,40.724838,5
2013-01-13 04:50:00,-74.005219,40.719387,5
2013-01-13 04:36:00,-74.000969,40.747135,2
2013-01-13 04:47:00,-73.993568,40.721191,2
2013-01-13 04:52:00,-73.957817,40.717854,6
2013-01-13 04:51:00,-73.989059,40.766716,1
2013-01-13 04:45:00,-73.919281,40.769176,5
2013-01-13 04:15:00,-73.974304,40.762291,2
2013-01-13 06:19:00,-73.979988,40.726807,3
2013-01-13 06:18:00,-73.966675,40.804386,1
2013-01-13 05:59:00,-73.791,40.645451,1
2013-01-13 06:26:00,-73.991669,40.73822,1
2013-01-13 06:21:00,-73.985878,40.763275,1
2013-01-13 06:15:00,-73.977921,40.742039,1
2013-01-13 06:08:00,-73.776756,40.645504,1
2013-01-13 06:37:00,-74.001083,40.739159,1
2013-01-13 06:36:00,-73.886353,40.74453,1
2013-01-13 06:37:00,-73.991035,40.751305,3
2013-01-13 06:33:00,-73.961143,40.769485,1
2013-01-13 06:42:00,-73.993248,40.729496,2
2013-01-13 06:38:00,-73.991371,40.75095,6
2013-01-13 06:42:00,-74.00248,40.739616,1
2013-01-13 06:24:00,-74.000832,40.731777,1
2013-01-13 06:41:00,-73.973915,40.755127,1
2013-01-13 06:38:00,-73.973633,40.756371,2
2013-01-13 06:38:00,-73.995285,40.688324,1
2013-01-13 06:38:00,-73.988762,40.756783,6
2013-01-13 06:46:00,-73.993629,40.746376,1
2013-01-13 06:48:00,-73.786774,40.641113,1
2013-01-13 06:33:00,-73.988075,40.757069,1
2013-01-13 06:56:00,-73.956192,40.803883,1
2013-01-13 06:44:00,-73.9841,40.757107,1
2013-01-13 09:24:00,-73.992676,40.758549,1
2013-01-03 05:54:00,-73.77636,40.645481,1
2013-01-13 05:59:00,-73.99955,40.76165,5
2013-01-13 05:51:00,-74.006073,40.748566,1
2013-01-13 05:57:00,-73.98259,40.731236,1
2013-01-13 06:08:00,-74.000023,40.738766,1
2013-01-13 06:04:00,-74.009506,40.706448,1
2013-01-13 06:17:00,-73.982521,40.75684,1
2013-01-13 06:03:00,-73.987061,40.761208,1
2013-01-13 06:12:00,-73.948158,40.724579,1
2013-01-13 05:54:00,-73.781784,40.644733,1
2013-01-13 06:17:00,-73.986374,40.734604,5
2013-01-13 06:03:00,-73.925415,40.762257,6
2013-01-13 06:08:00,-73.978653,40.766045,1
2013-01-13 06:24:00,-73.935875,40.767384,1
2013-01-13 06:24:00,-73.982033,40.774696,1
2013-01-13 06:21:00,-73.992958,40.749645,2
2013-01-13 06:01:00,-73.949257,40.785015,4
2013-01-13 06:17:00,-73.992043,40.719852,1
2013-01-13 06:24:00,-74.024574,40.852791,2
2013-01-13 06:15:00,-73.923508,40.743923,3
2013-01-13 06:03:00,-73.776794,40.645267,1
2013-01-13 06:23:00,0.0,0.0,6
2013-01-13 06:24:00,-73.998146,40.763264,1
2013-01-13 06:23:00,-73.977501,40.749363,2
2013-01-13 06:12:00,-73.917145,40.758125,1
2013-01-13 06:19:00,-73.989067,40.722961,1
2013-01-13 04:43:00,-73.994354,40.766052,1
2013-01-13 04:46:00,-73.949745,40.780563,5
2013-01-13 04:24:00,-73.983818,40.764481,5
2013-01-13 04:33:00,-74.00338,40.722874,1
2013-01-13 04:46:00,-73.99984,40.714653,1
2013-01-13 04:48:00,-74.004257,40.742428,3
2013-01-13 04:50:00,-73.918144,40.839764,1
2013-01-13 04:29:00,-73.976974,40.787731,1
2013-01-13 04:49:00,-73.962997,40.769115,6
2013-01-13 04:54:00,-73.982124,40.691502,1
2013-01-13 04:34:00,-73.983742,40.761997,5
2013-01-13 04:33:00,-74.005959,40.736153,3
2013-01-13 04:55:00,-73.980713,40.74213,1
2013-01-13 04:48:00,-73.987953,40.764786,3
2013-01-13 04:40:00,-74.009109,40.713284,2
2013-01-13 04:32:00,-73.9972,40.737549,1
2013-01-13 04:57:00,-73.988159,40.739304,1
2013-01-13 04:57:00,-73.997139,40.720638,1
2013-01-13 05:04:00,-73.976166,40.744583,4
2013-01-13 04:47:00,-73.9814,40.753433,1
2013-01-13 04:37:00,-74.005173,40.71851,1
2013-01-13 04:56:00,-73.993195,40.762691,1
2013-01-13 04:57:00,-74.003967,40.742977,4
2013-01-13 11:16:00,-73.98867,40.745693,1
2013-01-13 03:52:00,-73.978165,40.748253,1
2013-01-13 03:56:00,-74.004356,40.740616,1
2013-01-13 03:56:00,-74.007385,40.743488,1
2013-01-13 03:53:00,-73.971954,40.750141,1
2013-01-13 03:34:00,-74.00161,40.730671,1
2013-01-13 03:59:00,-73.998283,40.723549,2
2013-01-13 03:54:00,-73.956268,40.778332,1
2013-01-13 03:50:00,-73.958557,40.713047,1
2013-01-13 11:09:00,-74.005852,40.725517,6
2013-01-13 02:08:00,-74.002457,40.750137,6
2013-01-13 02:01:00,-73.970306,40.689545,2
2013-01-13 02:03:00,-73.994347,40.728531,5
2013-01-13 02:09:00,-73.984093,40.737335,1
2013-01-13 02:02:00,-73.986038,40.738293,1
2013-01-13 02:00:00,-73.961479,40.771542,5
2013-01-13 02:01:00,-74.007027,40.729652,2
2013-01-13 02:01:00,-73.978638,40.745403,1
2013-01-13 02:07:00,-73.942459,40.724346,1
2013-01-13 02:05:00,-74.01635,40.709961,5
2013-01-13 02:04:00,-73.983154,40.726589,2
2013-01-13 02:02:00,-73.995865,40.725025,1
2013-01-13 02:08:00,-73.98877,40.737061,4
2013-01-13 02:13:00,-74.003654,40.751598,1
2013-01-13 02:12:00,-74.002747,40.733784,1
2013-01-13 03:54:00,-73.988403,40.737064,2
2013-01-13 03:54:00,-73.954338,40.706985,6
2013-01-13 03:54:00,-73.994736,40.725819,5
2013-01-13 03:54:00,-73.984337,40.752537,2
2013-01-13 03:44:00,-74.003036,40.751053,1
2013-01-13 03:48:00,-73.987312,40.722416,1
2013-01-13 03:41:00,-74.007545,40.725952,1
2013-01-13 03:50:00,-74.004044,40.742844,1
2013-01-13 03:45:00,-73.988602,40.763931,2
2013-01-13 03:53:00,-73.971565,40.762646,2
2013-01-13 03:54:00,-73.978424,40.745224,1
2013-01-13 03:52:00,-73.973015,40.743523,2
2013-01-13 03:46:00,-73.955009,40.688904,1
2013-01-13 03:58:00,-74.008263,40.737041,1
2013-01-13 03:47:00,-73.991371,40.726986,5
2013-01-13 11:09:00,-73.987679,40.756733,1
2013-01-13 11:03:00,-73.975433,40.745747,1
2013-01-13 11:04:00,-73.977371,40.749474,1
2013-01-13 11:03:00,-73.984528,40.759701,1
2013-01-13 11:18:00,-73.983963,40.749493,1
2013-01-13 11:09:00,-74.003937,40.707603,1
2013-01-13 11:09:00,-73.970039,40.752861,1
2013-01-13 11:11:00,-73.975189,40.757458,1
2013-01-13 11:10:00,-73.98246,40.777271,5
2013-01-13 03:39:00,-74.004761,40.751816,1
2013-01-13 03:39:00,-73.9907,40.737259,2
2013-01-13 03:54:00,0.0,0.0,1
2013-01-13 03:44:00,-73.989395,40.718777,1
2013-01-13 03:47:00,-73.989487,40.723122,1
2013-01-13 11:14:00,-73.966316,40.773205,5
2013-01-13 11:18:00,-73.937523,40.758148,2
2013-01-13 10:50:00,-73.968445,40.766617,1
2013-01-13 11:12:00,-73.982582,40.751396,2
2013-01-13 11:02:00,-73.994431,40.694794,1
2013-01-13 11:17:00,-73.981468,40.781113,1
2013-01-13 11:12:00,-73.974388,40.736725,3
2013-01-13 02:09:00,-73.989189,40.718956,1
2013-01-13 02:09:00,-73.977707,40.725761,5
2013-01-13 02:06:00,-74.004532,40.752529,1
2013-01-13 02:04:00,-73.991425,40.739239,5
2013-01-13 02:06:00,-73.985817,40.731071,1
2013-01-13 02:05:00,-73.991447,40.750511,1
2013-01-13 02:13:00,-73.989967,40.735447,6
2013-01-13 01:56:00,-73.98452,40.737022,1
2013-01-13 02:11:00,-73.947792,40.711323,1
2013-01-13 02:07:00,-73.952881,40.772034,1
2013-01-13 02:07:00,-73.982742,40.731457,1
2013-01-13 02:00:00,-73.983612,40.721771,1
2013-01-13 09:25:00,-73.981865,40.764091,2
2013-01-13 09:28:00,-74.000198,40.762253,1
2013-01-13 09:29:00,-73.979362,40.754665,1
2013-01-13 09:33:00,-73.988029,40.761349,1
2013-01-13 09:34:00,-73.988007,40.749191,2
2013-01-13 09:13:00,-73.951195,40.782524,5
2013-01-13 09:32:00,-73.97036,40.796688,1
2013-01-13 09:35:00,-73.965782,40.758461,1
2013-01-13 04:49:00,-73.954033,40.770447,5
2013-01-13 04:31:00,-73.98967,40.725746,5
2013-01-13 04:52:00,-74.010277,40.718773,1
2013-01-13 04:56:00,-73.976234,40.764908,1
2013-01-13 05:04:00,-73.9813,40.73093,1
2013-01-13 04:51:00,-73.972603,40.785843,1
2013-01-13 04:54:00,0.0,0.0,1
2013-01-13 05:00:00,-73.983635,40.726097,1
2013-01-13 04:56:00,-73.9814,40.778469,5
2013-01-13 05:00:00,-73.947105,40.772621,5
2013-01-13 05:02:00,-73.964241,40.713123,5
2013-01-13 11:13:00,-73.973961,40.783985,1
2013-01-13 11:14:00,-73.988777,40.748611,1
2013-01-13 11:23:00,-73.967804,40.762852,1
2013-01-13 11:19:00,-73.977707,40.788998,1
2013-01-13 11:16:00,-73.9496,40.796421,1
2013-01-13 11:18:00,-73.979515,40.727558,1
2013-01-13 11:17:00,-73.96582,40.774426,1
2013-01-13 11:12:00,-73.956268,40.771591,1
2013-01-13 11:12:00,-73.953766,40.808857,1
2013-01-13 11:07:00,-73.980865,40.769699,1
2013-01-13 11:14:00,-73.954933,40.788563,1
2013-01-13 11:16:00,-73.977882,40.752201,1
2013-01-13 11:20:00,-73.977936,40.748943,1
2013-01-13 11:17:00,-73.981964,40.783485,1
2013-01-13 11:06:00,-73.968285,40.799858,1
2013-01-13 11:19:00,-73.951904,40.781696,1
2013-01-13 11:18:00,-74.001534,40.746536,1
2013-01-13 11:15:00,-73.973465,40.762722,1
2013-01-13 06:11:00,-73.992401,40.758831,5
2013-01-13 06:09:00,-73.98909,40.726768,6
2013-01-13 06:23:00,-73.992424,40.748577,1
2013-01-13 06:22:00,-73.9907,40.756767,1
2013-01-13 06:09:00,-73.990929,40.729214,1
2013-01-13 06:30:00,-73.975845,40.760513,1
2013-01-13 06:44:00,-73.977379,40.631966,1
2013-01-13 06:29:00,-73.917908,40.743328,2
2013-01-13 06:17:00,-73.787018,40.644341,1
2013-01-13 06:27:00,-73.988205,40.761375,5
2013-01-13 06:31:00,-73.899925,40.746014,1
2013-01-13 06:17:00,-73.776794,40.645435,1
2013-01-13 06:36:00,-73.988365,40.768978,2
2013-01-13 11:20:00,-73.964905,40.759933,1
2013-01-13 11:15:00,-73.987007,40.76115,1
2013-01-13 11:07:00,-73.979691,40.764172,1
2013-01-13 06:36:00,-73.999054,40.738358,1
2013-01-13 06:38:00,-73.985565,40.734913,1
2013-01-13 06:15:00,-73.999413,40.738922,1
2013-01-13 06:41:00,-74.007896,40.723518,5
2013-01-13 06:20:00,-73.968506,40.755573,6
2013-01-13 06:49:00,0.0,0.0,5
2013-01-13 06:43:00,-73.982674,40.763622,1
2013-01-13 06:34:00,-73.952866,40.772598,1
2013-01-13 06:47:00,-73.995857,40.738773,6
2013-01-13 06:41:00,-73.966454,40.766815,1
2013-01-13 06:48:00,-73.99366,40.756565,1
2013-01-13 06:37:00,-73.954826,40.768848,1
2013-01-13 06:49:00,-73.960747,40.772362,1
2013-01-13 06:34:00,-73.781799,40.644669,1
2013-01-13 06:43:00,-73.986679,40.747696,1
2013-01-13 06:42:00,-73.986191,40.747189,1
2013-01-13 06:41:00,-73.988579,40.722679,1
2013-01-13 06:49:00,-73.981987,40.776951,6
2013-01-13 06:33:00,-73.988594,40.748806,1
2013-01-13 06:39:00,-73.782188,40.644806,6
2013-01-13 06:41:00,-73.999771,40.719448,5
2013-01-13 07:06:00,-74.002357,40.739876,5
2013-01-13 02:07:00,-73.990913,40.718491,6
2013-01-13 02:14:00,-73.990257,40.733528,5
2013-01-13 02:12:00,-73.991776,40.735313,6
2013-01-13 02:19:00,-73.985489,40.738506,1
2013-01-13 02:11:00,-73.919159,40.765846,2
2013-01-13 02:19:00,-73.988251,40.743454,1
2013-01-13 02:01:00,-74.007729,40.74073,1
2013-01-13 02:04:00,-73.990181,40.759037,3
2013-01-13 01:55:00,-73.950439,40.826633,1
2013-01-13 02:06:00,-73.98806,40.728249,1
2013-01-13 02:16:00,-73.97924,40.762081,1
2013-01-13 02:06:00,-73.985489,40.72768,2
2013-01-13 02:07:00,-73.972443,40.749702,1
2013-01-13 02:09:00,-74.004395,40.742386,3
2013-01-13 06:06:00,-74.014549,40.718082,1
2013-01-13 06:05:00,-73.950142,40.780029,1
2013-01-13 06:12:00,-73.991684,40.726582,2
2013-01-13 06:19:00,-73.981445,40.773712,1
2013-01-13 06:01:00,-73.989082,40.734097,2
2013-01-13 05:54:00,-73.790649,40.645267,4
2013-01-13 06:18:00,-73.983521,40.750107,1
2013-01-13 06:13:00,-73.991234,40.732552,1
2013-01-13 06:11:00,-73.953865,40.781727,1
2013-01-13 06:22:00,-73.994858,40.727394,5
2013-01-13 06:13:00,-73.985939,40.744236,1
2013-01-13 06:25:00,-73.985855,40.753063,1
2013-01-13 05:50:00,-73.782066,40.644661,1
2013-01-13 06:27:00,-74.003769,40.753471,2
2013-01-13 06:19:00,-73.995186,40.727627,5
2013-01-13 06:37:00,-73.985741,40.762878,1
2013-01-13 06:31:00,-73.955994,40.771923,1
2013-01-13 06:23:00,-74.00132,40.731133,1
2013-01-13 06:38:00,-73.954483,40.789703,1
2013-01-13 06:42:00,-73.990356,40.757633,1
2013-01-13 06:42:00,-73.958939,40.774742,1
2013-01-13 06:42:00,0.0,0.0,5
2013-01-13 06:37:00,-73.991982,40.764351,1
2013-01-13 06:33:00,-74.002708,40.739834,1
2013-01-13 06:32:00,-73.78212,40.644608,1
2013-01-13 06:13:00,-73.782333,40.646843,6
2013-01-13 06:43:00,-73.996155,40.73822,6
2013-01-13 04:31:00,-73.932121,40.857803,2
2013-01-13 04:35:00,-73.997803,40.729397,6
2013-01-13 04:42:00,-73.943085,40.836681,6
2013-01-13 04:44:00,-73.987526,40.755707,1
2013-01-13 04:43:00,-73.997803,40.763939,5
2013-01-13 04:44:00,-74.003571,40.725338,1
2013-01-13 04:47:00,-73.97924,40.74044,2
2013-01-13 11:17:00,-73.980995,40.744461,1
2013-01-13 11:14:00,-73.975754,40.752151,5
2013-01-13 11:14:00,-73.997787,40.751434,1
2013-01-13 11:15:00,-73.962875,40.779461,5
2013-01-13 11:13:00,-73.983643,40.731773,5
2013-01-13 06:39:00,-73.972618,40.756824,5
2013-01-13 06:32:00,-73.937721,40.797081,1
2013-01-13 05:59:00,-73.980072,40.746449,1
2013-01-13 06:46:00,-74.006561,40.744068,1
2013-01-13 06:37:00,-73.990662,40.750824,1
2013-01-13 06:42:00,-73.967331,40.793915,1
2013-01-13 06:46:00,-73.95697,40.707947,2
2013-01-13 06:37:00,-73.987267,40.722462,5
2013-01-13 06:38:00,-73.990051,40.756664,1
2013-01-13 06:46:00,-73.957039,40.780758,1
2013-01-13 06:23:00,-73.776711,40.645336,1
2013-01-13 06:39:00,-73.992722,40.683361,1
2013-01-13 06:46:00,-73.978928,40.772152,1
2013-01-13 06:51:00,-73.993721,40.751972,1
2013-01-13 06:37:00,-73.958794,40.710495,1
2013-01-13 06:47:00,-73.938911,40.752384,1
2013-01-13 06:43:00,-73.979614,40.732811,6
2013-01-13 06:39:00,-73.948273,40.741341,1
2013-01-13 06:44:00,-73.987083,40.719765,1
2013-01-13 06:38:00,-73.976143,40.765743,1
2013-01-13 02:10:00,-74.003975,40.742844,1
2013-01-13 02:07:00,-73.991707,40.735172,1
2013-01-13 02:17:00,-73.994904,40.725025,1
2013-01-13 02:10:00,-73.948448,40.778214,1
2013-01-13 02:07:00,-74.006004,40.735657,1
2013-01-13 01:59:00,-73.989334,40.729275,1
2013-01-13 02:19:00,-73.967186,40.756855,1
2013-01-13 02:11:00,-73.9683,40.755165,5
2013-01-13 02:11:00,-73.993614,40.727413,5
2013-01-13 01:55:00,-73.991692,40.726608,1
2013-01-13 02:02:00,-73.948334,40.774166,1
2013-01-13 02:20:00,-73.987228,40.757221,1
2013-01-13 01:52:00,-74.004295,40.719517,1
2013-01-13 02:16:00,-73.980179,40.730381,1
2013-01-13 02:15:00,-73.992851,40.748707,6
2013-01-13 02:11:00,-73.955772,40.714104,1
2013-01-13 02:14:00,-73.978348,40.724766,2
2013-01-13 02:17:00,-74.00425,40.730469,1
2013-01-13 02:15:00,-73.968529,40.759926,1
2013-01-13 03:54:00,-73.996727,40.763508,2
2013-01-13 03:52:00,-73.997307,40.722496,1
2013-01-13 03:53:00,-73.988625,40.718716,1
2013-01-13 03:39:00,-73.994591,40.724693,1
2013-01-13 03:38:00,-74.001518,40.730846,1
2013-01-13 03:53:00,-73.971336,40.794434,1
2013-01-13 04:48:00,-73.807388,40.714478,2
2013-01-13 05:03:00,-73.966721,40.632652,1
2013-01-13 04:54:00,-73.991814,40.735226,1
2013-01-13 05:04:00,-73.954002,40.770287,1
2013-01-13 11:09:00,-73.961121,40.764782,6
2013-01-13 11:17:00,-73.964554,40.807327,6
2013-01-13 11:15:00,-73.974709,40.787827,1
2013-01-13 11:07:00,-74.004677,40.747211,5
2013-01-13 11:17:00,-73.989052,40.758011,1
2013-01-13 06:20:00,-74.006737,40.744076,6
2013-01-13 06:13:00,-73.977852,40.734066,3
2013-01-13 06:17:00,-73.972496,40.754166,1
2013-01-13 06:01:00,-73.936096,40.697475,5
2013-01-13 06:15:00,0.0,0.0,1
2013-01-13 06:02:00,-73.959534,40.762669,1
2013-01-13 06:21:00,-73.985886,40.763,6
2013-01-13 06:10:00,-73.992844,40.719818,1
2013-01-13 06:19:00,-73.971733,40.78693,3
2013-01-13 06:28:00,-73.984573,40.760826,2
2013-01-13 06:15:00,-73.945305,40.752361,5
2013-01-13 06:13:00,-73.974876,40.753117,1
2013-01-03 09:39:00,0.0,0.0,1
2013-01-13 06:21:00,-73.94722,40.779556,1
2013-01-13 06:33:00,-73.968727,40.799057,2
2013-01-13 06:32:00,-73.959023,40.799469,1
2013-01-13 11:06:00,-73.969849,40.784771,1
2013-01-13 11:05:00,-73.998772,40.713688,6
2013-01-13 11:13:00,-73.99958,40.738667,5
2013-01-13 11:14:00,-74.001633,40.737625,1
2013-01-13 11:19:00,-73.834511,40.703968,1
2013-01-13 10:52:00,-73.952957,40.791698,1
2013-01-13 11:05:00,-73.977531,40.730038,1
2013-01-13 11:07:00,-73.984009,40.75816,5
2013-01-13 11:09:00,-73.958557,40.763943,2
2013-01-13 10:49:00,-73.985123,40.742096,6
2013-01-13 11:16:00,-73.993477,40.733234,2
2013-01-13 11:09:00,-73.978355,40.766586,1
2013-01-13 11:18:00,-73.976952,40.743473,1
2013-01-13 11:19:00,-73.96183,40.771214,2
2013-01-13 11:17:00,-73.990257,40.731781,1
2013-01-13 11:23:00,-73.949898,40.772476,2
2013-01-13 02:02:00,-73.993835,40.761864,1
2013-01-13 02:02:00,-74.007362,40.740093,1
2013-01-13 02:09:00,-74.006134,40.743847,1
2013-01-13 02:07:00,-73.982491,40.731285,1
2013-01-13 01:56:00,-73.99855,40.741112,1
2013-01-13 02:14:00,-73.982109,40.746078,2
2013-01-13 02:16:00,-73.982887,40.749371,1
2013-01-13 02:09:00,-73.96788,40.757175,1
2013-01-13 06:27:00,-73.989189,40.768169,1
2013-01-13 06:39:00,-73.978989,40.76199,2
2013-01-13 06:41:00,-73.982521,40.740742,6
2013-01-13 06:28:00,-74.013321,40.716515,2
2013-01-13 06:42:00,-73.988884,40.748779,2
2013-01-13 06:38:00,0.0,0.0,1
2013-01-13 06:44:00,-73.966431,40.767467,1
2013-01-13 06:36:00,-73.949867,40.781372,1
2013-01-13 06:22:00,-73.780006,40.647221,1
2013-01-03 17:55:00,-73.782639,40.644695,1
2013-01-13 06:39:00,-73.995377,40.743977,1
2013-01-13 04:25:00,-73.992706,40.745121,1
2013-01-13 04:27:00,-74.002533,40.733669,1
2013-01-13 04:13:00,-73.965965,40.712936,1
2013-01-13 04:37:00,-73.989716,40.734371,3
2013-01-13 04:51:00,-74.001556,40.727474,1
2013-01-13 04:32:00,-73.993095,40.741161,1
2013-01-13 04:50:00,-74.006706,40.743465,1
2013-01-13 04:52:00,-73.959358,40.763401,1
2013-01-13 04:53:00,-74.00647,40.744602,1
2013-01-13 04:53:00,-73.986992,40.722588,1
2013-01-13 04:46:00,-74.00206,40.727921,1
2013-01-13 04:39:00,-73.980736,40.730606,6
2013-01-13 04:48:00,-73.93,40.828701,1
2013-01-13 04:51:00,-73.969162,40.754204,1
2013-01-13 04:35:00,-74.008453,40.712643,5
2013-01-13 09:27:00,-74.009247,40.717274,2
2013-01-13 09:28:00,-73.988503,40.778862,1
2013-01-13 09:27:00,-74.007133,40.7439,6
2013-01-13 09:21:00,-73.987404,40.733353,2
2013-01-13 09:26:00,-73.982246,40.770699,1
2013-01-13 09:25:00,0.0,0.0,2
2013-01-13 09:05:00,-73.996346,40.686127,2
2013-01-13 09:25:00,-73.985023,40.778996,1
2013-01-13 09:16:00,-73.982162,40.764053,6
2013-01-13 09:27:00,-73.981636,40.779621,1
2013-01-13 09:21:00,-73.991158,40.749249,1
2013-01-13 09:25:00,-73.948723,40.773548,2
2013-01-13 09:22:00,-73.96106,40.813553,2
2013-01-13 09:19:00,-73.978935,40.762466,1
2013-01-13 09:17:00,-73.977501,40.746674,1
2013-01-13 09:29:00,-73.982475,40.77235,1
2013-01-13 09:10:00,-73.965424,40.795624,5
2013-01-13 09:16:00,-73.983635,40.756748,2
2013-01-13 09:29:00,-73.971855,40.76041,2
2013-01-13 09:20:00,-74.010475,40.71413,2
2013-01-13 09:32:00,-73.915733,40.835251,1
2013-01-13 09:39:00,-73.959694,40.773773,1
2013-01-13 09:32:00,-73.964989,40.755386,6
2013-01-13 09:28:00,-73.966293,40.773479,1
2013-01-13 02:12:00,-73.994728,40.728016,1
2013-01-13 02:02:00,-73.970558,40.76416,1
2013-01-13 01:58:00,-73.99173,40.753975,5
2013-01-13 01:54:00,-73.984665,40.764172,1
2013-01-13 02:03:00,-74.009178,40.738186,4
2013-01-13 02:09:00,-73.956543,40.771343,1
2013-01-13 02:09:00,-73.975342,40.787834,2
2013-01-13 02:00:00,-73.976089,40.786236,2
2013-01-13 02:02:00,-74.008377,40.725883,1
2013-01-13 01:59:00,-73.915192,40.763763,1
2013-01-13 02:07:00,-73.984268,40.740303,5
2013-01-13 01:45:00,-73.986671,40.756828,1
2013-01-13 02:10:00,-73.993187,40.741299,1
2013-01-13 02:04:00,-73.982224,40.727867,6
2013-01-13 01:51:00,-73.996048,40.744308,6
2013-01-13 01:53:00,-73.986732,40.729946,1
2013-01-13 02:14:00,-73.990784,40.724396,1
2013-01-13 01:41:00,-73.991035,40.734123,2
2013-01-13 01:59:00,-73.977715,40.759636,1
2013-01-13 02:02:00,-73.982307,40.731163,1
2013-01-13 02:04:00,-73.978233,40.729561,4
2013-01-13 06:06:00,-73.993385,40.721649,1
2013-01-13 06:02:00,-73.98391,40.725559,1
2013-01-13 06:04:00,-73.955338,40.804539,1
2013-01-13 01:52:00,-73.976273,40.749058,1
2013-01-13 02:10:00,-73.988617,40.721474,1
2013-01-13 02:08:00,-73.993744,40.761978,5
2013-01-13 02:14:00,-73.954285,40.714184,5
2013-01-13 02:13:00,-73.956978,40.770691,1
2013-01-13 01:59:00,-73.965286,40.760086,6
2013-01-13 02:11:00,-73.967499,40.75639,6
2013-01-13 01:51:00,-73.99511,40.720703,6
2013-01-13 02:13:00,-73.990288,40.732323,2
2013-01-13 01:55:00,-73.989983,40.725441,1
2013-01-13 02:01:00,-73.983177,40.72121,1
2013-01-13 02:05:00,-73.979584,40.735546,5
2013-01-13 02:06:00,-73.995354,40.719616,1
2013-01-13 02:11:00,-73.993752,40.720848,1
2013-01-13 02:04:00,-73.939095,40.80225,5
2013-01-13 01:59:00,-73.988327,40.718723,2
2013-01-13 02:11:00,-74.002556,40.750046,6
2013-01-13 01:59:00,-74.008545,40.743607,1
2013-01-13 02:06:00,-74.003296,40.732922,1
2013-01-13 02:10:00,-73.982384,40.727707,4
2013-01-13 02:13:00,-73.991287,40.760437,5
2013-01-13 01:58:00,-73.987442,40.755875,6
2013-01-13 02:12:00,-73.953239,40.714378,1
2013-01-13 02:10:00,-73.992493,40.724163,1
2013-01-13 02:15:00,-74.008301,40.736256,1
2013-01-13 11:16:00,-73.98732,40.729046,3
2013-01-13 11:14:00,-73.991508,40.742439,1
2013-01-13 11:20:00,-73.99894,40.734577,2
2013-01-13 11:18:00,-73.982285,40.761459,1
2013-01-13 11:13:00,-73.95636,40.787327,1
2013-01-13 11:17:00,-73.97773,40.763699,1
2013-01-13 06:23:00,-73.991493,40.729801,1
2013-01-13 06:35:00,-73.965408,40.800961,1
2013-01-13 06:40:00,-73.978233,40.764702,1
2013-01-13 06:42:00,-74.003326,40.727016,1
2013-01-13 06:42:00,-73.929474,40.756489,1
2013-01-13 06:37:00,-73.984497,40.728775,1
2013-01-13 06:35:00,-73.920609,40.743633,1
2013-01-13 06:33:00,-74.008591,40.719357,1
2013-01-13 06:29:00,-73.958771,40.710175,1
2013-01-13 06:35:00,-73.94986,40.711082,1
2013-01-13 06:38:00,-73.946503,40.785194,2
2013-01-13 06:45:00,-73.996979,40.747826,2
2013-01-13 06:38:00,-73.971886,40.794765,1
2013-01-13 06:52:00,-74.008003,40.723595,3
2013-01-13 06:22:00,-73.783821,40.64642,1
2013-01-13 06:42:00,-73.987854,40.77536,6
2013-01-13 06:47:00,-73.947578,40.776321,1
2013-01-13 06:45:00,-73.98127,40.774078,1
2013-01-13 06:39:00,-73.981522,40.756363,4
2013-01-13 06:12:00,-73.776878,40.645096,1
2013-01-13 06:47:00,-73.99189,40.755127,1
2013-01-13 06:22:00,-73.953842,40.781998,3
2013-01-13 06:48:00,-73.971268,40.782295,1
2013-01-13 06:38:00,-73.98835,40.738121,1
2013-01-13 06:37:00,-73.953773,40.782097,1
2013-01-13 06:44:00,-73.981735,40.740612,1
2013-01-13 06:42:00,-73.953201,40.782825,1
2013-01-13 06:33:00,-73.781868,40.644699,6
2013-01-13 06:34:00,-73.990891,40.760948,2
2013-01-13 06:33:00,-73.978836,40.76255,1
2013-01-13 06:48:00,-73.984032,40.755138,1
2013-01-13 06:49:00,-73.982658,40.723301,1
2013-01-13 06:50:00,-73.984924,40.761894,1
2013-01-13 06:42:00,-74.014709,40.717983,5
2013-01-13 06:52:00,-73.962555,40.760841,1
2013-01-13 06:40:00,-73.969398,40.785236,1
2013-01-13 07:00:00,-73.980896,40.778931,1
2013-01-13 06:52:00,-73.9617,40.713779,5
2013-01-13 07:01:00,-73.960274,40.769913,5
2013-01-13 06:52:00,-73.781914,40.644577,1
2013-01-13 06:57:00,-73.951736,40.78183,3
2013-01-13 07:05:00,-73.992088,40.757469,1
2013-01-13 02:12:00,-74.003006,40.723198,6
2013-01-13 02:11:00,-73.988365,40.718716,1
2013-01-13 02:01:00,-73.993828,40.759075,1
2013-01-13 01:50:00,-73.98632,40.730377,1
2013-01-13 02:15:00,-73.997421,40.716755,2
2013-01-13 01:59:00,-73.978165,40.783363,2
2013-01-13 02:02:00,-73.987747,40.732761,6
2013-01-13 01:51:00,-73.979637,40.727512,1
2013-01-13 02:04:00,-73.990746,40.73658,2
2013-01-13 02:06:00,-73.987854,40.71854,6
2013-01-13 02:08:00,0.0,0.0,2
2013-01-13 02:05:00,-73.985916,40.738331,6
2013-01-13 02:11:00,-74.001999,40.73513,1
2013-01-13 02:13:00,-73.970917,40.76239,5
2013-01-13 02:17:00,-73.988701,40.756786,1
2013-01-13 02:09:00,-73.991737,40.726952,5
2013-01-13 02:14:00,-74.000519,40.747719,1
2013-01-13 02:14:00,-73.972176,40.749973,5
2013-01-13 02:14:00,-73.983727,40.760178,1
2013-01-13 02:03:00,-73.944359,40.71468,5
2013-01-13 02:04:00,-73.93586,40.795502,1
2013-01-13 02:16:00,-73.987099,40.729473,1
2013-01-13 02:10:00,-74.000687,40.733967,6
2013-01-13 02:19:00,-74.001984,40.750683,2
2013-01-13 02:14:00,-74.008598,40.72604,6
2013-01-04 00:54:00,-73.888351,40.730068,6
2013-01-13 02:04:00,-73.950935,40.770821,1
2013-01-13 06:55:00,-73.981201,40.724869,1
2013-01-13 07:02:00,-73.961739,40.768124,2
2013-01-13 06:54:00,-73.950699,40.826385,1
2013-01-13 07:00:00,-73.956017,40.813156,1
2013-01-13 07:06:00,-73.994453,40.751778,1
2013-01-13 07:02:00,-73.951508,40.778431,6
2013-01-13 07:06:00,-74.006073,40.735062,1
2013-01-13 07:07:00,-73.878128,40.739647,2
2013-01-13 07:01:00,-73.93425,40.757351,2
2013-01-13 06:45:00,-73.982338,40.767776,1
2013-01-13 06:57:00,-73.918556,40.74334,5
2013-01-13 07:11:00,-73.959366,40.771671,1
2013-01-13 06:57:00,-73.991203,40.734283,2
2013-01-13 07:10:00,-73.98291,40.747543,6
2013-01-13 07:08:00,-73.962929,40.799175,1
2013-01-13 09:19:00,-73.964989,40.755726,1
2013-01-13 09:23:00,-73.980927,40.748299,6
2013-01-13 09:24:00,-73.983887,40.729496,1
2013-01-13 09:25:00,-73.96122,40.769024,1
2013-01-13 09:27:00,-73.915733,40.835251,1
2013-01-13 09:26:00,-73.974991,40.792671,1
2013-01-13 09:25:00,-73.997879,40.755898,5
2013-01-13 09:24:00,-73.9851,40.727722,2
2013-01-13 09:25:00,-73.986069,40.750336,5
2013-01-13 09:23:00,-73.957024,40.762192,1
2013-01-13 11:14:00,-73.976135,40.765717,1
2013-01-13 11:09:00,-73.958557,40.800148,1
2013-01-13 11:17:00,-73.977219,40.752438,1
2013-01-13 11:09:00,-73.945786,40.778248,1
2013-01-13 11:19:00,-73.948334,40.774521,1
2013-01-13 11:12:00,-73.958885,40.780682,5
2013-01-13 11:09:00,-74.007492,40.711903,1
2013-01-13 11:20:00,-73.976326,40.75145,6
2013-01-13 11:11:00,-73.99176,40.726768,1
2013-01-13 11:22:00,-73.93927,40.795006,1
2013-01-13 11:14:00,-73.959137,40.763939,1
2013-01-13 11:13:00,-73.977242,40.733955,1
2013-01-13 11:13:00,-73.993492,40.757236,1
2013-01-13 11:17:00,-73.976791,40.743603,1
2013-01-13 11:17:00,-73.953384,40.78249,1
2013-01-13 11:21:00,-73.950279,40.771645,1
2013-01-13 11:12:00,-73.97628,40.765697,1
2013-01-13 11:16:00,-74.014618,40.716824,1
2013-01-13 11:12:00,-73.970116,40.749752,5
2013-01-13 06:18:00,-74.004921,40.740742,5
2013-01-13 06:42:00,-73.995712,40.760948,5
2013-01-13 06:33:00,-73.978836,40.73122,1
2013-01-13 06:32:00,-73.947762,40.78363,1
2013-01-13 06:41:00,-73.960861,40.781559,2
2013-01-13 06:19:00,-74.009132,40.715103,5
2013-01-13 06:12:00,-73.957413,40.718166,5
2013-01-13 06:11:00,-73.941116,40.839348,5
2013-01-13 06:04:00,-73.987076,40.733212,1
2013-01-13 06:25:00,-73.984894,40.732521,1
2013-01-13 06:23:00,-73.985497,40.738728,1
2013-01-13 06:42:00,-73.979073,40.744659,1
2013-01-13 06:36:00,-73.982552,40.761856,1
2013-01-13 06:42:00,-73.989922,40.757511,1
2013-01-13 06:41:00,-73.956253,40.775768,2
2013-01-13 06:40:00,-73.978867,40.777225,1
2013-01-13 06:36:00,-73.957283,40.770367,1
2013-01-13 06:41:00,-73.982346,40.782707,5
2013-01-13 06:36:00,-74.000549,40.761639,1
2013-01-13 06:44:00,0.0,0.0,1
2013-01-13 06:38:00,-73.983276,40.722305,6
2013-01-13 06:54:00,-73.965202,40.795994,1
2013-01-13 06:41:00,-73.996346,40.748573,5
2013-01-13 06:44:00,-73.991135,40.749588,4
2013-01-13 06:25:00,-73.984306,40.737358,1
2013-01-13 06:24:00,-73.776718,40.645302,1
2013-01-13 06:41:00,-73.983536,40.749722,1
2013-01-13 06:44:00,-73.976402,40.780594,1
2013-01-13 06:44:00,-73.994034,40.761475,2
2013-01-13 06:43:00,-73.982063,40.719551,1
2013-01-13 03:46:00,-74.006645,40.744045,1
2013-01-13 03:47:00,-73.993256,40.736588,1
2013-01-13 03:53:00,-73.989105,40.720219,1
2013-01-13 03:27:00,-74.006889,40.735317,2
2013-01-13 11:10:00,-73.97876,40.736588,5
2013-01-13 11:10:00,-73.978912,40.752121,1
2013-01-13 11:17:00,-74.001221,40.746689,2
2013-01-13 11:08:00,-73.979919,40.784042,1
2013-01-13 11:15:00,-73.974449,40.783173,1
2013-01-13 11:17:00,0.0,0.0,2
2013-01-13 11:08:00,-73.974777,40.790741,1
2013-01-13 11:17:00,-73.976334,40.78867,1
2013-01-13 10:54:00,-73.989937,40.739159,1
2013-01-13 11:13:00,-73.979095,40.764252,5
2013-01-13 11:03:00,-73.990631,40.745441,1
2013-01-13 11:16:00,-73.997665,40.733597,1
2013-01-13 11:03:00,-73.997841,40.683151,2
2013-01-13 11:13:00,-74.010452,40.720154,1
2013-01-13 11:23:00,-73.982101,40.746014,1
2013-01-13 11:02:00,-73.975616,40.776398,3
2013-01-13 11:04:00,-73.960442,40.766098,4
2013-01-13 11:12:00,-73.988564,40.764038,1
2013-01-13 11:20:00,-73.971771,40.794621,1
2013-01-13 11:17:00,-73.987579,40.738926,1
2013-01-13 04:45:00,-73.998528,40.764217,5
2013-01-13 04:54:00,-73.997505,40.721024,1
2013-01-13 04:39:00,-73.985855,40.72295,1
2013-01-13 04:46:00,-74.000069,40.718094,1
2013-01-13 04:31:00,-73.959641,40.71796,1
2013-01-13 04:53:00,-73.98954,40.734268,2
2013-01-13 04:45:00,-73.992744,40.758278,1
2013-01-13 04:49:00,-73.960953,40.801651,1
2013-01-13 04:47:00,-74.000267,40.728691,5
2013-01-13 04:52:00,-74.000992,40.729256,2
2013-01-13 04:39:00,-73.978325,40.791653,1
2013-01-13 04:46:00,-73.985519,40.721909,4
2013-01-13 04:35:00,-73.996925,40.737198,1
2013-01-13 04:56:00,-73.991585,40.754723,1
2013-01-13 04:43:00,-73.981544,40.768459,1
2013-01-13 05:01:00,-73.983658,40.762566,1
2013-01-13 11:09:00,-73.948586,40.777851,1
2013-01-13 11:10:00,-73.965179,40.759968,1
2013-01-13 11:14:00,-73.963463,40.757065,5
2013-01-13 11:08:00,-73.959518,40.75901,5
2013-01-13 11:15:00,-73.953384,40.773041,1
2013-01-13 02:08:00,-74.000816,40.718807,2
2013-01-13 02:07:00,-73.968201,40.755482,1
2013-01-13 02:13:00,-73.992561,40.748707,5
2013-01-13 02:12:00,-73.993103,40.751984,1
2013-01-13 06:49:00,-73.984795,40.74287,1
2013-01-13 06:50:00,-73.984871,40.724201,2
2013-01-13 07:03:00,-73.989716,40.720177,1
2013-01-13 06:53:00,-73.9823,40.751255,5
2013-01-13 06:48:00,-73.991486,40.749825,1
2013-01-13 06:57:00,-73.972771,40.63678,5
2013-01-13 07:08:00,0.0,0.0,5
2013-01-13 06:35:00,-73.776741,40.645405,1
2013-01-13 06:43:00,-73.978989,40.762589,5
2013-01-13 06:52:00,-73.953148,40.771561,2
2013-01-13 07:09:00,-73.991562,40.749767,4
2013-01-13 07:04:00,0.0,0.0,2
2013-01-13 07:02:00,-73.987793,40.756542,1
2013-01-13 07:07:00,-73.988625,40.727459,1
2013-01-13 07:03:00,-73.995071,40.73941,1
2013-01-13 07:10:00,-73.978584,40.745136,1
2013-01-13 07:08:00,-74.000099,40.761177,1
2013-01-13 06:46:00,-74.008591,40.719421,1
2013-01-13 09:25:00,-73.959831,40.766766,1
2013-01-13 09:25:00,-73.989906,40.735062,1
2013-01-13 09:20:00,-73.99852,40.745113,1
2013-01-13 09:19:00,-73.982208,40.721104,1
2013-01-13 09:22:00,-73.973457,40.754696,4
2013-01-13 09:11:00,-73.993156,40.722778,2
2013-01-13 09:25:00,-73.945465,40.778294,1
2013-01-13 06:10:00,-73.989357,40.730431,1
2013-01-13 06:11:00,-73.98661,40.718212,1
2013-01-13 05:54:00,-73.776993,40.646442,5
2013-01-13 06:03:00,-73.995789,40.72163,1
2013-01-12 18:47:00,-73.998466,40.719959,5
2013-01-13 06:00:00,-73.984367,40.746841,6
2013-01-12 18:18:00,-73.99543,40.74453,5
2013-01-13 06:09:00,-73.988495,40.718552,1
2013-01-13 06:11:00,-73.959755,40.813969,1
2013-01-13 05:58:00,-74.003334,40.738888,5
2013-01-13 06:18:00,-73.988197,40.761215,1
2013-01-13 06:16:00,-73.957817,40.714191,1
2013-01-13 06:17:00,-73.992363,40.724987,1
2013-01-13 05:58:00,-73.787102,40.641853,1
2013-01-13 06:23:00,-73.992081,40.7257,1
2013-01-13 06:07:00,-73.98304,40.731556,1
2013-01-13 06:25:00,-73.991798,40.749928,4
2013-01-13 06:26:00,-73.992828,40.719849,5
2013-01-13 06:14:00,-73.989822,40.766731,3
2013-01-13 06:26:00,-73.974045,40.731033,1
2013-01-13 06:29:00,-74.015915,40.707561,1
2013-01-13 06:34:00,-73.997429,40.751766,1
2013-01-13 06:39:00,-73.992195,40.74987,1
2013-01-13 06:36:00,-74.00412,40.742561,1
2013-01-13 06:41:00,-73.996017,40.759895,1
2013-01-13 02:05:00,-73.943153,40.716747,1
2013-01-13 02:06:00,-73.988228,40.749668,2
2013-01-13 02:05:00,-73.978073,40.745872,1
2013-01-13 02:07:00,-73.939857,40.70808,1
2013-01-13 02:15:00,-73.98835,40.749084,1
2013-01-13 02:00:00,-74.007607,40.725502,2
2013-01-13 02:14:00,-74.006516,40.73254,3
2013-01-13 02:11:00,-74.001869,40.750713,2
2013-01-13 02:08:00,-73.9841,40.725399,2
2013-01-13 02:18:00,-73.982193,40.727886,1
2013-01-13 02:19:00,-73.956009,40.757607,2
2013-01-13 02:15:00,-73.995461,40.719234,2
2013-01-13 02:12:00,-73.952713,40.776615,1
2013-01-13 02:11:00,-74.006538,40.749725,1
2013-01-13 02:14:00,-74.008263,40.720757,2
2013-01-13 02:11:00,-73.988396,40.746014,5
2013-01-13 02:12:00,-74.00753,40.74094,1
2013-01-13 02:09:00,-73.985786,40.726887,1
2013-01-13 02:10:00,-73.984665,40.724472,6
2013-01-13 02:06:00,-73.992302,40.727154,1
2013-01-13 02:06:00,-73.98629,40.73064,6
2013-01-13 02:15:00,-73.983658,40.69379,1
2013-01-13 01:38:00,-74.000778,40.742123,1
2013-01-13 02:11:00,-73.963013,40.711693,6
2013-01-13 02:21:00,-73.996323,40.721886,5
2013-01-13 06:33:00,-73.981155,40.737385,4
2013-01-13 06:31:00,0.0,0.0,5
2013-01-13 06:36:00,-74.004211,40.752911,2
2013-01-13 06:21:00,-73.776772,40.645439,1
2013-01-13 06:22:00,-73.941895,40.822918,5
2013-01-13 06:34:00,-74.005241,40.737072,6
2013-01-13 06:46:00,-73.981361,40.741367,1
2013-01-13 06:34:00,-73.98436,40.725033,1
2013-01-13 06:43:00,-73.95977,40.801327,1
2013-01-13 06:43:00,-73.986778,40.758347,1
2013-01-13 06:45:00,-73.958458,40.816021,1
2013-01-13 06:36:00,-73.987762,40.755325,1
2013-01-13 06:45:00,-73.977379,40.631966,1
2013-01-13 06:33:00,-73.977013,40.784885,1
2013-01-13 06:29:00,-74.015648,40.710945,1
2013-01-13 06:45:00,-73.985229,40.748486,2
2013-01-13 06:30:00,0.0,0.0,1
2013-01-13 06:40:00,-74.008003,40.723595,4
2013-01-13 06:48:00,-73.987579,40.724491,5
2013-01-13 06:34:00,-73.982903,40.781906,1
2013-01-13 06:41:00,-74.009636,40.715012,3
2013-01-13 02:11:00,-73.988838,40.72702,1
2013-01-04 10:30:00,-73.985229,40.736153,2
2013-01-13 02:07:00,-73.988953,40.722927,2
2013-01-13 02:16:00,-73.979118,40.785114,2
2013-01-13 02:04:00,-73.993225,40.747158,2
2013-01-13 02:05:00,-74.004318,40.742523,1
2013-01-13 02:14:00,-73.985786,40.731117,1
2013-01-13 01:47:00,-73.939903,40.707829,1
2013-01-13 02:12:00,-74.003571,40.742527,1
2013-01-13 02:20:00,-73.954529,40.769878,3
2013-01-13 02:12:00,-74.006218,40.734215,5
2013-01-13 02:07:00,-73.975815,40.751415,5
2013-01-13 02:15:00,-73.971832,40.762871,2
2013-01-13 02:08:00,-74.006554,40.744011,1
2013-01-13 02:08:00,-73.987938,40.732224,2
2013-01-13 02:08:00,-73.935196,40.750931,2
2013-01-13 02:11:00,-73.987068,40.736317,3
2013-01-13 02:05:00,-73.989265,40.721561,1
2013-01-13 02:12:00,-73.982491,40.771889,3
2013-01-13 02:11:00,-74.008286,40.71283,1
2013-01-13 02:07:00,-73.990211,40.737114,1
2013-01-13 02:02:00,-74.004494,40.718689,5
2013-01-13 02:18:00,-74.004295,40.742352,1
2013-01-13 02:12:00,-73.987129,40.750889,1
2013-01-13 02:11:00,-73.904587,40.745468,2
2013-01-13 02:07:00,-73.991943,40.729996,1
2013-01-13 02:16:00,-73.990875,40.760941,1
2013-01-13 01:58:00,-73.967583,40.756294,1
2013-01-13 02:11:00,-74.004944,40.73027,5
2013-01-13 06:42:00,-73.987907,40.723946,1
2013-01-13 06:39:00,-73.983635,40.766659,1
2013-01-13 06:26:00,-73.992622,40.730694,1
2013-01-13 06:29:00,-73.978699,40.750278,5
2013-01-13 06:44:00,-73.991684,40.750134,2
2013-01-13 06:46:00,-73.985008,40.769226,6
2013-01-13 06:46:00,-73.974731,40.742249,1
2013-01-13 06:47:00,-73.989433,40.758026,2
2013-01-13 06:41:00,-73.983009,40.767769,1
2013-01-13 06:45:00,-73.988876,40.774384,3
2013-01-13 06:47:00,-73.985458,40.763821,1
2013-01-13 06:41:00,-73.973595,40.756817,1
2013-01-13 06:54:00,-73.981491,40.741016,1
2013-01-13 07:03:00,-74.004341,40.742443,6
2013-01-13 07:02:00,-73.962311,40.7635,1
2013-01-13 06:57:00,-73.989792,40.756847,1
2013-01-13 06:45:00,-73.783913,40.64867,5
2013-01-13 07:04:00,-73.895943,40.736305,3
2013-01-13 06:57:00,-73.993019,40.762833,1
2013-01-13 06:40:00,-73.974548,40.761341,5
2013-01-13 07:01:00,-73.978699,40.753918,2
2013-01-13 06:58:00,-73.957726,40.800491,3
2013-01-13 07:03:00,-73.980301,40.741219,1
2013-01-13 06:52:00,-74.006187,40.737556,6
2013-01-13 02:16:00,-73.999519,40.721539,1
2013-01-13 02:11:00,-73.98494,40.769135,1
2013-01-13 02:05:00,-73.991203,40.663502,1
2013-01-13 06:44:00,0.0,0.0,5
2013-01-13 02:07:00,-73.988708,40.718788,1
2013-01-13 02:01:00,-74.002014,40.730453,5
2013-01-13 02:10:00,-73.988068,40.728092,1
2013-01-13 02:11:00,-74.00074,40.737152,1
2013-01-13 02:07:00,-73.984039,40.725346,1
2013-01-13 02:10:00,-73.99234,40.750256,1
2013-01-13 02:28:00,-73.985909,40.722534,5
2013-01-13 02:16:00,-73.98571,40.717926,1
2013-01-13 02:17:00,-73.992882,40.741234,1
2013-01-13 09:20:00,-73.961922,40.810944,5
2013-01-13 09:06:00,-73.945427,40.750923,1
2013-01-13 09:20:00,-73.980301,40.785622,1
2013-01-13 09:28:00,-74.007378,40.74329,4
2013-01-13 09:21:00,-73.977791,40.787113,1
2013-01-13 09:30:00,-73.95546,40.779587,3
2013-01-13 09:20:00,-73.978737,40.787178,1
2013-01-13 09:28:00,-73.99176,40.755493,5
2013-01-13 09:27:00,-73.971519,40.762363,2
2013-01-13 09:14:00,-73.964264,40.756817,1
2013-01-13 09:14:00,-73.985603,40.761501,1
2013-01-13 09:31:00,-73.930191,40.754452,5
2013-01-13 04:34:00,-73.978577,40.729733,2
2013-01-13 04:45:00,-73.981956,40.736481,1
2013-01-13 04:26:00,-73.988129,40.734676,1
2013-01-13 04:29:00,-73.990059,40.754673,5
2013-01-13 04:46:00,-73.983093,40.750248,5
2013-01-13 04:46:00,-73.930382,40.761467,1
2013-01-13 04:48:00,-73.962051,40.795254,5
2013-01-13 04:47:00,-73.987183,40.719681,1
2013-01-13 04:40:00,-73.967781,40.755508,1
2013-01-13 04:48:00,-73.968124,40.799801,3
2013-01-13 04:34:00,-74.005714,40.740276,6
2013-01-13 04:39:00,-73.984261,40.72525,1
2013-01-13 04:41:00,-73.899109,40.745384,2
2013-01-13 04:59:00,-73.986809,40.747318,5
2013-01-13 04:44:00,-73.991859,40.72179,1
2013-01-13 04:51:00,-73.966171,40.757736,2
2013-01-13 04:42:00,-73.992912,40.755245,1
2013-01-13 04:51:00,-73.987907,40.722603,3
2013-01-13 04:37:00,-73.985649,40.763447,1
2013-01-13 04:36:00,-74.003914,40.726372,2
2013-01-13 04:53:00,-73.993309,40.752178,1
2013-01-13 04:45:00,-73.980721,40.742157,1
2013-01-13 04:57:00,-73.968697,40.799026,1
2013-01-13 04:46:00,-73.963936,40.807873,1
2013-01-13 05:02:00,-74.004051,40.742783,1
2013-01-13 07:09:00,-73.97113,40.79805,1
2013-01-13 06:59:00,-73.948936,40.781723,3
2013-01-13 07:09:00,-73.956886,40.782959,1
2013-01-13 06:53:00,-73.997704,40.746208,2
2013-01-13 07:01:00,-73.95462,40.781239,1
2013-01-13 07:03:00,-73.955345,40.820004,5
2013-01-13 06:51:00,-73.969627,40.756908,2
2013-01-13 07:05:00,-73.953712,40.765316,6
2013-01-04 16:17:00,-73.948334,40.749298,1
2013-01-13 07:05:00,-73.986656,40.751266,6
2013-01-13 07:03:00,-73.986473,40.748226,1
2013-01-13 07:02:00,-73.990562,40.731976,2
2013-01-13 07:04:00,-73.994041,40.731941,1
2013-01-13 07:06:00,-73.983559,40.743916,1
2013-01-13 06:55:00,-73.973412,40.678566,1
2013-01-13 06:52:00,-73.989838,40.719086,5
2013-01-13 07:08:00,-73.987778,40.738506,1
2013-01-13 04:59:00,-73.978073,40.745747,5
2013-01-13 05:01:00,-73.985764,40.744389,5
2013-01-13 05:01:00,-73.994476,40.734741,5
2013-01-13 04:58:00,-73.993645,40.722717,1
2013-01-13 04:27:00,-73.991058,40.74995,1
2013-01-13 04:52:00,-73.998268,40.740414,1
2013-01-13 04:59:00,-73.997536,40.721062,1
2013-01-13 04:42:00,-73.982491,40.727551,2
2013-01-13 09:31:00,-73.953438,40.779953,1
2013-01-13 09:32:00,0.0,0.0,5
2013-01-13 09:36:00,-73.964615,40.765713,6
2013-01-13 09:29:00,-73.976425,40.743881,2
2013-01-13 09:33:00,-74.008385,40.734943,1
2013-01-13 09:33:00,-73.985313,40.758694,2
2013-01-13 09:22:00,-74.008102,40.738159,5
2013-01-13 09:35:00,-73.952118,40.781326,1
2013-01-13 09:32:00,-74.005882,40.745361,5
2013-01-13 09:15:00,-73.9972,40.684196,2
2013-01-13 09:35:00,-73.988609,40.731171,1
2013-01-13 03:52:00,-73.985275,40.727467,1
2013-01-13 03:53:00,-74.006432,40.739143,1
2013-01-13 03:48:00,-74.006264,40.739395,2
2013-01-13 03:58:00,0.0,0.0,1
2013-01-13 03:47:00,-73.966835,40.75676,4
2013-01-13 03:49:00,-74.005287,40.739845,6
2013-01-13 04:04:00,-73.954353,40.784138,1
2013-01-13 03:53:00,-74.008209,40.712002,1
2013-01-13 11:13:00,-73.968132,40.765556,3
2013-01-13 11:13:00,-73.993111,40.727955,1
2013-01-13 11:14:00,-73.970901,40.758385,3
2013-01-13 11:15:00,-73.977371,40.789783,2
2013-01-13 10:53:00,-74.006409,40.739586,6
2013-01-13 11:09:00,-73.991211,40.724079,1
2013-01-13 11:07:00,-73.874466,40.774014,1
2013-01-13 11:16:00,-73.979378,40.727592,1
2013-01-13 11:21:00,-74.002052,40.74052,1
2013-01-13 11:13:00,-73.984947,40.779144,5
2013-01-13 06:33:00,-73.987114,40.760826,4
2013-01-13 06:34:00,-73.993851,40.761841,2
2013-01-13 06:40:00,-73.967911,40.762932,1
2013-01-13 06:42:00,-73.996292,40.738129,2
2013-01-13 06:45:00,-73.983086,40.766693,1
2013-01-13 06:44:00,-73.976166,40.745022,1
2013-01-13 06:16:00,-73.992302,40.725201,1
2013-01-13 06:42:00,-73.982094,40.749065,1
2013-01-13 06:37:00,-73.977066,40.779968,5
2013-01-13 06:45:00,-73.950958,40.782681,1
2013-01-13 06:36:00,-74.005592,40.726543,2
2013-01-13 06:39:00,-73.978165,40.745731,2
2013-01-13 06:48:00,-73.997566,40.756542,1
2013-01-13 06:46:00,-73.946259,40.777218,1
2013-01-13 06:49:00,-73.973747,40.758324,1
2013-01-13 06:44:00,-73.992027,40.759926,1
2013-01-13 06:44:00,-73.99543,40.733498,1
2013-01-13 07:02:00,-73.99128,40.750004,1
2013-01-13 09:16:00,-73.990433,40.731499,1
2013-01-13 09:31:00,-73.956001,40.772034,2
2013-01-13 09:22:00,-73.990181,40.746681,2
2013-01-13 09:28:00,-73.946838,40.800137,1
2013-01-13 09:27:00,-73.992126,40.725986,6
2013-01-13 09:31:00,-73.993942,40.746563,5
2013-01-13 09:30:00,-73.980179,40.76012,1
2013-01-13 09:39:00,-73.986847,40.733871,5
2013-01-13 09:32:00,-73.976212,40.752396,6
2013-01-13 09:26:00,-73.94413,40.721748,2
2013-01-13 09:24:00,-73.918625,40.743481,5
2013-01-13 09:26:00,-73.945892,40.792728,3
2013-01-13 09:31:00,-73.958344,40.775627,1
2013-01-13 09:32:00,-73.959969,40.766701,2
2013-01-13 09:26:00,-73.97831,40.734341,1
2013-01-13 09:28:00,-73.979713,40.786263,6
2013-01-13 09:33:00,-73.985413,40.768044,2
2013-01-13 09:32:00,-73.9729,40.755905,2
2013-01-13 09:11:00,-73.951683,40.773781,1
2013-01-13 09:33:00,-74.010788,40.720112,1
2013-01-13 09:36:00,-73.954643,40.769783,1
2013-01-13 09:28:00,-73.978897,40.729877,5
2013-01-13 09:31:00,-73.983833,40.752956,1
2013-01-13 09:34:00,-73.969193,40.766769,1
2013-01-13 09:30:00,-73.982491,40.751484,2
2013-01-13 02:18:00,-73.966469,40.753441,1
2013-01-13 04:32:00,-73.956032,40.784527,1
2013-01-13 04:42:00,-73.986221,40.726391,1
2013-01-13 04:46:00,-73.999031,40.734837,6
2013-01-13 04:40:00,-74.004456,40.733952,5
2013-01-13 04:29:00,-73.781708,40.644932,1
2013-01-13 04:51:00,-73.993469,40.722218,5
2013-01-13 04:39:00,-73.975365,40.751671,1
2013-01-13 04:29:00,-73.996384,40.763447,1
2013-01-13 04:44:00,-73.964157,40.767551,2
2013-01-13 04:50:00,-73.991264,40.750465,1
2013-01-13 04:51:00,-73.999481,40.730148,1
2013-01-13 04:49:00,-73.998489,40.717182,2
2013-01-13 04:53:00,-73.974014,40.783943,4
2013-01-13 04:55:00,-73.984016,40.737518,1
2013-01-13 04:51:00,-73.911598,40.767937,6
2013-01-13 04:45:00,-74.002335,40.739719,5
2013-01-13 04:56:00,-73.978409,40.780579,3
2013-01-13 04:48:00,0.0,0.0,1
2013-01-13 04:51:00,-73.959114,40.712132,5
2013-01-13 04:52:00,-73.988853,40.689224,4
2013-01-13 04:52:00,-74.007172,40.743546,5
2013-01-13 05:03:00,-74.005402,40.739796,2
2013-01-13 04:53:00,-73.950813,40.714146,1
2013-01-13 09:17:00,-74.010239,40.709831,1
2013-01-13 09:19:00,-73.924103,40.743996,1
2013-01-13 09:24:00,-73.978355,40.773048,1
2013-01-13 09:26:00,-73.963867,40.756809,2
2013-01-13 09:24:00,-73.963844,40.765198,2
2013-01-13 09:25:00,-73.946136,40.779774,2
2013-01-13 09:13:00,-74.002899,40.728146,1
2013-01-13 09:11:00,-73.975372,40.765324,1
2013-01-13 09:27:00,-73.986229,40.756958,1
2013-01-13 09:36:00,0.0,0.0,1
2013-01-13 09:25:00,-73.980042,40.770313,2
2013-01-13 09:28:00,-73.98204,40.778801,5
2013-01-13 09:23:00,-73.976654,40.747486,1
2013-01-13 09:32:00,-74.008072,40.739311,1
2013-01-13 09:30:00,-73.971329,40.797157,3
2013-01-13 09:24:00,-73.920334,40.743496,1
2013-01-13 09:31:00,-73.969345,40.797813,3
2013-01-13 09:27:00,-73.881859,40.75602,2
2013-01-13 09:17:00,-73.965416,40.795769,1
2013-01-13 09:26:00,-73.978699,40.777462,1
2013-01-13 09:28:00,-73.9729,40.780472,3
2013-01-13 09:37:00,-73.988426,40.774899,5
2013-01-13 09:34:00,-73.981216,40.7444,1
2013-01-13 09:08:00,-73.957062,40.766315,1
2013-01-13 06:36:00,-73.990135,40.757053,1
2013-01-13 06:38:00,-73.954063,40.801224,1
2013-01-13 06:21:00,-73.981186,40.750263,5
2013-01-13 06:46:00,-73.988068,40.759865,1
2013-01-13 06:43:00,-73.997513,40.746777,6
2013-01-13 06:35:00,-73.967392,40.756207,1
2013-01-13 06:36:00,-73.988342,40.722668,2
2013-01-13 06:41:00,-74.014397,40.70364,1
2013-01-13 06:35:00,-73.954071,40.778969,2
2013-01-13 04:28:00,-73.944763,40.700436,2
2013-01-13 04:41:00,-73.993965,40.72002,6
2013-01-13 04:41:00,-73.933479,40.70602,1
2013-01-13 04:55:00,-73.979073,40.744186,2
2013-01-13 04:44:00,-73.944298,40.72049,2
2013-01-13 04:45:00,-73.978951,40.723976,1
2013-01-13 04:54:00,-73.98053,40.730049,2
2013-01-13 04:58:00,-73.984802,40.752949,1
2013-01-13 04:52:00,-73.985756,40.726841,1
2013-01-13 04:50:00,-74.005096,40.741062,2
2013-01-13 05:01:00,-73.984673,40.76403,1
2013-01-13 05:01:00,-74.003349,40.732746,1
2013-01-13 04:40:00,-73.781372,40.64489,1
2013-01-13 04:46:00,-73.96508,40.769222,1
2013-01-13 11:08:00,-73.972641,40.765034,1
2013-01-13 10:58:00,-73.981186,40.768147,1
2013-01-13 02:15:00,-73.983932,40.762074,1
2013-01-13 02:12:00,-73.912216,40.699287,1
2013-01-13 02:15:00,-73.981216,40.750477,1
2013-01-13 03:25:00,0.0,0.0,1
2013-01-13 02:04:00,-73.983543,40.764378,2
2013-01-13 02:03:00,-73.981117,40.742062,1
2013-01-13 02:16:00,-73.999794,40.728497,1
2013-01-13 02:12:00,-73.979866,40.726944,6
2013-01-13 02:13:00,-73.987267,40.72908,1
2013-01-13 02:04:00,-73.986465,40.718098,1
2013-01-13 02:19:00,-73.95768,40.765358,5
2013-01-13 01:58:00,-73.985458,40.722027,1
2013-01-13 02:15:00,-73.987648,40.730961,1
2013-01-13 02:05:00,-73.99044,40.668179,1
2013-01-13 02:13:00,-73.943649,40.714645,1
2013-01-13 02:10:00,-73.954994,40.777431,5
2013-01-13 02:17:00,-73.989502,40.688122,2
2013-01-13 02:14:00,-73.849754,40.724693,1
2013-01-13 02:07:00,-73.966873,40.756538,2
2013-01-13 02:00:00,-73.995178,40.727829,4
2013-01-13 02:11:00,-73.987221,40.691761,5
2013-01-13 02:10:00,-73.987282,40.718372,5
2013-01-13 02:11:00,-73.99453,40.733334,1
2013-01-13 02:13:00,-73.9683,40.757561,1
2013-01-13 02:14:00,-73.991486,40.727741,1
2013-01-13 06:30:00,-73.969994,40.757347,1
2013-01-13 06:41:00,-73.915253,40.661648,2
2013-01-13 04:32:00,-73.987976,40.718651,1
2013-01-13 04:49:00,-73.98069,40.76403,1
2013-01-13 04:32:00,-73.996521,40.752872,1
2013-01-13 04:43:00,-73.971031,40.754971,1
2013-01-13 04:48:00,-73.934723,40.762093,2
2013-01-13 04:46:00,-73.953667,40.775101,1
2013-01-13 04:38:00,-73.999413,40.745747,4
2013-01-13 04:57:00,0.0,0.0,1
2013-01-13 04:51:00,-73.999687,40.731186,1
2013-01-13 04:43:00,-73.986244,40.767239,3
2013-01-13 04:56:00,-73.949219,40.785397,4
2013-01-13 04:53:00,-73.979233,40.786972,2
2013-01-13 04:37:00,-73.940147,40.75116,5
2013-01-13 04:38:00,-73.971642,40.756306,1
2013-01-13 04:59:00,-73.979019,40.752693,2
2013-01-13 04:53:00,-74.013031,40.702267,2
2013-01-13 04:57:00,-73.990196,40.732021,2
2013-01-13 04:51:00,-73.984428,40.762772,1
2013-01-13 04:55:00,-73.977798,40.763611,5
2013-01-13 04:44:00,-73.982933,40.739117,1
2013-01-13 05:01:00,-73.993599,40.724171,1
2013-01-13 04:55:00,-73.936707,40.804142,1
2013-01-13 11:11:00,-73.983521,40.721794,1
2013-01-13 02:13:00,0.0,40.717422,1
2013-01-13 02:17:00,-73.98777,40.747547,1
2013-01-13 02:22:00,-73.951454,40.773994,2
2013-01-13 02:13:00,-73.980759,40.729862,1
2013-01-13 06:35:00,-73.975075,40.757717,5
2013-01-13 06:12:00,-73.782082,40.644653,1
2013-01-13 06:21:00,-73.989677,40.734413,5
2013-01-13 06:18:00,-73.776733,40.645393,2
2013-01-13 06:42:00,-73.978638,40.684605,1
2013-01-13 06:21:00,-73.984711,40.746422,1
2013-01-13 06:42:00,-73.952415,40.768909,1
2013-01-13 06:45:00,-73.972923,40.760098,1
2013-01-13 06:42:00,-73.949547,40.773415,1
2013-01-13 06:40:00,-73.974655,40.729832,1
2013-01-13 06:44:00,-73.989143,40.748081,1
2013-01-13 06:43:00,-73.951843,40.773811,1
2013-01-13 06:50:00,-73.95961,40.762817,1
2013-01-13 06:44:00,-73.984016,40.759602,6
2013-01-13 06:43:00,-73.994583,40.751476,1
2013-01-13 06:33:00,-73.973824,40.756027,5
2013-01-13 06:41:00,-73.982101,40.731228,5
2013-01-13 06:45:00,-73.994446,40.75164,5
2013-01-13 06:33:00,-73.984322,40.749603,1
2013-01-13 06:52:00,-73.988678,40.722546,6
2013-01-13 02:04:00,-73.97168,40.756634,1
2013-01-13 02:08:00,-73.977928,40.746082,6
2013-01-13 01:45:00,-74.0,40.73053,1
2013-01-13 02:02:00,-73.974609,40.790703,3
2013-01-13 02:12:00,-73.986938,40.76424,1
2013-01-13 01:56:00,-73.958321,40.713516,5
2013-01-13 02:04:00,-73.991951,40.727322,5
2013-01-13 02:15:00,-73.986984,40.745106,1
2013-01-13 02:04:00,-74.009132,40.724541,2
2013-01-13 02:06:00,-73.951897,40.715393,1
2013-01-13 02:05:00,-73.989143,40.736317,5
2013-01-13 01:39:00,-74.005844,40.736359,1
2013-01-13 01:59:00,-73.966698,40.756554,1
2013-01-13 01:55:00,-73.988029,40.732216,1
2013-01-13 02:06:00,-73.991203,40.727695,1
2013-01-13 02:11:00,-73.993698,40.756691,1
2013-01-13 01:48:00,-73.990906,40.734299,6
2013-01-13 02:11:00,-73.984169,40.737358,1
2013-01-13 02:02:00,-73.992348,40.734653,3
2013-01-13 02:11:00,-73.990967,40.734314,1
2013-01-13 02:13:00,-73.986343,40.743488,1
2013-01-13 02:09:00,-73.957672,40.800961,1
2013-01-13 02:07:00,-73.988762,40.748722,1
2013-01-13 02:04:00,-73.966415,40.715466,4
2013-01-13 09:14:00,-73.957428,40.765728,1
2013-01-13 09:30:00,-73.98037,40.764595,5
2013-01-13 10:29:00,-73.977921,40.749538,1
2013-01-13 09:27:00,-74.003983,40.720783,1
2013-01-13 09:34:00,-73.993195,40.742188,1
2013-01-13 09:25:00,-73.992882,40.742733,1
2013-01-13 09:17:00,-73.980545,40.739487,1
2013-01-13 09:34:00,-73.950996,40.770641,5
2013-01-13 09:29:00,-73.986671,40.729774,5
2013-01-13 09:32:00,-73.957901,40.800877,5
2013-01-13 09:25:00,0.0,0.0,1
2013-01-13 09:25:00,-73.975906,40.74884,2
2013-01-13 09:35:00,-73.981354,40.781094,1
2013-01-13 09:34:00,-73.987976,40.764637,1
2013-01-13 09:34:00,0.0,0.0,1
2013-01-13 09:31:00,-73.983246,40.72644,1
2013-01-13 09:12:00,-73.982979,40.761543,5
2013-01-13 09:35:00,-73.970139,40.796902,1
2013-01-13 09:23:00,-73.97422,40.751228,5
2013-01-13 09:32:00,-73.961609,40.811241,5
2013-01-13 09:35:00,-73.975189,40.729111,1
2013-01-13 09:26:00,0.0,0.0,1
2013-01-13 09:37:00,-73.98349,40.72187,5
2013-01-13 09:34:00,-73.943413,40.787701,1
2013-01-13 05:02:00,-73.998985,40.713631,5
2013-01-13 05:03:00,-73.969414,40.754246,1
2013-01-13 04:41:00,-74.005363,40.740108,6
2013-01-13 11:10:00,-73.968987,40.754463,5
2013-01-13 11:11:00,-73.978058,40.748692,5
2013-01-13 11:17:00,-74.002846,40.730824,6
2013-01-13 11:08:00,-74.016304,40.714836,2
2013-01-13 10:56:00,-73.989311,40.721119,1
2013-01-13 10:42:00,-73.776718,40.645466,1
2013-01-13 11:14:00,-73.978439,40.766529,2
2013-01-13 11:17:00,-73.978897,40.772495,2
2013-01-04 22:24:00,-74.003128,40.733173,1
2013-01-13 11:10:00,-73.948975,40.78178,2
2013-01-13 11:07:00,-73.986275,40.761028,1
2013-01-13 11:09:00,-73.964554,40.79195,5
2013-01-13 11:10:00,-73.988007,40.738354,5
2013-01-13 11:09:00,-73.989586,40.763832,6
2013-01-13 11:11:00,-73.947433,40.781994,2
2013-01-13 11:14:00,-73.977219,40.758846,1
2013-01-13 11:20:00,-73.966667,40.761402,1
2013-01-13 11:19:00,-73.985016,40.763264,2
2013-01-13 10:58:00,-73.873047,40.774151,6
2013-01-13 11:18:00,-73.99424,40.746006,3
2013-01-13 11:22:00,-73.982185,40.748268,1
2013-01-13 11:19:00,-73.980515,40.733685,1
2013-01-13 11:19:00,-73.995483,40.717178,1
2013-01-13 06:52:00,-73.970093,40.755653,1
2013-01-13 07:02:00,-73.955147,40.780167,1
2013-01-13 07:00:00,-73.981995,40.73576,1
2013-01-13 07:06:00,-73.958542,40.767658,1
2013-01-13 07:01:00,-73.936089,40.799286,1
2013-01-13 06:57:00,-73.966911,40.803963,2
2013-01-13 06:58:00,-73.991356,40.751568,1
2013-01-13 06:39:00,-73.96553,40.754208,6
2013-01-13 07:00:00,-73.994438,40.751614,1
2013-01-13 06:41:00,-73.985191,40.756519,2
2013-01-13 07:12:00,-73.985168,40.769165,1
2013-01-13 06:59:00,-73.988419,40.718472,1
2013-01-13 07:08:00,-73.987717,40.750721,1
2013-01-13 07:00:00,-74.000229,40.730507,5
2013-01-13 07:06:00,-73.950974,40.825855,1
2013-01-13 07:13:00,-73.971764,40.756504,6
2013-01-13 07:08:00,-73.996155,40.753376,1
2013-01-13 07:11:00,-73.979836,40.743301,6
2013-01-13 09:14:00,-73.96846,40.799023,1
2013-01-13 09:10:00,-74.003281,40.746544,2
2013-01-13 09:27:00,-73.969788,40.765766,1
2013-01-13 09:24:00,-73.978249,40.748234,1
2013-01-13 09:19:00,-73.9897,40.735561,1
2013-01-13 09:23:00,-73.948807,40.782116,2
2013-01-13 09:34:00,-73.983948,40.746487,6
2013-01-13 04:46:00,-73.950333,40.779774,1
2013-01-13 04:54:00,-73.99218,40.744877,4
2013-01-13 04:59:00,-73.985916,40.747101,1
2013-01-13 04:49:00,-73.983078,40.726738,3
2013-01-13 11:18:00,-73.982262,40.777634,1
2013-01-13 11:13:00,-73.98217,40.761669,3
2013-01-13 11:04:00,-74.005005,40.723072,5
2013-01-13 11:20:00,-73.983582,40.762501,6
2013-01-13 11:03:00,-73.989319,40.719051,5
2013-01-13 11:05:00,-73.917412,40.859093,4
2013-01-13 11:03:00,-74.012962,40.702347,3
2013-01-13 11:13:00,-73.981384,40.753376,1
2013-01-13 11:04:00,-73.985275,40.762905,1
2013-01-13 06:19:00,-73.976891,40.752022,1
2013-01-13 06:33:00,-73.967453,40.787823,1
2013-01-13 06:43:00,-73.987755,40.722515,6
2013-01-13 06:28:00,-73.982086,40.773762,1
2013-01-13 06:23:00,-73.976494,40.751865,5
2013-01-13 06:37:00,-73.963463,40.770859,1
2013-01-13 06:35:00,-73.946999,40.700172,1
2013-01-13 06:39:00,-73.981651,40.749504,1
2013-01-13 06:26:00,-74.000504,40.727257,5
2013-01-13 06:40:00,-73.992195,40.724548,1
2013-01-13 06:30:00,-73.782143,40.644756,1
2013-01-13 06:34:00,-73.928299,40.763603,2
2013-01-13 04:51:00,-73.996956,40.763626,2
2013-01-13 04:54:00,-73.972862,40.793339,1
2013-01-13 04:50:00,-74.002914,40.731121,5
2013-01-13 05:06:00,-73.993423,40.752377,2
2013-01-13 09:20:00,-73.993759,40.720798,6
2013-01-13 09:18:00,0.0,0.0,2
2013-01-13 09:20:00,-73.957123,40.78017,1
2013-01-13 09:15:00,-73.982582,40.732323,5
2013-01-13 09:20:00,-74.001419,40.730434,1
2013-01-13 09:23:00,-73.964554,40.767376,2
2013-01-13 09:25:00,-74.006325,40.733383,1
2013-01-13 09:22:00,-73.978195,40.788002,2
2013-01-13 09:26:00,-73.972992,40.760937,1
2013-01-13 09:20:00,-73.983917,40.767147,4
2013-01-13 09:24:00,-73.971954,40.745747,5
2013-01-13 09:26:00,-73.994148,40.751011,1
2013-01-13 09:28:00,-73.975845,40.740334,1
2013-01-13 09:29:00,-73.974792,40.790928,5
2013-01-13 09:15:00,-73.972298,40.749668,2
2013-01-13 09:26:00,-73.981773,40.732792,1
2013-01-13 09:24:00,-73.975487,40.745232,1
2013-01-13 08:55:00,-73.985916,40.723873,5
2013-01-13 09:08:00,-73.991898,40.749714,2
2013-01-13 09:26:00,-73.986679,40.750656,1
2013-01-13 09:12:00,-73.976219,40.748173,1
2013-01-13 02:14:00,-73.948479,40.778599,1
2013-01-13 02:13:00,-74.003815,40.719082,1
2013-01-13 02:10:00,-73.990211,40.736961,1
2013-01-13 02:07:00,-74.008614,40.725971,1
2013-01-13 02:11:00,-74.004967,40.719044,3
2013-01-13 02:11:00,-73.979317,40.767063,1
2013-01-13 02:17:00,-73.989983,40.73468,1
2013-01-13 01:55:00,-73.991028,40.733852,1
2013-01-13 09:26:00,-74.008865,40.713997,1
2013-01-13 09:11:00,-73.978088,40.748756,1
2013-01-13 09:22:00,-73.946541,40.776604,1
2013-01-13 09:29:00,-73.978622,40.785164,1
2013-01-13 09:25:00,-73.9795,40.759335,1
2013-01-13 09:18:00,-73.999069,40.724903,1
2013-01-13 09:01:00,-73.975212,40.765217,6
2013-01-13 09:24:00,-74.006416,40.73328,1
2013-01-13 09:16:00,-74.001572,40.746834,1
2013-01-13 09:19:00,-73.925941,40.744129,1
2013-01-13 09:27:00,-73.965904,40.770714,6
2013-01-13 09:29:00,-73.980858,40.737659,5
2013-01-13 09:34:00,-73.962868,40.765823,3
2013-01-13 09:26:00,-73.982269,40.731644,1
2013-01-13 09:22:00,-73.97995,40.785992,1
2013-01-13 09:31:00,-73.980011,40.785862,6
2013-01-13 09:23:00,-73.969315,40.785461,1
2013-01-13 02:07:00,-73.990379,40.728786,4
2013-01-13 02:18:00,-73.989044,40.742477,5
2013-01-13 02:07:00,-73.988029,40.731987,1
2013-01-13 02:13:00,-73.985458,40.727627,1
2013-01-13 02:12:00,-74.002289,40.726433,2
2013-01-13 02:08:00,-73.985458,40.77858,1
2013-01-13 02:04:00,-74.002716,40.749672,5
2013-01-13 02:15:00,-73.978607,40.762413,2
2013-01-13 02:10:00,-73.983849,40.743832,1
2013-01-13 03:53:00,-73.987778,40.764629,6
2013-01-13 03:42:00,-73.9916,40.726437,6
2013-01-13 03:50:00,-73.950012,40.711105,1
2013-01-13 03:43:00,-74.005371,40.740059,1
2013-01-13 03:57:00,-73.973389,40.755123,6
2013-01-13 03:49:00,-74.007347,40.741089,5
2013-01-13 03:57:00,-73.971741,40.794502,1
2013-01-13 04:00:00,-73.986259,40.767136,3
2013-01-13 03:53:00,-73.991745,40.72673,1
2013-01-13 03:55:00,-73.950729,40.785835,2
2013-01-13 03:47:00,-73.98378,40.726982,2
2013-01-13 03:56:00,-73.991539,40.727203,1
2013-01-13 03:52:00,-73.994186,40.720451,1
2013-01-13 03:50:00,-73.987709,40.748146,6
2013-01-13 03:52:00,-73.990448,40.760841,2
2013-01-13 11:05:00,-73.982025,40.771198,6
2013-01-13 11:12:00,-73.991463,40.765186,1
2013-01-13 11:01:00,-73.982224,40.768406,3
2013-01-13 11:01:00,-73.978775,40.761906,6
2013-01-13 11:24:00,-73.986977,40.776695,1
2013-01-13 11:17:00,-73.986153,40.744743,1
2013-01-13 11:08:00,-73.985909,40.722893,1
2013-01-13 11:05:00,-74.007988,40.706894,1
2013-01-13 11:08:00,-73.9842,40.757469,5
2013-01-13 11:12:00,-73.959045,40.783451,6
2013-01-13 11:20:00,-73.991936,40.726353,1
2013-01-13 11:17:00,-73.966965,40.772881,1
2013-01-13 11:16:00,0.0,0.0,5
2013-01-13 03:43:00,-73.954666,40.716736,6
2013-01-13 03:35:00,-73.993698,40.760571,5
2013-01-13 03:52:00,-73.985512,40.747173,3
2013-01-13 03:54:00,-73.987816,40.723969,1
2013-01-13 03:43:00,-73.985832,40.722923,2
2013-01-13 03:53:00,-74.001328,40.737083,1
2013-01-13 03:51:00,-74.005043,40.722855,1
2013-01-13 03:46:00,-74.000099,40.717918,1
2013-01-13 03:40:00,-73.919838,40.766197,1
2013-01-13 03:58:00,-74.000282,40.728718,5
2013-01-13 03:56:00,-73.993011,40.757851,1
2013-01-13 06:43:00,-73.985039,40.755608,1
2013-01-13 06:29:00,-73.962929,40.774128,1
2013-01-05 11:36:00,-73.988991,40.740379,5
2013-01-13 06:41:00,-73.993263,40.729961,2
2013-01-13 06:44:00,-73.955521,40.799541,1
2013-01-13 06:50:00,-73.906433,40.745445,6
2013-01-13 07:06:00,0.0,0.0,1
2013-01-13 06:48:00,-73.993111,40.692829,1
2013-01-13 06:55:00,-73.980995,40.768986,1
2013-01-13 07:04:00,-73.984543,40.779694,6
2013-01-13 07:03:00,-73.94342,40.7523,5
2013-01-13 07:03:00,-73.959656,40.773773,1
2013-01-13 07:00:00,-73.960968,40.768299,1
2013-01-13 06:54:00,-74.007797,40.712021,1
2013-01-13 07:03:00,-73.980499,40.688393,5
2013-01-13 06:51:00,-73.9571,40.815559,5
2013-01-13 07:00:00,-73.996964,40.737328,1
2013-01-13 09:24:00,-73.984138,40.742722,1
2013-01-13 09:25:00,-74.001823,40.722027,1
2013-01-13 09:19:00,-73.994987,40.753757,1
2013-01-13 09:27:00,-73.961922,40.776592,1
2013-01-13 09:27:00,-73.979042,40.74728,1
2013-01-13 09:19:00,-73.969292,40.763683,1
2013-01-13 09:24:00,-73.943581,40.752064,2
2013-01-13 09:28:00,-73.974709,40.756065,1
2013-01-13 09:43:00,-73.990135,40.761826,2
2013-01-13 03:47:00,-73.992722,40.740589,3
2013-01-13 03:55:00,-73.990204,40.72514,5
2013-01-13 03:57:00,-73.965271,40.759781,3
2013-01-13 03:49:00,-73.955612,40.768505,1
2013-01-13 03:55:00,-73.987427,40.72271,1
2013-01-13 03:58:00,-73.966164,40.753941,1
2013-01-13 03:54:00,-73.997192,40.722137,5
2013-01-13 03:54:00,-73.999451,40.727955,1
2013-01-13 03:49:00,-74.003044,40.751316,1
2013-01-13 11:10:00,-73.990906,40.74868,3
2013-01-13 11:10:00,-73.989601,40.751968,1
2013-01-13 11:17:00,-73.95929,40.763294,1
2013-01-13 11:14:00,-73.986191,40.767109,1
2013-01-13 11:09:00,-74.005844,40.727478,2
2013-01-13 11:11:00,-73.956146,40.772018,1
2013-01-13 11:03:00,-73.987732,40.779572,1
2013-01-13 11:19:00,-74.000244,40.737862,1
2013-01-13 11:17:00,-73.952812,40.778671,4
2013-01-13 10:56:00,-73.781944,40.644886,2
2013-01-13 11:08:00,-73.985779,40.77774,5
2013-01-13 11:16:00,-73.973793,40.75745,1
2013-01-13 11:09:00,-73.965118,40.755829,2
2013-01-13 11:13:00,-73.964561,40.771465,1
2013-01-13 11:14:00,-73.977898,40.753113,2
2013-01-13 11:18:00,-74.009285,40.715298,6
2013-01-13 11:17:00,-73.979065,40.766621,3
2013-01-13 11:04:00,-73.875069,40.773884,1
2013-01-13 10:56:00,-73.948448,40.772148,5
2013-01-13 11:10:00,-73.973724,40.757381,6
2013-01-13 11:16:00,-73.976585,40.790703,1
2013-01-13 11:12:00,-73.970978,40.759361,1
2013-01-13 11:16:00,-73.980576,40.74271,6
2013-01-13 11:19:00,-73.998444,40.733341,2
2013-01-13 11:09:00,-73.963142,40.762444,2
2013-01-13 11:17:00,-73.996895,40.737335,1
2013-01-13 11:02:00,-73.962517,40.779049,2
2013-01-13 11:19:00,-73.97287,40.756538,1
2013-01-13 11:15:00,-73.994133,40.740421,1
2013-01-13 11:09:00,-73.925201,40.768513,1
2013-01-13 11:25:00,-73.983849,40.740662,1
2013-01-13 11:21:00,-73.979675,40.761429,1
2013-01-13 11:12:00,-73.950455,40.802376,3
2013-01-13 11:22:00,-73.975914,40.786251,2
2013-01-13 11:12:00,-73.953003,40.772652,1
2013-01-13 11:15:00,-74.005875,40.740273,1
2013-01-13 09:24:00,-73.990616,40.734837,1
2013-01-13 09:25:00,-73.967506,40.802998,1
2013-01-13 09:26:00,-73.948273,40.798206,1
2013-01-13 09:22:00,-73.966766,40.788857,1
2013-01-13 09:33:00,-73.965179,40.774933,6
2013-01-05 16:55:00,-73.978188,40.762691,2
2013-01-13 09:30:00,-74.007141,40.748863,1
2013-01-13 09:20:00,-73.95932,40.809132,1
2013-01-13 09:27:00,-73.989296,40.743752,3
2013-01-13 09:31:00,-73.957222,40.783173,5
2013-01-13 09:31:00,-73.956184,40.771797,1
2013-01-13 09:27:00,-73.96212,40.755611,2
2013-01-13 09:37:00,-74.008659,40.722813,1
2013-01-13 09:27:00,-73.996109,40.726719,5
2013-01-13 09:29:00,-73.947578,40.775383,1
2013-01-13 09:20:00,-73.97747,40.742691,1
2013-01-13 09:25:00,-73.973625,40.754528,1
2013-01-13 09:34:00,-73.973228,40.747948,1
2013-01-13 09:33:00,-74.002747,40.728607,2
2013-01-13 09:31:00,-73.983269,40.738552,2
2013-01-13 09:22:00,-73.950966,40.785702,1
2013-01-13 09:34:00,-73.989899,40.756756,1
2013-01-13 09:34:00,-73.958527,40.764294,1
2013-01-13 09:35:00,-73.961548,40.796009,2
2013-01-13 09:35:00,-73.988319,40.748737,1
2013-01-13 09:28:00,-73.972473,40.758663,6
2013-01-13 09:28:00,-73.980011,40.765762,2
2013-01-13 09:32:00,-73.983955,40.758862,1
2013-01-13 09:37:00,-73.974686,40.790794,1
2013-01-13 09:30:00,-73.98037,40.742607,1
2013-01-13 11:17:00,-73.997177,40.722328,1
2013-01-13 11:10:00,-74.007011,40.729073,2
2013-01-13 11:14:00,-73.998779,40.750408,2
2013-01-13 11:05:00,-73.980247,40.760948,1
2013-01-13 11:16:00,-73.993805,40.735844,2
2013-01-13 11:05:00,-73.992584,40.748955,5
2013-01-13 10:59:00,-73.958672,40.774921,1
2013-01-13 11:14:00,-73.992271,40.745735,1
2013-01-13 11:11:00,-73.993889,40.741592,2
2013-01-13 11:11:00,-73.978355,40.74498,5
2013-01-13 11:11:00,-73.98793,40.755421,1
2013-01-13 10:54:00,-73.865715,40.770515,1
2013-01-13 11:15:00,-73.982964,40.744881,1
2013-01-13 11:16:00,-73.995605,40.74382,1
2013-01-13 11:09:00,-73.992081,40.755756,2
2013-01-13 11:09:00,-73.990707,40.731647,1
2013-01-13 11:13:00,-73.990974,40.734848,1
2013-01-13 11:09:00,-73.995331,40.759674,1
2013-01-13 11:09:00,-73.993248,40.736805,2
2013-01-13 11:04:00,-73.874603,40.774117,1
2013-01-13 11:18:00,-74.009125,40.717411,2
2013-01-13 09:22:00,-73.98214,40.740295,6
2013-01-13 09:20:00,-73.97406,40.77869,5
2013-01-13 09:32:00,-73.981255,40.746716,2
2013-01-13 09:32:00,-73.975082,40.741734,1
2013-01-13 11:18:00,-74.009628,40.723045,1
2013-01-13 11:15:00,-73.95314,40.771809,1
2013-01-13 11:16:00,-73.959953,40.773586,1
2013-01-13 11:11:00,-73.989372,40.758888,5
2013-01-13 11:12:00,-73.955063,40.785896,1
2013-01-13 11:12:00,-73.969795,40.750961,1
2013-01-13 11:12:00,-74.017174,40.705292,1
2013-01-13 11:10:00,-73.975357,40.733051,1
2013-01-13 11:18:00,-74.007774,40.705162,5
2013-01-13 11:17:00,-73.976891,40.747532,2
2013-01-13 11:11:00,-73.979736,40.735104,1
2013-01-13 11:15:00,-73.976906,40.759167,1
2013-01-13 11:13:00,-74.004417,40.724056,4
2013-01-13 11:19:00,-73.957245,40.770306,1
2013-01-13 11:17:00,-73.939987,40.794098,1
2013-01-13 11:20:00,-73.965683,40.771275,2
2013-01-13 11:11:00,-73.979424,40.754669,1
2013-01-13 11:16:00,-73.987862,40.760368,1
2013-01-13 11:19:00,-73.953842,40.77285,1
2013-01-13 11:01:00,-73.874428,40.773964,1
2013-01-13 11:17:00,-73.958824,40.76799,1
2013-01-13 11:19:00,-73.983757,40.744583,1
2013-01-13 11:13:00,-74.002899,40.760441,2
2013-01-05 23:16:00,-73.987801,40.751858,2
2013-01-13 11:16:00,-73.981461,40.780872,2
2013-01-13 11:18:00,-73.96888,40.754471,1
2013-01-13 09:19:00,0.0,0.0,1
2013-01-13 09:28:00,-73.920486,40.852428,1
2013-01-13 09:26:00,-73.98481,40.721786,1
2013-01-13 09:25:00,-73.96524,40.759563,1
2013-01-13 09:14:00,-73.977745,40.755066,1
2013-01-13 09:34:00,-73.994095,40.741325,1
2013-01-13 09:22:00,-73.99649,40.758114,1
2013-01-13 09:19:00,-73.973122,40.763626,1
2013-01-13 09:35:00,-74.012939,40.702202,1
2013-01-13 09:31:00,-73.970734,40.689541,1
2013-01-13 09:20:00,-73.98555,40.778252,1
2013-01-13 09:29:00,-74.002556,40.733791,3
2013-01-13 09:34:00,-73.873352,40.734531,2
2013-01-13 09:10:00,-74.012749,40.71043,6
2013-01-13 09:29:00,-74.005753,40.717724,1
2013-01-13 03:52:00,-73.989326,40.721088,1
2013-01-13 03:54:00,-73.996674,40.720455,1
2013-01-13 03:55:00,-73.98008,40.734524,1
2013-01-13 02:52:00,-73.99099,40.724064,1
2013-01-13 03:58:00,-74.004868,40.740688,2
2013-01-13 03:58:00,-73.958664,40.768242,1
2013-01-13 11:18:00,-73.955994,40.767807,2
2013-01-13 11:15:00,-73.975784,40.789627,2
2013-01-13 11:05:00,-73.981667,40.75602,1
2013-01-13 11:13:00,-73.96653,40.761036,1
2013-01-13 09:27:00,-73.979477,40.735542,1
2013-01-13 09:24:00,-73.949799,40.784424,6
2013-01-13 09:20:00,-73.997055,40.73698,1
2013-01-13 09:35:00,-73.974098,40.769447,2
2013-01-13 09:23:00,0.0,0.0,1
2013-01-13 09:31:00,-73.980293,40.748341,1
2013-01-13 09:32:00,0.0,0.0,2
2013-01-13 09:32:00,0.0,0.0,1
2013-01-13 09:33:00,-73.964973,40.772297,1
2013-01-13 09:31:00,-73.966454,40.800121,2
2013-01-13 09:26:00,0.0,0.0,1
2013-01-13 09:30:00,-73.949623,40.776546,1
2013-01-13 09:29:00,-73.918282,40.746628,1
2013-01-13 09:34:00,-73.948547,40.783115,2
2013-01-13 09:31:00,-74.005966,40.745384,6
2013-01-13 09:34:00,-73.986374,40.75882,1
2013-01-13 09:29:00,-73.989143,40.768261,2
2013-01-13 09:26:00,-73.985069,40.697418,1
2013-01-13 09:33:00,-73.984901,40.759735,1
2013-01-13 09:32:00,-73.986526,40.766758,6
2013-01-13 09:33:00,-73.995514,40.742588,1
2013-01-13 09:30:00,-73.872375,40.774227,2
2013-01-13 09:27:00,-73.945992,40.781212,1
2013-01-13 09:16:00,-73.972275,40.796448,1
2013-01-13 09:40:00,-73.951118,40.778728,6
2013-01-13 09:25:00,-73.827316,40.712898,1
2013-01-13 09:34:00,-73.958847,40.771351,2
2013-01-13 09:24:00,-73.967621,40.787846,1
2013-01-13 09:27:00,-73.976105,40.79137,1
2013-01-13 09:17:00,-73.997871,40.682903,5
2013-01-13 09:36:00,-73.992966,40.758163,5
2013-01-13 09:24:00,-73.990974,40.685902,6
2013-01-13 09:32:00,-73.982025,40.778774,1
2013-01-13 09:06:00,-74.013924,40.718884,1
2013-01-13 09:27:00,-73.973534,40.794685,1
2013-01-13 09:19:00,-73.871063,40.773682,1
2013-01-13 09:28:00,-73.957664,40.774738,2
2013-01-13 09:28:00,-73.992561,40.723854,6
2013-01-13 09:32:00,-73.981895,40.764236,1
2013-01-13 09:27:00,-74.004227,40.707428,1
2013-01-13 09:32:00,-73.981247,40.733131,1
2013-01-13 09:29:00,-73.993919,40.751335,1
2013-01-13 09:34:00,-73.968697,40.754707,2
2013-01-13 09:29:00,-73.972252,40.755333,2
2013-01-13 09:30:00,-73.986916,40.739399,1
2013-01-13 09:24:00,-73.971214,40.764606,1
2013-01-13 09:23:00,-74.006332,40.713615,1
2013-01-13 09:29:00,-73.953072,40.783421,1
2013-01-13 09:31:00,-73.979988,40.732357,2
2013-01-13 10:22:00,-73.952797,40.776539,1
2013-01-13 09:30:00,-73.981712,40.728455,1
2013-01-13 09:32:00,-73.98774,40.770092,1
2013-01-13 09:36:00,-73.961906,40.776691,5
2013-01-13 09:23:00,-73.868935,40.757359,2
2013-01-13 09:31:00,-73.985016,40.742008,1
2013-01-13 09:32:00,-73.980713,40.76432,2
2013-01-13 09:34:00,-73.99707,40.742012,1
2013-01-13 09:28:00,-73.984123,40.761501,1
2013-01-13 09:30:00,-74.007423,40.716141,4
2013-01-13 09:35:00,-73.984627,40.769806,1
2013-01-13 09:24:00,-73.986656,40.725681,1
2013-01-13 09:16:00,-74.007187,40.71175,1
2013-01-13 09:27:00,-73.980736,40.730648,5
2013-01-13 09:36:00,-73.960365,40.761803,1
2013-01-13 09:29:00,-73.984596,40.745312,3
2013-01-13 09:29:00,-73.982079,40.77689,3
2013-01-13 09:30:00,-74.001221,40.762703,1
2013-01-13 09:34:00,-73.952492,40.772713,1
2013-01-13 09:32:00,-74.002037,40.729664,1
2013-01-13 09:35:00,-73.994034,40.751125,1
2013-01-13 09:36:00,-73.993401,40.743404,6
2013-01-13 09:31:00,-73.976784,40.74744,1
2013-01-13 09:32:00,-73.978668,40.765316,1
2013-01-13 09:40:00,-73.969566,40.78545,1
2013-01-13 09:38:00,0.0,0.0,3
2013-01-13 11:15:00,-73.99041,40.72892,2
2013-01-13 11:12:00,-73.952675,40.783386,1
2013-01-13 11:15:00,-74.008369,40.748913,1
2013-01-13 10:58:00,-73.87265,40.774117,2
2013-01-13 11:13:00,-73.961967,40.79557,1
2013-01-13 11:14:00,-73.983238,40.7388,5
2013-01-13 11:10:00,0.0,0.0,5
2013-01-13 11:17:00,-73.968689,40.786301,1
2013-01-13 11:19:00,-73.975784,40.789627,2
2013-01-13 11:17:00,-73.973633,40.747997,1
2013-01-13 11:01:00,-73.918518,40.744129,2
2013-01-13 11:00:00,-73.983894,40.729523,1
2013-01-13 11:09:00,-73.968765,40.801437,2
2013-01-13 11:11:00,-73.963959,40.776646,1
2013-01-13 11:02:00,-74.010529,40.704952,1
2013-01-13 11:18:00,-73.969131,40.769894,1
2013-01-13 11:20:00,-73.980568,40.730515,5
2013-01-13 11:16:00,-73.996841,40.737431,2
2013-01-13 11:16:00,-73.997017,40.742161,6
2013-01-13 11:21:00,-73.954788,40.765484,1
2013-01-13 11:13:00,-73.975861,40.765648,4
2013-01-13 11:14:00,-74.001228,40.732685,1
2013-01-13 11:18:00,0.0,0.0,1
2013-01-13 11:12:00,-73.981499,40.749817,1
2013-01-13 10:52:00,-73.78688,40.641518,1
2013-01-13 04:04:00,-73.973312,40.743858,1
2013-01-13 04:11:00,-73.992065,40.757217,4
2013-01-13 02:27:00,-74.006485,40.722424,1
2013-01-13 02:20:00,-74.006577,40.73798,1
2013-01-13 02:18:00,-73.988762,40.718872,1
2013-01-13 02:27:00,-73.979553,40.761173,6
2013-01-13 02:33:00,0.0,0.0,1
2013-01-13 02:25:00,-74.009605,40.704548,3
2013-01-13 02:20:00,-73.996788,40.714951,5
2013-01-13 02:30:00,-73.992973,40.719673,1
2013-01-13 02:26:00,-74.001274,40.736286,2
2013-01-13 02:02:00,-74.003044,40.733318,1
2013-01-13 02:34:00,-74.003448,40.731911,1
2013-01-13 02:16:00,-73.988441,40.731651,1
2013-01-13 02:15:00,-73.954247,40.73011,5
2013-01-13 02:12:00,-73.986015,40.717953,1
2013-01-13 02:36:00,0.0,0.0,1
2013-01-13 02:10:00,-73.969421,40.712891,3
2013-01-13 02:29:00,-73.988068,40.718651,3
2013-01-13 02:27:00,-73.984116,40.744728,5
2013-01-13 02:32:00,-73.958,40.713848,1
2013-01-13 02:32:00,-73.986511,40.761837,1
2013-01-13 02:22:00,-73.997887,40.735912,1
2013-01-13 02:28:00,-73.965492,40.764385,5
2013-01-13 09:40:00,-73.954781,40.769463,1
2013-01-13 09:38:00,-73.992897,40.756893,6
2013-01-13 09:35:00,-73.973656,40.738258,1
2013-01-13 10:24:00,-73.977554,40.742355,1
2013-01-13 10:30:00,-74.000473,40.737522,1
2013-01-13 11:20:00,-73.986961,40.761505,2
2013-01-13 10:21:00,-73.974045,40.787312,1
2013-01-13 10:26:00,-73.964722,40.759842,1
2013-01-13 10:29:00,-73.956444,40.778217,4
2013-01-13 10:24:00,-73.967529,40.766144,1
2013-01-13 10:32:00,-73.966087,40.804707,1
2013-01-13 10:26:00,-73.972862,40.75602,6
2013-01-13 10:28:00,-73.998016,40.751213,1
2013-01-13 10:32:00,-73.954216,40.770237,1
2013-01-13 10:18:00,-73.994789,40.750324,1
2013-01-13 10:31:00,-73.987541,40.768906,5
2013-01-13 10:35:00,-73.977638,40.789288,1
2013-01-13 10:34:00,-73.988853,40.774632,3
2013-01-13 10:28:00,-73.962189,40.767921,1
2013-01-13 10:19:00,-73.776825,40.646049,1
2013-01-13 10:32:00,-73.979744,40.782082,3
2013-01-13 10:31:00,-73.950302,40.775711,5
2013-01-13 10:36:00,-73.973915,40.755306,1
2013-01-13 10:26:00,-73.972145,40.796886,2
2013-01-13 10:32:00,-73.988029,40.774994,1
2013-01-13 11:18:00,-73.978439,40.783123,5
2013-01-13 11:06:00,-73.971909,40.754196,2
2013-01-13 11:15:00,-73.990059,40.775581,2
2013-01-13 11:19:00,-73.981529,40.770435,1
2013-01-13 11:22:00,-73.975197,40.748997,1
2013-01-13 11:12:00,-73.955391,40.804478,1
2013-01-13 11:20:00,-73.957298,40.768219,1
2013-01-13 11:13:00,-73.935173,40.79594,1
2013-01-13 11:10:00,-74.00074,40.72121,1
2013-01-13 11:18:00,-73.986046,40.780476,1
2013-01-13 11:21:00,-73.963448,40.766075,5
2013-01-13 11:15:00,-73.966751,40.763882,5
2013-01-13 11:08:00,-73.953461,40.782448,4
2013-01-13 11:19:00,-73.983795,40.765621,1
2013-01-13 11:20:00,-73.992996,40.747334,1
2013-01-13 11:09:00,-73.951225,40.785877,1
2013-01-13 11:23:00,-73.976654,40.775291,5
2013-01-13 11:15:00,-73.984406,40.749367,5
2013-01-13 11:22:00,-73.990776,40.750893,2
2013-01-13 11:18:00,-73.984421,40.760784,1
2013-01-13 11:22:00,-73.979256,40.755833,1
2013-01-13 11:14:00,-73.982857,40.726879,1
2013-01-13 11:10:00,-73.994232,40.735565,1
2013-01-13 10:31:00,-73.990875,40.740086,1
2013-01-13 10:35:00,-73.979485,40.727409,1
2013-01-13 02:28:00,-73.986435,40.757423,1
2013-01-13 02:32:00,-73.98436,40.742657,5
2013-01-13 02:25:00,-73.966476,40.688133,5
2013-01-13 02:28:00,-74.005783,40.738789,1
2013-01-13 01:41:00,-73.97049,40.750801,1
2013-01-13 02:26:00,-74.004326,40.719555,5
2013-01-13 02:29:00,-73.985458,40.727406,1
2013-01-13 02:26:00,-73.960793,40.760902,3
2013-01-13 02:30:00,-73.987923,40.7323,1
2013-01-13 02:33:00,-73.959938,40.766319,1
2013-01-13 02:21:00,-74.008202,40.725952,1
2013-01-13 02:36:00,-73.951912,40.716724,3
2013-01-13 02:27:00,-73.96109,40.761391,1
2013-01-13 02:26:00,-73.941681,40.708279,1
2013-01-13 02:26:00,-74.00354,40.743397,3
2013-01-13 03:04:00,-73.957855,40.717705,2
2013-01-13 03:07:00,-74.005943,40.741226,1
2013-01-13 03:22:00,-74.008102,40.725906,1
2013-01-13 03:12:00,-73.989494,40.760475,2
2013-01-13 03:12:00,-74.005295,40.740082,1
2013-01-13 03:02:00,-73.9944,40.74535,3
2013-01-13 03:14:00,-73.983955,40.725536,6
2013-01-13 03:15:00,-73.989738,40.729568,1
2013-01-13 03:16:00,-73.990578,40.775276,1
2013-01-13 06:32:00,-73.982018,40.778576,2
2013-01-13 06:45:00,0.0,0.0,5
2013-01-13 06:35:00,-73.893539,40.746433,1
2013-01-13 06:26:00,-73.776756,40.645344,1
2013-01-13 06:38:00,-73.91404,40.770042,1
2013-01-13 06:38:00,-73.98983,40.729519,2
2013-01-13 06:52:00,0.0,0.0,1
2013-01-13 06:48:00,-73.990501,40.756645,6
2013-01-13 06:49:00,-73.973274,40.753868,1
2013-01-13 06:45:00,-73.988518,40.763939,3
2013-01-13 06:05:00,-73.776718,40.645332,1
2013-01-13 06:44:00,-73.992241,40.738216,1
2013-01-13 07:05:00,-74.001793,40.719669,1
2013-01-13 07:04:00,-73.990753,40.73513,1
2013-01-13 07:07:00,-73.974083,40.75581,1
2013-01-13 07:03:00,-74.001205,40.727631,1
2013-01-13 06:50:00,-73.998993,40.727894,1
2013-01-13 07:01:00,-73.989075,40.720318,5
2013-01-13 07:07:00,-73.910759,40.776115,1
2013-01-13 07:00:00,-73.955849,40.764091,1
2013-01-13 07:06:00,-73.978928,40.740623,2
2013-01-13 06:41:00,-73.776726,40.645344,1
2013-01-13 06:57:00,-73.996552,40.753429,5
2013-01-13 07:08:00,-73.989426,40.741467,1
2013-01-13 06:51:00,-74.005852,40.740025,1
2013-01-13 10:30:00,-73.957344,40.768353,1
2013-01-13 10:09:00,-73.870819,40.773788,1
2013-01-13 10:27:00,-73.981461,40.756237,1
2013-01-13 10:27:00,0.0,0.0,1
2013-01-13 10:21:00,-73.949699,40.772499,1
2013-01-13 10:16:00,-74.00808,40.7225,1
2013-01-13 10:21:00,-74.005325,40.725697,1
2013-01-13 10:28:00,-73.972954,40.756737,2
2013-01-13 10:33:00,-73.963051,40.772205,1
2013-01-13 10:34:00,-74.00708,40.716084,1
2013-01-13 10:32:00,-74.011322,40.718586,3
2013-01-13 10:33:00,-73.948738,40.773853,5
2013-01-13 10:24:00,-74.017883,40.709377,3
2013-01-13 10:22:00,-73.997078,40.73735,1
2013-01-13 10:34:00,-73.998894,40.719173,3
2013-01-13 10:26:00,-73.993965,40.746071,1
2013-01-13 10:23:00,-73.947708,40.775375,5
2013-01-13 10:32:00,-73.852173,40.753277,1
2013-01-13 10:31:00,-73.994827,40.760258,5
2013-01-13 10:34:00,-73.963669,40.766228,1
2013-01-13 10:28:00,0.0,0.0,5
2013-01-13 10:32:00,-73.977463,40.733936,1
2013-01-13 10:36:00,-73.964226,40.760834,1
2013-01-13 10:37:00,-73.948883,40.773548,5
2013-01-13 10:39:00,-73.978218,40.748688,2
2013-01-13 02:12:00,-74.001251,40.736477,1
2013-01-13 01:51:00,-73.967804,40.756065,2
2013-01-13 02:12:00,-73.992599,40.740269,1
2013-01-13 02:07:00,-73.992279,40.715096,5
2013-01-13 02:16:00,-74.009354,40.725826,5
2013-01-13 02:17:00,-73.99218,40.724789,1
2013-01-13 01:56:00,-73.990829,40.734612,1
2013-01-13 02:13:00,-73.985985,40.731384,1
2013-01-13 02:13:00,-73.976799,40.788078,1
2013-01-13 02:13:00,-74.008163,40.714748,1
2013-01-13 10:29:00,-74.000969,40.757523,1
2013-01-13 10:12:00,-73.991051,40.667374,1
2013-01-13 10:35:00,-73.987617,40.747574,2
2013-01-13 10:18:00,-73.979424,40.789856,6
2013-01-13 10:26:00,-74.006226,40.717838,1
2013-01-13 10:32:00,-73.981468,40.767586,3
2013-01-13 10:30:00,-73.980042,40.743008,1
2013-01-13 10:33:00,-73.985321,40.767845,1
2013-01-13 10:31:00,-73.955902,40.717525,1
2013-01-13 10:06:00,-73.783195,40.648552,2
2013-01-13 10:33:00,-73.965263,40.774899,6
2013-01-06 05:27:00,-73.784103,40.648663,1
2013-01-13 10:34:00,-74.003769,40.723846,1
2013-01-13 10:32:00,-73.977783,40.746471,1
2013-01-13 10:27:00,-73.973343,40.743786,6
2013-01-13 10:20:00,-73.998665,40.681351,3
2013-01-13 03:24:00,-73.992554,40.724339,1
2013-01-13 03:23:00,-73.945335,40.778515,1
2013-01-13 03:21:00,-73.994392,40.746086,3
2013-01-13 03:11:00,-73.996674,40.760151,1
2013-01-13 03:05:00,-74.001778,40.727936,2
2013-01-13 03:16:00,-73.978745,40.724194,1
2013-01-13 02:59:00,-73.997726,40.763912,1
2013-01-13 03:00:00,-73.986275,40.761642,1
2013-01-13 03:23:00,-73.970589,40.691704,1
2013-01-13 03:23:00,-73.99118,40.739349,6
2013-01-13 03:14:00,-73.965263,40.714046,1
2013-01-13 03:15:00,-73.987595,40.732601,5
2013-01-13 03:01:00,-73.963867,40.761387,5
2013-01-13 03:15:00,-73.967674,40.756401,2
2013-01-13 03:12:00,-73.976639,40.750893,2
2013-01-13 03:20:00,-73.984154,40.737408,3
2013-01-13 03:05:00,-73.951134,40.710861,1
2013-01-13 02:59:00,-73.985512,40.747417,1
2013-01-13 03:17:00,-73.904007,40.753819,1
2013-01-13 03:26:00,-73.977264,40.729137,1
2013-01-13 03:18:00,-73.999611,40.733494,1
2013-01-13 03:08:00,-73.978851,40.744789,1
2013-01-13 03:04:00,-73.976036,40.741585,2
2013-01-13 03:09:00,-73.998337,40.722706,5
2013-01-13 03:22:00,-73.937897,40.711784,1
2013-01-13 03:13:00,-73.993675,40.738567,1
2013-01-13 03:29:00,-74.000168,40.721909,2
2013-01-13 03:22:00,-74.000572,40.728909,2
2013-01-13 03:28:00,-74.007874,40.705811,1
2013-01-13 03:33:00,-74.007126,40.718025,2
2013-01-13 03:25:00,-73.986229,40.722176,1
2013-01-13 03:20:00,-73.978813,40.744823,2
2013-01-13 03:26:00,-73.989975,40.729332,1
2013-01-13 03:25:00,-74.028877,40.628521,2
2013-01-13 03:27:00,-73.992256,40.666279,1
2013-01-13 03:30:00,-73.980042,40.722343,5
2013-01-13 03:28:00,-73.99176,40.726021,1
2013-01-13 03:33:00,-74.002289,40.734428,1
2013-01-13 03:20:00,-73.992241,40.724953,1
2013-01-13 03:13:00,-73.989594,40.720524,2
2013-01-13 03:25:00,-74.007423,40.741108,5
2013-01-13 03:19:00,-73.988052,40.718746,1
2013-01-13 03:28:00,-73.988762,40.748524,4
2013-01-13 03:32:00,-73.983795,40.744179,2
2013-01-13 03:19:00,-73.982048,40.743126,3
2013-01-13 03:25:00,-73.951698,40.714844,2
2013-01-13 03:24:00,-73.995064,40.755165,1
2013-01-13 06:55:00,-74.001358,40.736134,1
2013-01-13 06:56:00,-73.994255,40.753677,1
2013-01-13 06:58:00,-73.981018,40.761543,1
2013-01-13 07:08:00,-73.986732,40.768635,4
2013-01-13 06:51:00,-73.960258,40.657162,5
2013-01-13 07:12:00,-73.989197,40.762177,2
2013-01-13 03:35:00,-73.434303,40.705875,1
2013-01-13 03:27:00,-74.005348,40.740387,5
2013-01-13 03:29:00,-73.996895,40.762932,1
2013-01-13 03:34:00,-74.001961,40.715378,2
2013-01-13 03:15:00,-73.997849,40.729282,1
2013-01-13 03:23:00,-73.997398,40.741722,2
2013-01-13 03:25:00,-73.913872,40.765182,1
2013-01-13 03:27:00,-74.00428,40.730362,1
2013-01-13 03:24:00,-73.951561,40.713821,4
2013-01-13 03:13:00,-73.999069,40.739407,2
2013-01-13 03:21:00,-73.980865,40.781742,2
2013-01-13 03:29:00,-74.002541,40.73365,2
2013-01-13 03:24:00,-74.004288,40.751823,1
2013-01-13 03:25:00,-74.003792,40.742821,1
2013-01-13 03:30:00,-74.006622,40.744202,1
2013-01-13 03:27:00,-73.987686,40.749908,2
2013-01-13 03:28:00,-73.987823,40.719215,1
2013-01-13 03:27:00,-73.95845,40.708714,1
2013-01-13 03:29:00,-73.962296,40.760571,1
2013-01-13 10:35:00,-73.973846,40.784313,1
2013-01-13 10:28:00,-73.980499,40.766869,5
2013-01-13 10:38:00,-73.962563,40.773037,5
2013-01-13 10:31:00,-74.000214,40.745953,1
2013-01-13 10:31:00,-73.96106,40.760635,1
2013-01-13 10:28:00,-73.929741,40.73748,1
2013-01-13 10:38:00,-73.962708,40.766674,2
2013-01-13 10:35:00,-73.982491,40.742603,1
2013-01-13 10:32:00,-73.985382,40.722115,4
2013-01-13 10:33:00,-73.950882,40.774933,1
2013-01-13 03:12:00,-73.990265,40.725746,2
2013-01-13 03:26:00,-74.00396,40.737389,2
2013-01-13 03:16:00,-73.98082,40.738117,1
2013-01-13 03:28:00,-73.975655,40.745129,1
2013-01-13 03:15:00,-73.983002,40.749294,1
2013-01-13 03:34:00,-73.955322,40.779377,1
2013-01-13 03:17:00,-73.966682,40.714867,1
2013-01-13 03:33:00,-73.969093,40.757393,1
2013-01-13 03:30:00,-73.953178,40.778454,1
2013-01-13 03:27:00,-74.004059,40.737526,1
2013-01-13 03:31:00,-73.990135,40.718994,1
2013-01-13 03:30:00,-73.980156,40.742867,1
2013-01-13 03:35:00,-73.920334,40.76815,1
2013-01-13 03:17:00,-74.000832,40.72905,5
2013-01-13 03:32:00,-73.993561,40.740746,1
2013-01-13 09:34:00,-73.956223,40.775314,1
2013-01-13 09:35:00,0.0,0.0,1
2013-01-13 09:33:00,-73.999214,40.721539,5
2013-01-13 09:30:00,-73.989197,40.777229,1
2013-01-13 09:36:00,-73.975258,40.79055,1
2013-01-13 09:34:00,-73.991531,40.749557,5
2013-01-13 09:36:00,-73.975929,40.765419,1
2013-01-13 11:07:00,0.0,0.0,1
2013-01-13 09:28:00,-73.98069,40.721642,1
2013-01-13 10:10:00,-73.973251,40.763924,1
2013-01-13 10:31:00,-73.955048,40.769405,2
2013-01-13 10:17:00,-74.000351,40.747952,1
2013-01-13 10:33:00,-73.997627,40.736168,6
2013-01-13 10:31:00,-73.973923,40.764256,2
2013-01-13 10:32:00,-73.988106,40.762371,3
2013-01-13 10:25:00,-73.954536,40.820896,1
2013-01-13 10:29:00,-73.974586,40.680241,1
2013-01-13 10:34:00,-73.97686,40.787716,2
2013-01-13 10:35:00,-73.98333,40.756535,1
2013-01-13 10:15:00,-73.789818,40.646793,2
2013-01-13 10:30:00,-73.953102,40.772411,2
2013-01-13 10:34:00,-73.97628,40.775955,5
2013-01-13 10:33:00,-73.985435,40.774845,6
2013-01-13 10:28:00,-74.01004,40.706173,6
2013-01-13 10:24:00,-73.967285,40.756466,5
2013-01-13 10:31:00,-74.006531,40.733044,1
2013-01-13 03:15:00,-73.9319,40.764992,1
2013-01-13 03:20:00,-73.967812,40.757053,1
2013-01-13 03:23:00,-73.999664,40.714592,1
2013-01-13 08:46:00,-73.969849,40.794842,2
2013-01-13 08:54:00,-73.921776,40.820271,2
2013-01-13 08:58:00,-73.998894,40.739246,2
2013-01-13 08:47:00,-73.958595,40.71701,2
2013-01-13 08:32:00,-73.999527,40.711906,1
2013-01-13 08:37:00,-73.984116,40.668133,2
2013-01-13 09:09:00,-73.975616,40.752403,5
2013-01-13 09:05:00,-73.982651,40.75552,2
2013-01-13 09:00:00,-73.985657,40.723164,5
2013-01-13 09:07:00,-73.965698,40.795296,2
2013-01-13 09:04:00,-74.011024,40.710884,5
2013-01-13 08:47:00,-74.004631,40.722576,5
2013-01-13 09:04:00,-73.982895,40.766514,1
2013-01-13 09:05:00,-73.976173,40.781113,6
2013-01-13 09:04:00,-73.990227,40.774014,1
2013-01-06 18:29:00,0.0,0.0,1
2013-01-13 09:00:00,-73.870804,40.773792,2
2013-01-13 09:01:00,-73.959686,40.801193,2
2013-01-13 09:01:00,-73.994637,40.69791,1
2013-01-13 09:08:00,-73.955559,40.779598,6
2013-01-13 09:06:00,-73.979263,40.735771,1
2013-01-13 08:51:00,-73.978653,40.783184,6
2013-01-13 09:39:00,-73.956612,40.778343,1
2013-01-13 10:27:00,-73.978561,40.783031,1
2013-01-13 10:27:00,-73.959183,40.783318,2
2013-01-13 10:27:00,-73.869637,40.772663,2
2013-01-13 10:31:00,-73.994469,40.732323,1
2013-01-13 10:27:00,-73.995979,40.732136,5
2013-01-13 10:29:00,-73.973656,40.749321,1
2013-01-13 10:21:00,-74.000229,40.761738,1
2013-01-13 10:32:00,-74.001701,40.732388,6
2013-01-13 10:36:00,-73.985825,40.745049,1
2013-01-13 10:21:00,-73.961914,40.773903,5
2013-01-13 10:34:00,-73.972046,40.754116,1
2013-01-13 10:27:00,-73.955154,40.780136,2
2013-01-13 10:34:00,-74.008072,40.705357,1
2013-01-13 10:34:00,-73.94529,40.775307,1
2013-01-13 10:22:00,0.0,0.0,1
2013-01-13 10:18:00,-73.8853,40.77309,2
2013-01-13 10:26:00,-73.983398,40.738777,1
2013-01-13 10:28:00,-74.007568,40.74091,5
2013-01-13 10:14:00,-73.788895,40.641232,1
2013-01-13 10:39:00,-73.973946,40.787251,1
2013-01-13 10:33:00,-73.99044,40.771782,1
2013-01-13 10:26:00,-73.984848,40.748524,5
2013-01-13 10:35:00,-73.991714,40.754818,1
2013-01-13 10:29:00,-73.99221,40.751385,1
2013-01-13 08:55:00,-73.991508,40.746353,1
2013-01-13 09:09:00,-73.974564,40.765076,6
2013-01-13 09:08:00,-74.007668,40.740829,1
2013-01-13 08:59:00,-73.958778,40.815121,6
2013-01-13 09:01:00,-74.008163,40.7379,1
2013-01-18 09:35:38,-73.951126,40.770699,1
2013-01-13 09:09:00,-74.002586,40.733772,1
2013-01-13 09:00:00,-73.955162,40.780201,2
2013-01-13 09:11:00,-73.985367,40.762493,5
2013-01-13 08:57:00,-73.96019,40.81311,1
2013-01-13 09:04:00,-73.981178,40.74168,1
2013-01-13 09:13:00,-73.988274,40.727779,1
2013-01-13 09:12:00,0.0,0.0,1
2013-01-13 09:05:00,-74.011406,40.708111,1
2013-01-13 09:20:00,-73.973663,40.763367,2
2013-01-13 09:20:00,-73.998924,40.739502,1
2013-01-13 03:28:00,-73.983231,40.730721,5
2013-01-13 03:29:00,-73.958344,40.713303,1
2013-01-13 03:24:00,-73.977791,40.745598,1
2013-01-13 03:26:00,-73.98848,40.723011,1
2013-01-13 03:11:00,-74.003021,40.733284,1
2013-01-13 03:10:00,-73.987762,40.728489,2
2013-01-13 03:19:00,-74.005363,40.739902,1
2013-01-13 03:30:00,-73.993729,40.727219,1
2013-01-13 03:20:00,-73.991096,40.739403,1
2013-01-13 03:17:00,-73.990662,40.718338,1
2013-01-13 09:40:00,-73.980919,40.754463,5
2013-01-13 09:27:00,-73.96566,40.754452,2
2013-01-13 09:32:00,-73.996315,40.760845,1
2013-01-13 09:41:00,-73.995132,40.733967,6
2013-01-13 09:33:00,-73.96315,40.766647,1
2013-01-13 09:34:00,-73.971741,40.787193,1
2013-01-13 09:16:00,-73.960121,40.813324,5
2013-01-13 09:40:00,-73.954178,40.787453,2
2013-01-13 03:21:00,-74.009094,40.716908,1
2013-01-13 03:17:00,-73.969398,40.75721,1
2013-01-13 03:33:00,-73.997475,40.721046,1
2013-01-13 03:26:00,-73.98262,40.739513,1
2013-01-13 03:32:00,-73.971786,40.762962,1
2013-01-13 03:29:00,-73.99752,40.720821,1
2013-01-13 03:13:00,-74.010658,40.711231,1
2013-01-13 03:05:00,-73.991837,40.726315,2
2013-01-13 03:24:00,-73.990662,40.724525,1
2013-01-13 03:35:00,-73.990875,40.756012,1
2013-01-13 03:36:00,0.0,0.0,2
2013-01-13 03:21:00,-74.006454,40.739159,1
2013-01-13 03:25:00,-73.97139,40.751137,6
2013-01-13 03:20:00,-73.997536,40.721035,5
2013-01-13 03:34:00,-74.00679,40.729847,5
2013-01-13 03:30:00,-73.985016,40.736305,6
2013-01-13 10:36:00,-73.974762,40.75724,5
2013-01-13 10:31:00,-73.980843,40.741997,1
2013-01-13 10:23:00,-73.948647,40.782391,1
2013-01-13 10:33:00,-74.007454,40.732964,1
2013-01-13 10:24:00,-73.995377,40.749722,5
2013-01-13 10:33:00,-73.971825,40.75285,1
2013-01-13 10:34:00,-73.947792,40.77523,1
2013-01-13 10:18:00,-73.977715,40.764252,1
2013-01-13 10:33:00,-73.990135,40.689632,1
2013-01-13 10:36:00,-73.994064,40.751251,1
2013-01-13 10:15:00,-73.781845,40.64473,5
2013-01-13 10:35:00,-73.954842,40.789051,1
2013-01-13 10:40:00,-73.981628,40.768066,1
2013-01-13 10:36:00,-73.971214,40.764355,1
2013-01-13 10:43:00,-73.95887,40.783619,6
2013-01-13 10:31:00,-73.99836,40.720154,1
2013-01-13 10:38:00,-73.948349,40.782551,6
2013-01-13 10:38:00,-73.985115,40.759136,2
2013-01-13 10:38:00,-73.987801,40.748306,1
2013-01-13 10:37:00,-73.997284,40.761681,2
2013-01-13 03:25:00,-73.987137,40.744614,6
2013-01-13 03:17:00,-73.997795,40.724152,1
2013-01-13 03:18:00,-73.850418,40.83717,1
2013-01-13 03:17:00,-73.982773,40.723309,5
2013-01-13 03:02:00,-73.984497,40.718933,1
2013-01-13 11:10:00,-73.983139,40.730633,1
2013-01-13 10:57:00,-73.995773,40.726654,3
2013-01-13 10:52:00,-74.003815,40.742573,5
2013-01-13 11:05:00,-73.993118,40.736816,1
2013-01-13 11:12:00,-73.928932,40.768562,3
2013-01-13 11:07:00,-73.98658,40.759609,2
2013-01-13 10:57:00,-73.991302,40.730019,2
2013-01-13 11:12:00,-74.002136,40.719273,5
2013-01-13 11:04:00,-74.008163,40.72242,5
2013-01-13 11:12:00,-73.99501,40.743767,3
2013-01-13 10:57:00,-73.874474,40.77412,1
2013-01-13 11:09:00,-73.976402,40.751938,1
2013-01-13 11:04:00,-73.99614,40.753777,3
2013-01-13 11:11:00,-74.001884,40.737881,1
2013-01-13 11:08:00,-74.00119,40.741497,6
2013-01-13 11:00:00,-73.99279,40.75552,1
2013-01-13 11:08:00,-73.982971,40.763271,1
2013-01-13 11:11:00,-73.974274,40.783638,1
2013-01-13 11:08:00,-73.979164,40.785076,3
2013-01-13 11:15:00,-73.968697,40.747532,1
2013-01-13 11:11:00,-74.001022,40.742397,6
2013-01-18 11:47:37,-73.974724,40.761711,1
2013-01-13 11:11:00,-73.990265,40.724941,1
2013-01-13 11:08:00,-73.967957,40.765129,2
2013-01-13 11:11:00,-73.987495,40.734306,1
2013-01-13 11:03:00,-73.993874,40.735592,1
2013-01-13 03:10:00,-73.988091,40.718601,1
2013-01-13 03:28:00,-74.002373,40.734436,1
2013-01-13 03:12:00,-74.003159,40.679302,1
2013-01-13 03:34:00,-73.992401,40.723927,1
2013-01-13 03:24:00,-74.002853,40.73365,1
2013-01-13 03:20:00,-74.003319,40.740101,5
2013-01-13 03:36:00,-73.958565,40.768642,5
2013-01-13 03:30:00,-74.002319,40.739738,1
2013-01-13 03:29:00,-73.95005,40.78009,6
2013-01-13 03:36:00,-73.978249,40.741692,1
2013-01-13 03:31:00,-73.989693,40.720394,2
2013-01-13 03:34:00,-73.958214,40.717365,1
2013-01-13 03:31:00,-73.983635,40.752926,1
2013-01-13 11:05:00,-73.961243,40.766796,1
2013-01-13 10:52:00,0.0,0.0,5
2013-01-13 11:04:00,-73.972832,40.780617,1
2013-01-13 11:05:00,-73.986359,40.730415,3
2013-01-13 11:07:00,-73.985901,40.76218,4
2013-01-13 11:04:00,-73.981438,40.728909,1
2013-01-13 11:01:00,-73.961731,40.766907,1
2013-01-13 10:56:00,-74.015472,40.709305,6
2013-01-13 11:04:00,-73.98513,40.758801,1
2013-01-13 11:06:00,-73.976082,40.775856,1
2013-01-13 09:28:00,-73.983299,40.767952,1
2013-01-13 09:24:00,-73.95005,40.784233,1
2013-01-13 09:33:00,-73.988785,40.748489,2
2013-01-13 09:25:00,-74.001999,40.746872,2
2013-01-13 09:34:00,-73.968239,40.764755,1
2013-01-13 09:35:00,-73.996483,40.693756,1
2013-01-13 09:21:00,-73.924057,40.743965,1
2013-01-13 09:28:00,-73.960823,40.796974,1
2013-01-13 09:27:00,-74.004906,40.709686,1
2013-01-13 09:34:00,-73.972931,40.755428,3
2013-01-13 09:24:00,-73.974297,40.756382,5
2013-01-13 09:36:00,-73.992615,40.683624,1
2013-01-13 09:32:00,-73.948891,40.782238,2
2013-01-13 09:31:00,-73.981819,40.76889,1
2013-01-13 09:24:00,-73.997269,40.722008,1
2013-01-13 09:35:00,-73.985558,40.749992,1
2013-01-13 09:34:00,-73.988152,40.734016,2
2013-01-13 09:43:00,-73.955994,40.775848,1
2013-01-13 09:31:00,-73.998856,40.745415,2
2013-01-13 04:29:00,-73.991394,40.717373,1
2013-01-13 04:39:00,-74.007172,40.743526,5
2013-01-13 04:44:00,-73.923874,40.752621,5
2013-01-13 04:13:00,-73.993942,40.720596,1
2013-01-13 04:36:00,-73.98838,40.727589,1
2013-01-13 11:12:00,-73.997498,40.756817,6
2013-01-13 11:12:00,-73.99379,40.767159,1
2013-01-13 11:14:00,-73.948662,40.773781,6
2013-01-13 11:11:00,-74.00174,40.730423,1
2013-01-13 11:23:00,-73.980789,40.76503,1
2013-01-13 11:18:00,-73.954643,40.764221,2
2013-01-13 11:20:00,-73.969994,40.759735,1
2013-01-13 11:08:00,-73.952995,40.76807,1
2013-01-13 11:16:00,-73.995613,40.733631,1
2013-01-13 11:20:00,-73.978828,40.782642,3
2013-01-13 11:07:00,-73.956429,40.781097,1
2013-01-13 11:06:00,-73.86293,40.76881,5
2013-01-13 11:06:00,-73.961304,40.78056,5
2013-01-13 11:05:00,-73.963203,40.761833,2
2013-01-13 11:07:00,-73.990585,40.771324,5
2013-01-13 11:11:00,-73.943024,40.785931,1
2013-01-13 11:10:00,-73.992615,40.756927,1
2013-01-13 11:00:00,-73.974304,40.793354,5
2013-01-13 11:12:00,-73.991364,40.726059,1
2013-01-13 11:11:00,-73.99501,40.745216,2
2013-01-13 11:07:00,-73.978722,40.729782,1
2013-01-13 11:08:00,-73.956024,40.772221,6
2013-01-13 10:58:00,-73.951256,40.770332,1
2013-01-13 11:07:00,-73.982101,40.737598,6
2013-01-13 10:58:00,-73.989777,40.757126,2
2013-01-13 10:29:00,-73.989128,40.773548,5
2013-01-13 10:18:00,-73.870979,40.773735,1
2013-01-13 10:35:00,-73.971329,40.795849,1
2013-01-13 10:17:00,-73.839478,40.743057,1
2013-01-13 10:38:00,-73.955147,40.785923,1
2013-01-13 10:01:00,-73.997604,40.741585,2
2013-01-13 10:40:00,0.0,0.0,5
2013-01-13 10:34:00,-73.981842,40.77821,1
2013-01-13 10:40:00,-73.980324,40.765186,3
2013-01-13 10:34:00,-73.994591,40.749596,5
2013-01-13 10:28:00,-73.956024,40.77206,1
2013-01-13 10:38:00,-73.978554,40.788235,1
2013-01-13 10:40:00,0.0,0.0,1
2013-01-13 10:42:00,-73.960831,40.772484,6
2013-01-13 04:05:00,-73.98954,40.747276,1
2013-01-13 04:30:00,-73.966522,40.756767,1
2013-01-13 04:41:00,-73.918983,40.767078,1
2013-01-13 04:32:00,-74.025421,40.637089,1
2013-01-13 04:25:00,-73.983467,40.72612,1
2013-01-13 04:35:00,-73.97551,40.754578,5
2013-01-13 04:19:00,-74.001144,40.731861,1
2013-01-13 04:43:00,-73.951294,40.77866,1
2013-01-13 04:33:00,-74.007706,40.740982,1
2013-01-13 04:42:00,-73.976479,40.785717,1
2013-01-13 04:37:00,-73.989075,40.758396,1
2013-01-13 03:24:00,-73.98204,40.757427,1
2013-01-13 03:26:00,-73.996353,40.760101,2
2013-01-13 03:37:00,-74.002777,40.730831,5
2013-01-13 03:25:00,-74.007561,40.725182,1
2013-01-13 03:18:00,-73.988144,40.718643,2
2013-01-13 03:12:00,-74.008911,40.718636,2
2013-01-13 03:21:00,-73.987251,40.738873,2
2013-01-13 03:32:00,-73.996933,40.720524,2
2013-01-13 03:21:00,-73.997505,40.720745,1
2013-01-13 03:18:00,-73.977455,40.784309,1
2013-01-13 03:29:00,-74.007317,40.742741,1
2013-01-13 03:25:00,-73.971512,40.762794,1
2013-01-13 03:26:00,-73.990318,40.760811,1
2013-01-13 03:33:00,-73.987373,40.744808,1
2013-01-13 03:34:00,-73.991867,40.738403,1
2013-01-13 03:14:00,-73.971695,40.766232,1
2013-01-13 03:14:00,-73.98394,40.737827,4
2013-01-13 10:09:00,-73.976349,40.765636,1
2013-01-13 10:27:00,-73.996529,40.732391,1
2013-01-13 10:29:00,-73.966423,40.764675,1
2013-01-13 10:20:00,-73.951469,40.780907,2
2013-01-13 10:32:00,-73.952965,40.809162,1
2013-01-13 10:34:00,-73.988419,40.761757,6
2013-01-13 10:29:00,-73.977272,40.75341,2
2013-01-13 10:35:00,-73.977051,40.753567,1
2013-01-13 10:21:00,-73.919418,40.743374,2
2013-01-13 10:26:00,-73.970474,40.799408,6
2013-01-13 10:34:00,-73.969254,40.753925,1
2013-01-13 10:31:00,-73.965172,40.757938,1
2013-01-13 10:36:00,-73.993515,40.747421,4
2013-01-13 10:38:00,-73.998253,40.757675,1
2013-01-13 10:36:00,-73.976776,40.790562,5
2013-01-13 10:34:00,-73.981003,40.762577,1
2013-01-13 10:29:00,-73.968323,40.762203,1
2013-01-13 10:24:00,-73.95594,40.779816,6
2013-01-13 10:38:00,-73.993874,40.745831,1
2013-01-13 10:37:00,-73.975967,40.744736,1
2013-01-13 10:41:00,-73.981339,40.741306,1
2013-01-13 10:41:00,-73.992836,40.771599,2
2013-01-13 10:35:00,-73.957596,40.770756,5
2013-01-13 10:33:00,-73.956505,40.768021,3
2013-01-13 10:35:00,-73.94516,40.77599,1
2013-01-13 10:28:00,-73.986839,40.76123,1
2013-01-13 10:21:00,-73.987617,40.722569,5
2013-01-13 10:38:00,-73.983757,40.741043,1
2013-01-13 10:31:00,-73.964264,40.763435,3
2013-01-13 10:37:00,-73.968056,40.765491,4
2013-01-13 04:20:00,-73.974556,40.751354,1
2013-01-13 04:41:00,-73.991112,40.717476,5
2013-01-13 04:22:00,-74.001495,40.75135,5
2013-01-13 03:26:00,-73.986748,40.703083,1
2013-01-13 03:35:00,-74.000244,40.737827,2
2013-01-13 03:09:00,-73.993172,40.722755,1
2013-01-13 03:22:00,-73.995003,40.739777,1
2013-01-13 03:25:00,-73.987122,40.764317,1
2013-01-13 03:06:00,-73.990768,40.761028,1
2013-01-13 03:21:00,-73.954788,40.732941,2
2013-01-13 03:36:00,-73.989952,40.733002,1
2013-01-13 03:23:00,-74.00528,40.740311,5
2013-01-13 03:26:00,-74.001633,40.740887,1
2013-01-13 03:28:00,-74.00399,40.731277,1
2013-01-13 03:25:00,-73.994011,40.761681,1
2013-01-13 03:28:00,-73.991325,40.760303,1
2013-01-13 03:34:00,-73.998123,40.740612,1
2013-01-13 03:32:00,-73.99353,40.721497,1
2013-01-13 03:33:00,-74.00383,40.726013,1
2013-01-13 03:34:00,-73.992287,40.73455,5
2013-01-13 03:25:00,-73.992882,40.741352,3
2013-01-13 03:34:00,-73.988243,40.724049,1
2013-01-13 03:26:00,-74.001518,40.727879,5
2013-01-13 03:27:00,-74.002411,40.733631,1
2013-01-13 04:42:00,-73.996437,40.725384,2
2013-01-13 04:38:00,-73.94709,40.706989,2
2013-01-13 04:24:00,-73.955055,40.779251,1
2013-01-13 09:36:00,-73.991493,40.759689,5
2013-01-13 09:32:00,-73.9589,40.777885,5
2013-01-13 09:41:00,-73.972168,40.745358,6
2013-01-13 09:40:00,-73.967773,40.787476,1
2013-01-13 09:37:00,-73.954521,40.780804,1
2013-01-13 10:28:00,-74.001488,40.737164,6
2013-01-13 10:28:00,-73.948036,40.801437,1
2013-01-13 10:23:00,-73.955872,40.772991,1
2013-01-13 10:31:00,-73.990356,40.741901,1
2013-01-13 10:29:00,-73.977036,40.780247,1
2013-01-13 10:22:00,-73.991791,40.726048,1
2013-01-13 10:33:00,-73.988579,40.718761,1
2013-01-13 10:32:00,-73.956718,40.768162,1
2013-01-13 10:26:00,-73.98484,40.741985,1
2013-01-13 10:08:00,-73.98774,40.702492,1
2013-01-13 10:37:00,-73.976738,40.775223,1
2013-01-13 10:15:00,-73.926247,40.744251,1
2013-01-13 10:31:00,-73.8964,40.746845,1
2013-01-13 10:26:00,-73.951935,40.810463,1
2013-01-13 10:33:00,-73.999809,40.743656,1
2013-01-13 10:20:00,-73.898705,40.746117,1
2013-01-13 10:33:00,-73.991333,40.755672,5
2013-01-13 10:37:00,-73.973839,40.78437,2
2013-01-13 10:35:00,-74.008453,40.720116,1
2013-01-13 10:23:00,-73.987457,40.750526,1
2013-01-13 09:29:00,-73.957771,40.773094,5
2013-01-13 09:32:00,-73.992882,40.723278,1
2013-01-13 09:36:00,-73.970901,40.788376,3
2013-01-13 09:34:00,-74.008095,40.707661,2
2013-01-13 09:39:00,-73.991959,40.684879,1
2013-01-13 09:40:00,-73.982086,40.765156,1
2013-01-13 10:33:00,-73.993607,40.732807,1
2013-01-13 10:28:00,-73.978752,40.740597,1
2013-01-13 10:26:00,-73.938858,40.805027,1
2013-01-13 10:36:00,-73.945564,40.77795,1
2013-01-13 10:23:00,-73.783615,40.648685,5
2013-01-13 10:26:00,-73.995445,40.752487,1
2013-01-13 10:29:00,-73.978958,40.736149,2
2013-01-13 10:27:00,-73.988693,40.731236,1
2013-01-13 10:31:00,-73.965118,40.755917,1
2013-01-13 10:35:00,-73.986771,40.761143,1
2013-01-13 10:45:00,-73.973724,40.794678,1
2013-01-13 10:38:00,-73.966759,40.794003,1
2013-01-13 10:37:00,-73.98571,40.744396,1
2013-01-13 10:42:00,-73.960701,40.778286,1
2013-01-13 10:34:00,-73.995529,40.758652,1
2013-01-13 10:29:00,-73.993172,40.755322,4
2013-01-13 10:32:00,-73.77684,40.645149,1
2013-01-13 10:35:00,-74.011185,40.710606,5
2013-01-13 11:11:00,-73.994003,40.751823,1
2013-01-13 11:11:00,-74.005859,40.72752,6
2013-01-13 11:17:00,-74.00119,40.761887,2
2013-01-13 11:07:00,-73.958794,40.772152,4
2013-01-13 11:05:00,-73.981598,40.780033,1
2013-01-13 11:02:00,-73.961975,40.779842,2
2013-01-13 10:40:00,-73.997269,40.6842,1
2013-01-13 11:00:00,-73.97451,40.757465,1
2013-01-13 10:58:00,-73.995094,40.759956,1
2013-01-13 11:03:00,-73.987076,40.761032,6
2013-01-13 11:12:00,-73.985458,40.723736,1
2013-01-13 11:07:00,-74.005264,40.719727,1
2013-01-13 11:05:00,-73.950958,40.775021,2
2013-01-13 11:09:00,-74.005547,40.732536,1
2013-01-13 11:10:00,-73.981087,40.733356,1
2013-01-13 04:45:00,0.0,0.0,1
2013-01-13 11:11:00,-73.982117,40.782894,1
2013-01-13 11:01:00,-74.009109,40.730553,6
2013-01-13 11:12:00,-73.954376,40.789886,1
2013-01-13 10:53:00,-73.862808,40.768799,1
2013-01-13 11:08:00,-73.978424,40.747952,2
2013-01-13 11:09:00,-73.948944,40.77338,5
2013-01-13 11:01:00,-73.991417,40.750492,1
2013-01-13 10:44:00,-73.996864,40.731419,3
2013-01-13 10:42:00,-73.949211,40.781544,5
2013-01-13 10:45:00,-73.998657,40.728271,1
2013-01-13 11:18:00,-73.954376,40.764141,1
2013-01-13 10:36:00,-73.986595,40.750267,1
2013-01-13 10:37:00,-73.978607,40.748047,1
2013-01-13 10:14:00,-73.994415,40.756023,1
2013-01-13 10:15:00,-73.976669,40.754051,2
2013-01-13 10:33:00,-73.965927,40.765224,1
2013-01-13 10:34:00,-73.985291,40.764095,2
2013-01-13 10:37:00,-73.962532,40.767262,1
2013-01-13 10:27:00,-73.996956,40.742065,1
2013-01-13 10:32:00,0.0,0.0,1
2013-01-13 10:33:00,-73.996613,40.737389,1
2013-01-13 10:35:00,-73.994972,40.759617,1
2013-01-13 10:33:00,-73.992386,40.749798,1
2013-01-13 10:37:00,-73.962822,40.762787,3
2013-01-13 10:41:00,-73.981712,40.779224,2
2013-01-13 10:33:00,-73.952011,40.773277,1
2013-01-13 10:37:00,-73.976982,40.790241,1
2013-01-13 10:28:00,-73.958908,40.815662,1
2013-01-13 10:35:00,-73.974831,40.787552,2
2013-01-13 10:28:00,-73.988548,40.73138,1
2013-01-13 10:19:00,-73.885307,40.773106,4
2013-01-13 10:22:00,-73.977394,40.774139,1
2013-01-13 10:37:00,0.0,0.0,1
2013-01-13 10:40:00,-73.990395,40.724487,5
2013-01-13 03:16:00,-74.005219,40.739948,1
2013-01-13 03:21:00,-74.004395,40.742294,6
2013-01-13 02:58:00,-73.968636,40.761475,2
2013-01-13 03:07:00,-73.987053,40.722336,1
2013-01-13 03:24:00,-73.985504,40.742348,4
2013-01-13 03:27:00,-73.983284,40.726376,1
2013-01-13 03:31:00,-73.949165,40.823242,1
2013-01-13 03:34:00,-73.956146,40.779762,1
2013-01-13 03:29:00,-74.004204,40.750969,2
2013-01-13 03:29:00,-73.990486,40.718712,6
2013-01-13 02:57:00,-73.998764,40.744766,2
2013-01-13 03:09:00,-73.987274,40.764427,1
2013-01-13 03:31:00,-73.997513,40.720795,1
2013-01-13 03:14:00,-74.002914,40.749435,3
2013-01-13 03:25:00,-73.988312,40.764351,1
2013-01-13 03:27:00,-74.010056,40.729744,1
2013-01-13 03:35:00,-73.971893,40.759617,6
2013-01-13 03:25:00,-73.988174,40.724133,1
2013-01-13 03:28:00,-73.986526,40.733082,1
2013-01-13 03:29:00,-73.982208,40.744297,1
2013-01-13 03:26:00,-73.978271,40.737156,2
2013-01-13 03:19:00,-74.005486,40.739311,1
2013-01-13 03:30:00,-74.005554,40.740158,1
2013-01-13 03:32:00,-73.980904,40.782227,1
2013-01-13 10:31:00,-73.981773,40.734852,4
2013-01-13 10:37:00,-73.994659,40.750706,1
2013-01-13 10:34:00,-73.979088,40.787151,2
2013-01-13 10:33:00,-73.985329,40.753571,1
2013-01-13 10:41:00,-73.925743,40.767303,6
2013-01-13 10:38:00,-73.961296,40.780464,1
2013-01-13 10:38:00,-73.985725,40.749027,6
2013-01-13 10:39:00,-73.964531,40.802132,6
2013-01-13 10:20:00,-74.000954,40.758022,1
2013-01-13 10:42:00,-73.984161,40.756622,2
2013-01-13 10:37:00,-73.960503,40.766811,3
2013-01-13 10:34:00,-73.991669,40.726402,1
2013-01-13 10:58:00,-73.953194,40.76767,1
2013-01-13 11:08:00,-73.954254,40.7789,1
2013-01-13 11:00:00,-73.957283,40.770416,1
2013-01-13 11:07:00,-73.992729,40.734219,5
2013-01-13 11:05:00,-74.001343,40.727718,1
2013-01-13 11:05:00,-73.969994,40.753979,1
2013-01-13 11:08:00,-73.974373,40.750774,5
2013-01-13 11:03:00,-73.988243,40.723358,1
2013-01-13 11:06:00,-73.986031,40.759209,4
2013-01-13 11:11:00,-73.975273,40.790028,1
2013-01-13 10:56:00,-73.975868,40.751469,5
2013-01-13 11:10:00,-74.011292,40.728542,1
2013-01-13 11:09:00,-73.993874,40.756725,5
2013-01-13 11:04:00,-73.969025,40.761189,1
2013-01-13 11:00:00,-73.984016,40.780617,1
2013-01-13 10:53:00,-73.98008,40.756039,5
2013-01-13 11:06:00,-73.99485,40.740131,3
2013-01-13 11:04:00,-73.969696,40.748592,6
2013-01-13 11:08:00,-73.966759,40.754215,1
2013-01-13 11:08:00,-73.980263,40.785648,1
2013-01-13 10:58:00,-73.997902,40.716919,5
2013-01-13 11:13:00,-73.95266,40.772362,2
2013-01-13 11:09:00,-73.984596,40.760799,1
2013-01-13 10:52:00,-73.968185,40.755436,1
2013-01-13 10:45:00,-73.99218,40.764351,1
2013-01-13 10:51:00,-73.983154,40.775127,1
2013-01-13 10:51:00,-74.008865,40.719715,5
2013-01-13 10:48:00,-73.972725,40.7509,1
2013-01-13 10:41:00,-73.973839,40.78429,1
2013-01-13 10:32:00,-73.97924,40.76429,1
2013-01-13 10:51:00,-73.971764,40.781906,1
2013-01-13 10:46:00,-73.967117,40.752972,1
2013-01-13 10:44:00,-73.901382,40.741371,1
2013-01-13 10:49:00,-73.986588,40.758286,1
2013-01-13 10:47:00,-73.990974,40.751377,1
2013-01-13 10:29:00,-73.970528,40.752289,5
2013-01-13 10:48:00,-73.950996,40.771809,2
2013-01-13 04:18:00,-73.972725,40.785667,1
2013-01-13 04:40:00,-73.979523,40.760754,1
2013-01-13 04:33:00,-73.988129,40.718773,1
2013-01-13 04:18:00,-73.99826,40.740536,1
2013-01-13 04:45:00,-73.981804,40.767128,1
2013-01-13 04:36:00,-74.005325,40.740631,1
2013-01-13 04:19:00,-73.991676,40.735371,1
2013-01-13 04:30:00,-74.000122,40.730152,1
2013-01-13 04:38:00,-74.009285,40.713337,1
2013-01-13 04:36:00,-73.941589,40.725914,3
2013-01-13 04:45:00,-73.993622,40.721073,1
2013-01-13 04:31:00,-73.991959,40.725845,6
2013-01-13 04:42:00,-73.987595,40.724506,6
2013-01-13 04:33:00,-73.923599,40.761158,1
2013-01-13 04:48:00,-73.990631,40.759499,5
2013-01-13 04:37:00,-73.974686,40.759365,1
2013-01-13 04:48:00,-73.987305,40.722439,6
2013-01-13 04:37:00,-74.004181,40.737976,1
2013-01-13 04:34:00,-73.988991,40.75808,1
2013-01-13 04:34:00,-73.99192,40.744278,1
2013-01-18 21:18:35,-73.988533,40.764416,1
2013-01-13 04:40:00,-73.983849,40.721481,1
2013-01-13 04:40:00,-73.970825,40.762051,1
2013-01-13 04:23:00,-74.007187,40.743271,1
2013-01-13 04:37:00,-73.986259,40.747124,3
2013-01-13 04:36:00,-73.981552,40.736992,2
2013-01-13 03:30:00,-74.00576,40.735851,1
2013-01-13 03:26:00,-74.003471,40.732529,1
2013-01-13 03:34:00,-74.00779,40.725819,5
2013-01-13 03:29:00,-73.993202,40.722553,1
2013-01-13 03:31:00,-73.961433,40.714352,1
2013-01-13 03:30:00,-73.955551,40.768497,5
2013-01-13 03:30:00,-73.988655,40.731167,1
2013-01-13 03:30:00,-73.949348,40.781162,1
2013-01-13 03:23:00,-73.952667,40.810654,6
2013-01-13 03:06:00,-73.99588,40.726616,1
2013-01-13 03:22:00,-74.002449,40.73967,6
2013-01-13 03:28:00,-73.921318,40.767117,1
2013-01-13 03:16:00,-74.00544,40.740936,1
2013-01-13 03:29:00,-73.982513,40.731445,1
2013-01-13 03:28:00,-73.981346,40.741177,1
2013-01-13 03:27:00,-73.999283,40.734035,1
2013-01-13 03:39:00,0.0,0.0,2
2013-01-13 03:27:00,-73.956917,40.71257,1
2013-01-13 03:30:00,-73.997269,40.722424,2
2013-01-13 03:32:00,-73.990189,40.732037,3
2013-01-13 04:30:00,-73.986946,40.764221,1
2013-01-13 04:34:00,-73.987556,40.770325,1
2013-01-13 04:36:00,-73.967064,40.756973,1
2013-01-13 04:26:00,-73.962204,40.762508,3
2013-01-13 04:15:00,-73.994675,40.725826,1
2013-01-13 11:06:00,0.0,0.0,1
2013-01-13 11:02:00,-73.980568,40.722626,5
2013-01-13 11:15:00,0.0,0.0,6
2013-01-13 11:12:00,-73.990906,40.747925,1
2013-01-13 11:07:00,-73.988304,40.718315,1
2013-01-13 10:55:00,-73.990021,40.740097,1
2013-01-13 10:50:00,-73.988197,40.761848,1
2013-01-13 10:45:00,-73.953506,40.771008,1
2013-01-13 10:47:00,-73.948601,40.773933,2
2013-01-13 10:48:00,-73.979568,40.733334,1
2013-01-13 10:49:00,-73.971657,40.794628,1
2013-01-13 10:45:00,-73.950554,40.779671,6
2013-01-13 10:43:00,-73.95433,40.805981,1
2013-01-13 10:52:00,-73.941689,40.798592,1
2013-01-13 10:47:00,-74.010048,40.721401,1
2013-01-13 10:51:00,-73.964272,40.792393,1
2013-01-13 10:55:00,-73.952438,40.7841,2
2013-01-13 10:51:00,-73.987923,40.769833,1
2013-01-13 10:46:00,-73.957893,40.760803,1
2013-01-13 10:45:00,-73.980659,40.814693,1
2013-01-13 10:49:00,-73.969742,40.753513,1
2013-01-13 10:51:00,-73.968834,40.786007,1
2013-01-13 10:51:00,-73.979988,40.76498,2
2013-01-13 03:30:00,-73.999664,40.714764,2
2013-01-13 03:29:00,-73.983856,40.725643,1
2013-01-13 04:41:00,-73.997742,40.720772,1
2013-01-13 04:46:00,-73.982018,40.777466,5
2013-01-13 04:36:00,-73.987976,40.723831,2
2013-01-13 04:51:00,-74.004333,40.742348,1
2013-01-13 04:41:00,-74.001053,40.731674,1
2013-01-13 04:27:00,0.0,0.0,3
2013-01-13 04:38:00,-74.005379,40.739807,5
2013-01-13 04:40:00,-74.004272,40.730927,2
2013-01-13 04:41:00,-74.004196,40.742619,1
2013-01-13 04:48:00,-73.96389,40.808228,6
2013-01-13 04:45:00,-74.00264,40.730766,1
2013-01-13 04:45:00,-73.980743,40.741913,6
2013-01-13 04:33:00,-73.92482,40.744122,1
2013-01-13 04:45:00,-73.98436,40.769798,1
2013-01-13 04:48:00,-73.966927,40.756989,1
2013-01-13 04:30:00,-73.782135,40.644806,1
2013-01-13 04:39:00,-73.999039,40.727997,2
2013-01-13 04:22:00,-74.001053,40.731533,6
2013-01-13 04:35:00,-73.953133,40.77597,1
2013-01-13 04:42:00,-74.005486,40.739349,1
2013-01-13 04:54:00,-74.005516,40.741058,1
2013-01-13 04:55:00,-74.003365,40.732697,1
2013-01-13 11:49:00,-73.992157,40.748894,2
2013-01-13 11:47:00,-73.990334,40.751068,1
2013-01-13 10:29:00,-74.005096,40.725487,2
2013-01-13 10:19:00,-73.953674,40.790726,2
2013-01-13 10:32:00,-73.98542,40.763962,1
2013-01-13 10:29:00,-73.979607,40.786816,1
2013-01-13 10:40:00,-73.994125,40.746819,5
2013-01-13 10:37:00,-73.972679,40.746113,1
2013-01-13 10:31:00,-73.989357,40.758621,2
2013-01-13 10:34:00,-73.924156,40.743633,1
2013-01-13 10:37:00,0.0,0.0,1
2013-01-13 10:11:00,-73.78804,40.641502,1
2013-01-13 10:36:00,-73.980728,40.688702,1
2013-01-13 10:35:00,-73.954185,40.821468,2
2013-01-13 10:25:00,-73.985794,40.760456,5
2013-01-13 10:40:00,-73.963676,40.765686,1
2013-01-13 10:37:00,-73.963081,40.772114,2
2013-01-13 10:34:00,-73.986877,40.748856,1
2013-01-13 10:32:00,-73.953583,40.779373,1
2013-01-13 10:32:00,-73.980972,40.784748,2
2013-01-13 10:39:00,-73.960762,40.801422,1
2013-01-13 10:43:00,-73.948074,40.798523,5
2013-01-13 10:20:00,-73.865028,40.771263,5
2013-01-13 10:35:00,-73.996223,40.726887,6
2013-01-13 10:18:00,-73.870956,40.773815,6
2013-01-13 10:36:00,-73.985413,40.744312,5
2013-01-13 10:29:00,-73.950516,40.774899,1
2013-01-13 04:21:00,-73.981216,40.729923,1
2013-01-13 04:26:00,-74.000961,40.741863,3
2013-01-13 04:40:00,-73.988724,40.718769,6
2013-01-13 04:39:00,-73.980629,40.733921,1
2013-01-13 04:35:00,-73.987579,40.733555,1
2013-01-13 04:45:00,-73.996918,40.754684,1
2013-01-13 04:29:00,-73.978439,40.777821,1
2013-01-13 04:45:00,-73.990669,40.750847,1
2013-01-13 04:41:00,-73.999138,40.752441,1
2013-01-13 04:48:00,-73.965607,40.754456,6
2013-01-13 04:33:00,-73.989632,40.719044,5
2013-01-13 04:40:00,-74.006485,40.744476,4
2013-01-13 04:44:00,-73.99295,40.736649,1
2013-01-13 04:41:00,-73.993568,40.721355,6
2013-01-13 04:22:00,-73.981911,40.762772,2
2013-01-13 04:41:00,-73.986794,40.722427,5
2013-01-13 04:47:00,-73.996399,40.742935,5
2013-01-13 04:24:00,-73.928139,40.744408,2
2013-01-13 04:52:00,0.0,0.0,1
2013-01-13 04:47:00,-73.982552,40.739288,5
2013-01-13 04:39:00,-73.987419,40.760406,5
2013-01-13 04:32:00,-73.987389,40.759708,1
2013-01-13 04:47:00,-73.995461,40.759296,2
2013-01-13 04:47:00,-73.978149,40.78326,1
2013-01-13 04:36:00,-73.985184,40.753075,1
2013-01-13 04:43:00,0.0,0.0,1
2013-01-13 04:39:00,-74.001976,40.732803,1
2013-01-13 04:22:00,-73.989487,40.726147,5
2013-01-13 04:37:00,0.0,0.0,3
2013-01-13 04:45:00,-73.983047,40.730564,1
2013-01-13 04:47:00,-73.987389,40.721905,1
2013-01-13 04:38:00,-73.781181,40.644993,1
2013-01-13 04:22:00,-73.998207,40.760998,5
2013-01-13 04:40:00,-73.971985,40.753666,2
2013-01-13 04:43:00,-73.986649,40.761341,1
2013-01-13 04:38:00,-74.007095,40.732986,1
2013-01-13 04:29:00,-73.987915,40.765018,1
2013-01-13 04:26:00,-73.942711,40.811703,5
2013-01-13 04:39:00,-73.98613,40.761166,1
2013-01-13 04:37:00,-73.982788,40.736202,1
2013-01-13 04:46:00,-73.990303,40.761688,1
2013-01-13 04:44:00,-73.996696,40.714977,5
2013-01-13 04:44:00,-73.985863,40.72282,1
2013-01-13 04:42:00,-73.909241,40.736359,1
2013-01-13 11:30:00,-74.0009,40.74715,3
2013-01-13 11:45:00,-73.985855,40.759869,5
2013-01-13 11:50:00,-73.962753,40.763123,5
2013-01-13 11:50:00,-73.994019,40.751335,1
2013-01-13 10:29:00,-73.989304,40.763657,5
2013-01-13 10:37:00,-74.001305,40.727524,1
2013-01-13 10:32:00,-73.989594,40.758862,2
2013-01-13 10:37:00,-73.983795,40.754303,1
2013-01-13 10:38:00,-73.970856,40.765938,2
2013-01-13 10:26:00,-73.945892,40.794769,1
2013-01-13 10:31:00,-73.982307,40.771423,5
2013-01-13 10:38:00,-73.998192,40.735657,1
2013-01-13 10:42:00,-73.956512,40.771343,1
2013-01-13 10:40:00,-73.957909,40.782528,5
2013-01-13 10:39:00,-73.998375,40.735359,6
2013-01-13 10:34:00,-73.989967,40.734245,1
2013-01-13 10:29:00,-74.010117,40.705387,2
2013-01-13 10:42:00,-73.995377,40.688137,1
2013-01-13 10:32:00,-73.976265,40.748417,1
2013-01-13 10:37:00,-73.989235,40.774857,1
2013-01-13 11:05:00,-73.989845,40.734249,1
2013-01-13 11:05:00,-73.969223,40.763645,1
2013-01-13 10:47:00,-73.983208,40.744732,1
2013-01-13 10:31:00,-73.986809,40.749802,1
2013-01-13 10:52:00,-73.995453,40.725025,1
2013-01-13 10:48:00,-73.979668,40.7356,1
2013-01-13 10:51:00,-73.963478,40.774483,1
2013-01-13 10:41:00,-73.971809,40.758278,5
2013-01-13 10:48:00,-73.994217,40.747444,1
2013-01-13 03:33:00,-73.985992,40.747635,2
2013-01-13 03:15:00,-73.99131,40.749378,1
2013-01-13 03:28:00,-74.008415,40.726025,1
2013-01-13 03:35:00,-73.988594,40.763988,1
2013-01-13 03:37:00,-73.986603,40.748688,1
2013-01-13 03:32:00,-73.998474,40.729637,6
2013-01-13 03:36:00,-74.002998,40.73877,1
2013-01-13 10:56:00,-73.95858,40.815197,4
2013-01-13 11:02:00,-73.973946,40.748211,1
2013-01-13 11:05:00,-73.973846,40.763161,5
2013-01-13 10:54:00,-73.988579,40.693691,1
2013-01-13 11:08:00,-73.974663,40.791065,1
2013-01-13 11:03:00,-73.985687,40.738228,1
2013-01-13 11:02:00,-73.987427,40.722477,2
2013-01-13 11:13:00,-74.009491,40.728992,6
2013-01-13 11:02:00,-74.002869,40.749538,1
2013-01-13 11:08:00,-73.984428,40.769913,2
2013-01-13 11:04:00,-73.980087,40.748981,1
2013-01-13 11:03:00,-73.981354,40.780842,1
2013-01-13 11:00:00,-73.996407,40.753231,1
2013-01-13 11:05:00,-73.988167,40.729561,1
2013-01-13 11:06:00,-74.00589,40.72517,1
2013-01-13 10:47:00,-73.862862,40.769127,6
2013-01-13 11:05:00,-73.980057,40.765572,1
2013-01-13 10:45:00,-73.954544,40.778244,1
2013-01-13 10:29:00,-74.002907,40.760433,1
2013-01-13 10:37:00,-73.959808,40.773514,6
2013-01-13 10:40:00,-73.951981,40.777809,1
2013-01-13 10:32:00,-73.993942,40.720524,1
2013-01-13 10:42:00,-73.988663,40.774269,2
2013-01-13 10:42:00,-73.960526,40.775993,1
2013-01-13 10:36:00,-73.978851,40.777428,5
2013-01-13 10:24:00,-73.974022,40.784122,6
2013-01-13 10:41:00,-74.005363,40.739925,6
2013-01-13 10:37:00,-73.970238,40.790886,1
2013-01-13 10:34:00,-73.968086,40.793137,1
2013-01-13 10:33:00,-73.986488,40.763573,1
2013-01-13 10:36:00,-73.915169,40.753845,1
2013-01-13 10:39:00,-74.008286,40.748798,1
2013-01-13 10:46:00,-74.016579,40.704868,1
2013-01-13 10:41:00,-74.044052,40.732052,1
2013-01-13 10:37:00,-73.994499,40.732998,5
2013-01-13 11:07:00,-73.968582,40.791481,4
2013-01-13 11:09:00,-74.006889,40.74876,1
2013-01-13 11:13:00,-73.934845,40.801121,5
2013-01-13 11:00:00,-73.982346,40.762863,1
2013-01-13 11:06:00,-73.994614,40.740559,1
2013-01-13 11:01:00,-73.946625,40.776672,1
2013-01-13 11:13:00,0.0,0.0,1
2013-01-13 10:44:00,-73.973572,40.747971,1
2013-01-13 10:49:00,-73.975548,40.790012,1
2013-01-13 10:45:00,-73.982834,40.730888,5
2013-01-13 10:43:00,-74.016273,40.715424,5
2013-01-13 10:37:00,-73.948143,40.774448,5
2013-01-13 10:35:00,-74.008194,40.711678,6
2013-01-13 10:45:00,-73.965935,40.759392,5
2013-01-13 10:46:00,-73.961281,40.774494,2
2013-01-13 10:45:00,-73.995903,40.759007,5
2013-01-13 10:46:00,-73.977402,40.774151,2
2013-01-13 10:45:00,-74.001869,40.740681,3
2013-01-13 10:42:00,-73.987839,40.769047,6
2013-01-13 03:27:00,-73.970871,40.755798,6
2013-01-13 03:29:00,-73.974884,40.680649,1
2013-01-13 03:29:00,-73.959152,40.716461,5
2013-01-13 03:14:00,-74.000565,40.729939,1
2013-01-13 03:36:00,-73.954613,40.770618,3
2013-01-13 03:15:00,-74.004173,40.720905,2
2013-01-13 03:29:00,-73.965874,40.712723,2
2013-01-13 03:33:00,-73.999466,40.728317,6
2013-01-13 03:24:00,-73.981117,40.729404,1
2013-01-13 03:17:00,-73.987831,40.728634,3
2013-01-13 03:31:00,-73.954575,40.820923,3
2013-01-13 03:29:00,-74.00872,40.725941,1
2013-01-13 03:22:00,0.0,0.0,5
2013-01-13 10:31:00,-73.977676,40.754883,1
2013-01-13 10:41:00,-73.985832,40.761963,2
2013-01-13 10:39:00,-73.959259,40.687538,1
2013-01-13 10:36:00,-73.974754,40.777794,1
2013-01-13 10:39:00,-73.956673,40.787632,2
2013-01-13 10:33:00,-73.98909,40.775284,1
2013-01-13 10:21:00,-73.870224,40.773201,1
2013-01-13 10:30:00,-74.002747,40.760647,2
2013-01-13 10:40:00,-73.974449,40.746735,1
2013-01-13 10:34:00,-74.006935,40.716156,5
2013-01-13 10:33:00,-74.004723,40.723606,1
2013-01-13 10:31:00,-73.980347,40.77523,1
2013-01-13 10:37:00,-74.000763,40.758083,1
2013-01-13 04:41:00,-73.972534,40.677437,1
2013-01-13 04:41:00,-74.007065,40.740726,2
2013-01-13 04:41:00,-74.000343,40.730133,1
2013-01-13 04:41:00,-73.991058,40.750229,5
2013-01-13 04:41:00,-73.951164,40.825668,1
2013-01-13 04:32:00,-73.999809,40.728733,6
2013-01-13 04:31:00,-73.973495,40.747978,1
2013-01-13 04:36:00,-74.007568,40.725601,1
2013-01-13 04:37:00,-73.945755,40.750755,5
2013-01-13 04:39:00,-73.989235,40.718567,2
2013-01-13 04:36:00,-73.956406,40.74604,1
2013-01-13 10:45:00,-74.006767,40.748848,2
2013-01-13 10:51:00,-73.982216,40.763771,1
2013-01-13 10:42:00,-73.921494,40.776695,1
2013-01-13 10:51:00,-73.953575,40.767231,1
2013-01-13 10:46:00,-74.009842,40.703651,1
2013-01-13 10:45:00,-73.986031,40.74469,6
2013-01-13 10:51:00,-73.965851,40.771046,1
2013-01-13 10:46:00,-73.918877,40.743404,1
2013-01-13 10:44:00,-73.988815,40.748482,1
2013-01-13 10:50:00,-73.957436,40.77998,5
2013-01-13 10:41:00,-73.983269,40.770927,1
2013-01-13 10:52:00,-73.967545,40.792904,1
2013-01-13 10:43:00,-73.976898,40.790524,1
2013-01-13 10:54:00,-73.959679,40.770821,6
2013-01-13 10:53:00,-73.988144,40.745972,5
2013-01-13 10:33:00,-73.992622,40.7686,5
2013-01-13 10:37:00,-73.967941,40.787392,1
2013-01-13 10:33:00,-73.990738,40.718369,1
2013-01-13 10:24:00,-73.972755,40.754745,1
2013-01-13 10:31:00,-73.94458,40.779408,5
2013-01-13 10:40:00,-73.976723,40.753593,1
2013-01-13 10:31:00,0.0,0.0,5
2013-01-13 10:30:00,-73.95311,40.771679,1
2013-01-13 10:30:00,-73.979759,40.786221,1
2013-01-13 10:39:00,-73.992714,40.728252,1
2013-01-13 04:25:00,-73.994698,40.745113,2
2013-01-13 04:34:00,-73.939995,40.750233,1
2013-01-13 04:43:00,-73.999237,40.738365,2
2013-01-13 04:47:00,-73.989441,40.758698,1
2013-01-13 04:39:00,-74.002892,40.749477,2
2013-01-13 04:40:00,-74.005394,40.740803,2
2013-01-13 11:10:00,-73.957939,40.800949,3
2013-01-13 11:05:00,-73.960083,40.758064,1
2013-01-13 11:09:00,-73.972687,40.787018,1
2013-01-13 10:55:00,-73.975037,40.790451,1
2013-01-13 10:40:00,-74.007446,40.732174,5
2013-01-13 10:47:00,-73.863625,40.718586,6
2013-01-13 10:48:00,-73.98587,40.730427,1
2013-01-13 10:32:00,-73.942146,40.842499,1
2013-01-13 10:16:00,-73.954216,40.763733,1
2013-01-13 10:47:00,-73.995918,40.733692,1
2013-01-13 10:52:00,-73.948524,40.774067,3
2013-01-13 10:43:00,-73.951797,40.781528,5
2013-01-13 10:46:00,-73.963745,40.758865,5
2013-01-13 10:36:00,-73.947441,40.783459,1
2013-01-13 10:45:00,-74.001022,40.747272,1
2013-01-13 10:50:00,-73.976601,40.765965,2
2013-01-13 10:50:00,-73.992821,40.749722,1
2013-01-13 10:42:00,-73.989182,40.726154,1
2013-01-13 09:51:00,-74.003059,40.739975,5
2013-01-13 10:27:00,-73.962303,40.770504,1
2013-01-13 10:31:00,-73.983437,40.738457,3
2013-01-13 10:30:00,-73.959091,40.774925,1
2013-01-13 10:31:00,-73.969482,40.749126,1
2013-01-13 10:30:00,-74.01033,40.718857,6
2013-01-13 10:31:00,-73.967751,40.803078,5
2013-01-13 10:30:00,-74.007088,40.70517,1
2013-01-13 10:35:00,-73.965614,40.771572,2
2013-01-13 10:33:00,-74.007401,40.73217,1
2013-01-13 10:38:00,0.0,0.0,1
2013-01-13 10:37:00,-73.991142,40.765537,1
2013-01-13 10:33:00,-73.948135,40.829826,5
2013-01-13 10:39:00,-73.982475,40.763607,1
2013-01-13 10:32:00,-73.977707,40.786991,1
2013-01-13 10:22:00,-73.864075,40.770054,2
2013-01-13 10:37:00,-73.977371,40.750061,6
2013-01-13 10:31:00,-73.97023,40.752956,5
2013-01-13 10:43:00,-73.992851,40.743076,2
2013-01-13 10:34:00,-73.952744,40.778152,1
2013-01-13 10:31:00,-73.957588,40.780506,1
2013-01-13 10:45:00,-73.974014,40.751572,1
2013-01-13 10:40:00,-73.978943,40.761639,1
2013-01-13 10:40:00,-73.9981,40.751003,1
2013-01-13 10:31:00,-73.991554,40.759571,5
2013-01-13 04:10:00,-73.982422,40.735363,5
2013-01-13 04:24:00,-73.988029,40.718777,2
2013-01-13 04:33:00,-73.956062,40.719383,1
2013-01-13 04:35:00,-73.899574,40.740288,4
2013-01-13 04:40:00,-73.988213,40.732021,1
2013-01-13 04:45:00,-73.977318,40.742813,1
2013-01-13 04:25:00,-73.965904,40.758072,1
2013-01-13 04:07:00,-74.000252,40.761784,5
2013-01-13 04:28:00,-73.983994,40.725288,1
2013-01-13 04:43:00,-73.997299,40.721447,3
2013-01-13 04:27:00,-73.963104,40.798656,1
2013-01-13 04:39:00,-74.002655,40.72493,1
2013-01-13 04:46:00,-73.993561,40.745178,1
2013-01-13 04:48:00,-73.978539,40.736698,1
2013-01-13 04:28:00,-73.986069,40.747021,1
2013-01-13 04:48:00,-73.988487,40.718681,2
2013-01-13 04:35:00,-73.96582,40.754108,5
2013-01-13 04:43:00,-73.982361,40.73164,4
2013-01-13 04:40:00,-74.00383,40.726101,4
2013-01-18 09:23:42,-74.003426,40.748199,1
2013-01-13 04:45:00,-73.981102,40.737606,1
2013-01-13 04:36:00,-73.995422,40.724907,2
2013-01-13 04:44:00,-73.955528,40.819172,1
2013-01-13 04:24:00,-73.96331,40.761902,1
2013-01-13 04:34:00,-74.001793,40.739403,5
2013-01-13 04:45:00,-73.989159,40.731579,5
2013-01-13 03:09:00,-73.974014,40.753159,1
2013-01-13 03:29:00,-73.988525,40.718788,1
2013-01-13 02:47:00,-73.98658,40.734108,5
2013-01-13 03:28:00,-73.98941,40.730183,3
2013-01-13 03:33:00,-73.993835,40.720848,1
2013-01-13 03:36:00,-73.996368,40.760036,2
2013-01-13 03:20:00,-73.949211,40.695122,1
2013-01-13 03:17:00,-74.012115,40.708767,1
2013-01-13 03:35:00,-73.951584,40.723347,1
2013-01-13 03:21:00,-73.99028,40.760792,1
2013-01-13 03:34:00,0.0,0.0,2
2013-01-13 03:13:00,-73.987862,40.759777,1
2013-01-18 13:57:23,-73.974213,40.762592,1
2013-01-13 03:29:00,-73.983665,40.743786,5
2013-01-13 03:14:00,-73.988556,40.718735,1
2013-01-13 03:36:00,-73.997704,40.744186,1
2013-01-13 03:31:00,-73.991333,40.735046,1
2013-01-13 03:30:00,-74.003761,40.743103,4
2013-01-13 03:25:00,-73.958397,40.713276,1
2013-01-13 03:09:00,-74.004059,40.722271,1
2013-01-13 03:35:00,-73.992149,40.72747,1
2013-01-13 03:33:00,-73.98822,40.72414,2
2013-01-13 03:23:00,-73.925133,40.762646,1
2013-01-13 03:26:00,-73.983459,40.765854,1
2013-01-13 03:11:00,-73.987801,40.724209,2
2013-01-13 11:01:00,-73.947411,40.775955,5
2013-01-13 11:07:00,-74.001678,40.719746,1
2013-01-13 11:07:00,-73.952034,40.777882,1
2013-01-13 11:12:00,-73.989136,40.72031,6
2013-01-13 10:53:00,-73.986534,40.758831,5
2013-01-13 10:48:00,-73.964737,40.791512,1
2013-01-13 10:30:00,-73.993011,40.751991,2
2013-01-13 10:43:00,-73.9758,40.782204,5
2013-01-13 10:38:00,-73.950218,40.795612,6
2013-01-13 10:48:00,-74.00602,40.745251,1
2013-01-13 10:21:00,-73.99807,40.682537,1
2013-01-13 10:44:00,-73.963387,40.774609,1
2013-01-13 10:52:00,-73.959061,40.783497,1
2013-01-13 10:49:00,-73.998482,40.74004,1
2013-01-13 10:53:00,-73.949524,40.787739,1
2013-01-13 10:50:00,-73.957603,40.779713,1
2013-01-13 10:22:00,-73.999672,40.719578,1
2013-01-13 10:45:00,-74.005295,40.718643,4
2013-01-13 10:45:00,-74.0065,40.737701,1
2013-01-13 10:17:00,-73.982925,40.755314,2
2013-01-13 10:54:00,-73.975899,40.756596,1
2013-01-13 10:52:00,-73.990036,40.767036,4
2013-01-13 10:48:00,-73.994949,40.731812,5
2013-01-13 10:49:00,-73.99324,40.661526,2
2013-01-13 04:28:00,-73.978317,40.729141,1
2013-01-13 10:40:00,-73.957893,40.777908,1
2013-01-13 10:39:00,-73.977859,40.764797,5
2013-01-13 10:38:00,-73.985085,40.727936,1
2013-01-13 10:42:00,-73.972069,40.757332,1
2013-01-13 10:59:00,-73.935188,40.804928,1
2013-01-13 11:09:00,0.0,0.0,5
2013-01-13 11:05:00,-73.984734,40.754784,1
2013-01-13 10:53:00,-73.77681,40.645245,1
2013-01-13 11:10:00,-74.000229,40.732956,1
2013-01-13 10:42:00,-74.01622,40.717396,1
2013-01-13 10:49:00,-73.982903,40.74213,1
2013-01-13 10:51:00,-73.983688,40.757572,5
2013-01-13 10:43:00,-73.975868,40.776451,2
2013-01-13 10:42:00,-73.955276,40.804619,4
2013-01-13 10:50:00,-73.996986,40.731441,2
2013-01-13 10:49:00,-73.999786,40.727032,5
2013-01-13 10:37:00,-73.991684,40.726269,1
2013-01-13 10:41:00,-73.993973,40.751163,1
2013-01-13 10:47:00,-73.953835,40.774834,6
2013-01-13 10:44:00,-73.984192,40.763165,1
2013-01-13 10:43:00,-73.981277,40.750069,1
2013-01-13 10:44:00,-73.986,40.777988,1
2013-01-13 10:45:00,-73.982491,40.775723,6
2013-01-13 10:50:00,-73.964966,40.791424,2
2013-01-13 10:38:00,-73.987526,40.759075,3
2013-01-13 04:29:00,-74.000191,40.73019,2
2013-01-13 04:50:00,-73.98362,40.765678,1
2013-01-13 11:39:00,-73.985886,40.746803,1
2013-01-13 11:48:00,-73.97673,40.736084,1
2013-01-13 11:21:00,-73.870872,40.773716,1
2013-01-13 11:48:00,-73.980133,40.783672,1
2013-01-13 11:46:00,-73.982117,40.768337,1
2013-01-13 11:34:00,-73.865364,40.77058,1
2013-01-13 03:31:00,-73.986923,40.722454,1
2013-01-13 03:34:00,-73.923882,40.761292,6
2013-01-13 03:35:00,-73.994972,40.725502,1
2013-01-13 03:23:00,-73.941658,40.707512,1
2013-01-13 03:20:00,-73.980667,40.721531,1
2013-01-13 03:28:00,-73.982025,40.740059,1
2013-01-13 03:18:00,-73.987923,40.759796,3
2013-01-13 03:17:00,-73.989281,40.739643,1
2013-01-13 03:21:00,0.0,0.0,1
2013-01-13 03:19:00,0.0,0.0,1
2013-01-13 03:15:00,-74.007248,40.735661,3
2013-01-13 03:14:00,-73.949371,40.713879,3
2013-01-13 03:31:00,-73.986992,40.764256,1
2013-01-13 03:27:00,-73.983299,40.726814,1
2013-01-13 03:23:00,-74.002113,40.740227,1
2013-01-13 03:34:00,-73.959618,40.773952,6
2013-01-13 03:29:00,-73.958061,40.721684,5
2013-01-13 11:10:00,-73.96315,40.774273,1
2013-01-13 10:59:00,-73.874458,40.774021,1
2013-01-13 10:59:00,-73.985901,40.758011,3
2013-01-13 10:59:00,-73.984894,40.769291,1
2013-01-13 11:09:00,-73.99575,40.759617,5
2013-01-13 10:59:00,-73.984604,40.721859,1
2013-01-13 10:45:00,-73.977386,40.765148,1
2013-01-13 10:46:00,-73.952873,40.791943,2
2013-01-13 10:50:00,-74.012878,40.710266,1
2013-01-13 10:51:00,0.0,0.0,1
2013-01-13 10:48:00,-73.999153,40.744408,1
2013-01-13 10:49:00,-73.988831,40.723049,6
2013-01-13 10:45:00,-73.964882,40.766701,1
2013-01-13 10:30:00,-73.98642,40.760754,3
2013-01-13 10:40:00,-73.954437,40.789772,6
2013-01-13 10:43:00,-73.960945,40.776028,1
2013-01-13 10:51:00,-73.975349,40.762627,1
2013-01-13 10:50:00,-73.993462,40.747246,1
2013-01-13 10:50:00,-73.985382,40.747486,1
2013-01-13 10:48:00,-73.977959,40.778732,1
2013-01-13 10:49:00,-73.953323,40.798634,5
2013-01-13 10:48:00,-73.964058,40.807968,1
2013-01-13 10:47:00,-74.00528,40.735909,1
2013-01-18 19:34:08,-73.988632,40.748482,1
2013-01-13 10:48:00,-73.961121,40.775219,5
2013-01-13 10:50:00,-73.862717,40.769028,1
2013-01-13 11:05:00,-73.994637,40.724766,1
2013-01-13 11:11:00,-73.998672,40.724854,1
2013-01-13 10:51:00,-74.000053,40.733124,3
2013-01-13 10:40:00,-74.003273,40.724041,5
2013-01-13 10:44:00,-73.991531,40.756817,1
2013-01-13 10:42:00,0.0,0.0,1
2013-01-13 10:43:00,-73.983643,40.760246,1
2013-01-13 10:37:00,-73.968269,40.765301,1
2013-01-13 10:43:00,-73.950249,40.771889,1
2013-01-13 10:43:00,-73.958176,40.778851,1
2013-01-13 10:45:00,-73.977089,40.779922,1
2013-01-13 10:49:00,-73.9869,40.760456,1
2013-01-13 10:37:00,-73.99324,40.747387,2
2013-01-13 10:44:00,-73.969864,40.799828,1
2013-01-13 10:54:00,-73.985588,40.735523,2
2013-01-13 10:36:00,-73.978073,40.745934,1
2013-01-13 10:46:00,-73.987129,40.757889,2
2013-01-13 10:52:00,-74.004494,40.7243,1
2013-01-13 04:40:00,-73.97187,40.756081,5
2013-01-13 04:40:00,-73.988274,40.762169,1
2013-01-13 04:41:00,-74.005386,40.739944,6
2013-01-13 04:37:00,-73.991371,40.765217,5
2013-01-13 04:38:00,-73.983849,40.72562,5
2013-01-13 04:46:00,-73.986732,40.710609,2
2013-01-13 10:43:00,-74.008331,40.73605,1
2013-01-13 10:46:00,-73.968513,40.799332,1
2013-01-13 10:36:00,-73.991837,40.72617,1
2013-01-13 10:38:00,-73.973434,40.78476,1
2013-01-13 10:39:00,-73.992722,40.758461,1
2013-01-13 10:45:00,-73.986923,40.729595,1
2013-01-13 10:39:00,-73.965973,40.766991,1
2013-01-13 10:45:00,-73.975311,40.761421,5
2013-01-13 10:41:00,-74.008026,40.745022,1
2013-01-13 10:51:00,-73.96331,40.765911,3
2013-01-13 10:48:00,-73.995789,40.744183,5
2013-01-13 10:40:00,-73.97979,40.763,5
2013-01-13 10:42:00,-73.953896,40.790741,1
2013-01-13 10:34:00,-73.98877,40.745213,1
2013-01-13 10:48:00,-73.994179,40.731468,5
2013-01-13 10:49:00,-73.972145,40.794491,1
2013-01-13 10:39:00,-73.938858,40.805027,2
2013-01-13 10:50:00,-73.972969,40.739021,1
2013-01-13 10:49:00,-73.988678,40.737289,3
2013-01-13 10:42:00,-73.950439,40.779896,6
2013-01-13 10:50:00,-73.952049,40.777496,2
2013-01-13 10:51:00,-73.965019,40.775246,1
2013-01-13 10:44:00,-73.970802,40.795921,1
2013-01-13 10:50:00,-73.951942,40.782139,1
2013-01-13 04:44:00,-73.993126,40.738434,6
2013-01-13 04:46:00,-73.990417,40.740147,5
2013-01-13 04:39:00,-73.989708,40.729404,6
2013-01-13 04:50:00,-73.963631,40.761253,1
2013-01-13 04:52:00,-73.925125,40.762154,1
2013-01-18 21:13:26,-73.987877,40.72797,2
2013-01-13 11:49:00,-73.975082,40.729294,1
2013-01-13 11:40:00,-73.983131,40.734787,1
2013-01-13 11:48:00,-73.95224,40.778271,1
2013-01-13 11:45:00,-73.983261,40.750416,1
2013-01-13 11:49:00,-73.982033,40.762936,1
2013-01-13 11:47:00,-73.982399,40.735317,1
2013-01-13 11:51:00,-73.957558,40.761822,1
2013-01-13 11:46:00,-73.977608,40.756729,1
2013-01-13 11:50:00,-74.002632,40.739876,1
2013-01-13 11:51:00,-73.963844,40.761059,6
2013-01-13 11:35:00,-73.978203,40.736515,1
2013-01-13 11:50:00,-74.001862,40.746731,1
2013-01-13 11:40:00,-73.987793,40.770473,1
2013-01-13 11:43:00,-73.912766,40.742706,1
2013-01-13 11:39:00,-73.973915,40.757198,1
2013-01-13 11:52:00,-73.984421,40.769741,4
2013-01-13 11:50:00,-73.9879,40.756714,4
2013-01-13 11:49:00,-73.99572,40.720108,3
2013-01-13 11:47:00,-73.982239,40.723766,4
2013-01-13 11:46:00,-74.005875,40.745239,1
2013-01-13 10:38:00,-73.955338,40.773483,3
2013-01-13 10:32:00,-73.874062,40.773788,1
2013-01-13 10:34:00,-73.954567,40.769955,1
2013-01-13 10:41:00,-73.95195,40.785004,6
2013-01-13 10:40:00,-73.984978,40.759827,1
2013-01-13 10:32:00,-73.953346,40.779415,2
2013-01-13 10:34:00,-73.998421,40.720058,1
2013-01-13 10:40:00,-73.941017,40.813915,1
2013-01-13 10:24:00,-74.00042,40.677654,1
2013-01-13 10:40:00,-73.988525,40.748978,6
2013-01-13 10:48:00,-73.951981,40.784946,5
2013-01-13 10:36:00,-73.971687,40.753502,1
2013-01-13 10:39:00,-73.949806,40.784382,2
2013-01-13 10:45:00,-73.996727,40.737495,1
2013-01-13 10:46:00,-73.985657,40.759838,2
2013-01-13 10:38:00,-73.955284,40.780136,1
2013-01-13 10:37:00,-73.957306,40.768608,1
2013-01-13 10:43:00,-73.982872,40.722713,1
2013-01-13 10:41:00,-73.981339,40.780155,6
2013-01-13 10:43:00,-73.962578,40.770042,2
2013-01-13 10:25:00,-73.871216,40.773548,5
2013-01-13 10:40:00,-73.994598,40.750698,5
2013-01-13 10:42:00,-73.985413,40.760239,1
2013-01-13 10:47:00,-73.985031,40.736374,1
2013-01-13 10:21:00,-73.98864,40.760956,1
2013-01-13 10:33:00,-73.946358,40.774673,1
2013-01-13 10:46:00,-73.99527,40.742355,2
2013-01-13 10:46:00,-73.917053,40.761505,1
2013-01-13 10:45:00,-73.972015,40.795616,1
2013-01-13 10:51:00,-73.988251,40.748135,1
2013-01-13 10:33:00,-73.992973,40.757252,1
2013-01-13 10:42:00,-73.949036,40.77758,6
2013-01-13 10:45:00,-73.990906,40.73497,5
2013-01-13 10:43:00,-73.955956,40.768597,1
2013-01-13 10:53:00,-73.994034,40.751633,1
2013-01-13 10:49:00,-73.982445,40.775063,1
2013-01-13 10:51:00,-74.014877,40.714382,1
2013-01-13 10:54:00,-73.940437,40.79343,3
2013-01-13 10:54:00,-73.966736,40.764191,6
2013-01-13 10:46:00,-73.967308,40.792938,2
2013-01-13 10:54:00,-73.979736,40.765903,1
2013-01-13 10:44:00,-73.976418,40.79108,2
2013-01-13 10:54:00,-73.998421,40.735653,1
2013-01-13 10:37:00,-74.005356,40.725834,5
2013-01-13 10:49:00,-73.979439,40.763885,1
2013-01-13 10:51:00,-73.948402,40.789421,5
2013-01-13 10:46:00,-73.960999,40.796787,2
2013-01-13 10:52:00,-73.984924,40.774036,6
2013-01-13 10:47:00,-74.017761,40.706436,1
2013-01-13 10:49:00,-74.006401,40.71196,1
2013-01-13 10:44:00,-73.971809,40.797169,1
2013-01-13 10:50:00,-74.006065,40.748489,2
2013-01-13 10:48:00,-73.990219,40.773064,2
2013-01-13 10:49:00,-73.996918,40.757519,1
2013-01-13 10:44:00,-73.993095,40.759586,1
2013-01-13 10:55:00,-73.995911,40.716522,1
2013-01-13 10:51:00,-73.969551,40.761272,3
2013-01-13 10:27:00,-73.776772,40.645233,2
2013-01-13 10:44:00,-73.982353,40.693542,1
2013-01-13 10:54:00,-73.990166,40.775875,1
2013-01-13 10:49:00,-73.980927,40.76535,1
2013-01-13 10:37:00,-73.993042,40.742569,2
2013-01-13 10:44:00,-73.99913,40.731804,3
2013-01-13 10:50:00,-73.972984,40.756588,6
2013-01-13 10:55:00,0.0,0.0,1
2013-01-13 10:57:00,-73.998421,40.756939,1
2013-01-13 10:51:00,-73.981491,40.746777,1
2013-01-13 10:43:00,-73.968307,40.766434,5
2013-01-13 04:45:00,-73.979683,40.743584,5
2013-01-13 10:53:00,-73.979118,40.7873,5
2013-01-13 03:30:00,-73.974129,40.757545,1
2013-01-13 03:34:00,-73.9823,40.76215,1
2013-01-13 03:33:00,-74.005974,40.735249,1
2013-01-13 03:30:00,-73.977104,40.763618,2
2013-01-13 03:26:00,-73.958099,40.769283,1
2013-01-13 03:30:00,-73.989754,40.735268,1
2013-01-13 10:31:00,-73.99501,40.723217,1
2013-01-13 10:33:00,-73.986565,40.719913,1
2013-01-13 10:42:00,-73.974426,40.742081,2
2013-01-13 10:27:00,-73.992653,40.693619,1
2013-01-13 10:35:00,-74.015465,40.704762,5
2013-01-13 10:40:00,-73.970375,40.788769,5
2013-01-13 10:34:00,-73.995705,40.758892,2
2013-01-13 10:38:00,-73.949913,40.772251,1
2013-01-13 10:22:00,-73.78083,40.647709,1
2013-01-13 10:27:00,-73.871025,40.773861,2
2013-01-13 10:44:00,-73.872978,40.774452,6
2013-01-13 04:36:00,-73.998795,40.713596,3
2013-01-13 04:45:00,-73.96048,40.799911,1
2013-01-13 04:43:00,-73.989067,40.720245,1
2013-01-13 11:38:00,-73.959946,40.772942,1
2013-01-13 11:47:00,-73.975021,40.759243,1
2013-01-13 11:49:00,-74.00679,40.735882,1
2013-01-13 11:53:00,-73.958061,40.765457,5
2013-01-13 11:41:00,-73.955643,40.77655,4
2013-01-13 11:46:00,-73.972618,40.744961,2
2013-01-13 11:48:00,-73.969696,40.748592,6
2013-01-13 11:38:00,-73.951988,40.773514,6
2013-01-13 11:43:00,-73.981216,40.781731,6
2013-01-13 11:48:00,-73.978317,40.785725,1
2013-01-13 03:38:00,-73.962753,40.799175,2
2013-01-13 03:27:00,-73.987961,40.718914,2
2013-01-13 03:28:00,-73.935654,40.71246,2
2013-01-13 03:36:00,-73.968132,40.750629,1
2013-01-13 03:14:00,-73.988037,40.727993,1
2013-01-13 03:33:00,-73.988297,40.759933,3
2013-01-13 03:35:00,-73.969414,40.762806,5
2013-01-13 03:25:00,-73.936043,40.803711,2
2013-01-13 03:37:00,-74.006302,40.733482,1
2013-01-13 03:32:00,-73.987724,40.732403,5
2013-01-13 10:32:00,-73.983482,40.771152,1
2013-01-13 10:29:00,-73.998688,40.739979,1
2013-01-13 10:17:00,-73.870972,40.773746,1
2013-01-13 10:37:00,-73.938164,40.803413,1
2013-01-13 10:25:00,-73.975212,40.76421,1
2013-01-13 10:31:00,-73.976257,40.79142,1
2013-01-13 10:37:00,-73.98748,40.733276,1
2013-01-13 10:33:00,-73.985092,40.75927,1
2013-01-13 10:34:00,-74.005424,40.738403,1
2013-01-13 10:36:00,-73.989853,40.756859,1
2013-01-13 10:32:00,-73.989159,40.773411,1
2013-01-13 10:32:00,-73.97657,40.752003,1
2013-01-13 10:38:00,-73.991318,40.696213,6
2013-01-13 10:29:00,-73.992714,40.752388,1
2013-01-13 10:28:00,-73.982025,40.728111,5
2013-01-13 04:36:00,0.0,0.0,3
2013-01-13 04:43:00,-74.004211,40.742554,1
2013-01-13 11:12:00,-73.780228,40.647285,1
2013-01-13 11:48:00,-73.978577,40.762447,4
2013-01-13 11:54:00,-73.909691,40.757874,1
2013-01-13 11:42:00,-73.946899,40.776588,2
2013-01-13 10:33:00,-73.958183,40.764061,1
2013-01-13 10:39:00,-73.95298,40.786999,1
2013-01-13 10:28:00,-74.004494,40.721668,2
2013-01-13 10:30:00,-73.955376,40.776962,1
2013-01-13 10:31:00,-73.982391,40.771557,6
2013-01-13 10:32:00,-73.981377,40.73336,1
2013-01-13 10:38:00,-73.957642,40.766186,1
2013-01-13 10:40:00,-73.942924,40.793987,1
2013-01-13 10:20:00,-73.983963,40.779194,1
2013-01-13 10:40:00,-73.952965,40.809162,2
2013-01-13 10:31:00,-73.990601,40.719124,2
2013-01-13 10:36:00,-73.986832,40.735874,2
2013-01-13 10:28:00,-74.002831,40.760548,4
2013-01-13 10:41:00,-73.96946,40.764553,1
2013-01-13 10:23:00,0.0,0.0,1
2013-01-13 10:33:00,-73.993385,40.747234,1
2013-01-13 10:24:00,-73.924232,40.769733,2
2013-01-13 10:37:00,-73.969002,40.7859,1
2013-01-13 10:36:00,-73.978012,40.745811,5
2013-01-13 04:43:00,-73.987411,40.760342,2
2013-01-13 04:36:00,-73.979912,40.725368,3
2013-01-13 04:40:00,-73.993225,40.751923,5
2013-01-13 04:32:00,-73.965034,40.759426,1
2013-01-13 04:46:00,-73.989914,40.729477,1
2013-01-13 04:07:00,-73.957825,40.71748,4
2013-01-13 04:24:00,-73.980911,40.737576,6
2013-01-13 04:45:00,-73.988251,40.746605,5
2013-01-13 04:45:00,-73.989952,40.71965,1
2013-01-13 04:46:00,-73.987373,40.72924,2
2013-01-13 04:17:00,-73.97702,40.762402,1
2013-01-13 04:40:00,-73.982086,40.727856,4
2013-01-18 18:32:08,-73.990372,40.759995,1
2013-01-13 04:35:00,-73.977333,40.779427,6
2013-01-13 04:36:00,-73.795212,40.657799,5
2013-01-13 04:44:00,-73.78186,40.644882,1
2013-01-13 11:41:00,-73.979439,40.784874,1
2013-01-13 11:52:00,-73.985512,40.744167,1
2013-01-13 11:40:00,0.0,0.0,1
2013-01-13 11:52:00,-73.957939,40.776478,1
2013-01-13 11:44:00,-73.975342,40.755817,1
2013-01-13 11:44:00,-73.985527,40.753021,1
2013-01-13 11:34:00,-73.954491,40.774055,1
2013-01-13 11:43:00,-73.986305,40.740284,2
2013-01-13 11:47:00,-73.974838,40.752659,2
2013-01-13 10:47:00,0.0,0.0,1
2013-01-13 10:33:00,-73.998238,40.722885,1
2013-01-13 10:53:00,-73.967438,40.752468,1
2013-01-13 10:53:00,0.0,0.0,6
2013-01-13 10:51:00,-73.970749,40.796051,1
2013-01-13 10:47:00,-73.988861,40.736908,1
2013-01-13 10:44:00,-74.016586,40.715046,2
2013-01-13 10:38:00,-73.949799,40.787502,1
2013-01-13 10:53:00,-73.95536,40.769421,1
2013-01-13 10:53:00,-73.991417,40.744621,2
2013-01-13 10:52:00,-73.966827,40.763138,5
2013-01-13 10:45:00,-73.985451,40.775455,4
2013-01-13 10:51:00,-73.978004,40.745659,5
2013-01-13 10:51:00,-73.978813,40.787777,1
2013-01-13 10:53:00,-73.951241,40.810135,1
2013-01-13 10:37:00,-73.862663,40.768902,2
2013-01-13 04:42:00,-73.993965,40.718281,1
2013-01-13 04:44:00,-73.987671,40.760078,5
2013-01-13 04:40:00,-73.990845,40.7444,2
2013-01-13 04:39:00,-74.007584,40.740982,1
2013-01-13 04:43:00,-73.960083,40.718422,2
2013-01-13 04:32:00,-73.999435,40.760796,5
2013-01-13 04:47:00,-73.962006,40.763763,1
2013-01-13 04:33:00,-74.002777,40.728634,5
2013-01-13 04:49:00,-73.998627,40.739948,1
2013-01-13 10:49:00,-73.973412,40.743732,1
2013-01-13 10:48:00,-73.960274,40.761887,2
2013-01-13 10:54:00,-73.993217,40.747517,1
2013-01-13 10:55:00,-73.947304,40.775837,1
2013-01-13 10:55:00,-73.937523,40.758148,1
2013-01-13 10:52:00,-73.987076,40.760502,6
2013-01-13 10:55:00,-74.00087,40.731735,1
2013-01-13 10:47:00,-73.964272,40.764046,1
2013-01-13 10:51:00,-74.004463,40.724377,6
2013-01-13 10:54:00,-73.977486,40.764221,1
2013-01-13 10:53:00,-73.988708,40.742649,5
2013-01-13 10:43:00,-73.999451,40.719566,3
2013-01-13 03:30:00,-73.972305,40.794106,4
2013-01-13 03:38:00,0.0,0.0,3
2013-01-13 03:29:00,-73.996986,40.737514,1
2013-01-13 03:31:00,-74.004936,40.740696,5
2013-01-13 03:22:00,-74.006638,40.744083,1
2013-01-13 03:27:00,-73.998192,40.763264,1
2013-01-13 03:35:00,-73.961914,40.779522,4
2013-01-13 03:33:00,-74.001823,40.732529,1
2013-01-13 03:27:00,-73.989746,40.735321,1
2013-01-13 03:34:00,-73.981148,40.737534,5
2013-01-13 03:33:00,-73.987869,40.764721,2
2013-01-13 03:12:00,-73.982033,40.77861,1
2013-01-13 03:32:00,-74.013092,40.702244,5
2013-01-13 03:33:00,-73.973778,40.751842,1
2013-01-13 03:29:00,-73.991951,40.7258,1
2013-01-13 03:34:00,-74.004562,40.752342,2
2013-01-13 03:20:00,-73.927368,40.759544,5
2013-01-13 03:26:00,-73.99662,40.725441,2
2013-01-13 03:42:00,-73.980972,40.764225,1
2013-01-13 03:40:00,-73.989311,40.74308,5
2013-01-13 03:39:00,-74.00045,40.761642,1
2013-01-13 03:31:00,-73.984383,40.764664,5
2013-01-13 03:34:00,-73.988274,40.749035,2
2013-01-13 03:30:00,-73.993111,40.722736,3
2013-01-13 03:41:00,-73.971436,40.762886,1
2013-01-13 03:18:00,-73.982445,40.777843,1
2013-01-13 03:18:00,-73.960793,40.759769,1
2013-01-13 03:31:00,-74.008163,40.738083,1
2013-01-13 03:34:00,-73.959915,40.715752,2
2013-01-13 11:57:00,-73.994133,40.751236,5
2013-01-13 11:50:00,-73.955101,40.785942,1
2013-01-13 10:51:00,-73.953827,40.790722,1
2013-01-13 10:50:00,-73.997375,40.725677,1
2013-01-13 10:46:00,-73.991531,40.750847,3
2013-01-13 10:39:00,-73.999161,40.725174,1
2013-01-13 10:47:00,-73.950989,40.786076,6
2013-01-13 10:41:00,-73.962128,40.800636,1
2013-01-13 04:31:00,-74.0019,40.739491,1
2013-01-13 04:46:00,-73.996071,40.759998,1
2013-01-13 04:36:00,-73.932198,40.753666,5
2013-01-13 04:33:00,-73.987511,40.738018,5
2013-01-13 04:22:00,-74.007675,40.712666,1
2013-01-13 04:48:00,-73.986534,40.747066,1
2013-01-13 04:42:00,-73.925728,40.761696,1
2013-01-13 04:40:00,-73.958412,40.760372,2
2013-01-13 04:33:00,-73.988762,40.718853,5
2013-01-13 04:56:00,-73.95359,40.775341,5
2013-01-13 04:44:00,-73.957649,40.717922,1
2013-01-13 04:33:00,-73.963982,40.808144,1
2013-01-13 04:36:00,-73.989296,40.763039,6
2013-01-13 04:25:00,-73.982368,40.731304,5
2013-01-13 04:19:00,-74.001152,40.730995,1
2013-01-13 04:49:00,-74.001717,40.741013,2
2013-01-13 04:40:00,-73.982201,40.731831,5
2013-01-13 04:42:00,-73.985855,40.740929,6
2013-01-13 11:35:00,-73.873108,40.774124,1
2013-01-13 11:44:00,-73.95977,40.655216,5
2013-01-13 11:54:00,-73.994667,40.745373,1
2013-01-13 11:49:00,-73.978554,40.763287,5
2013-01-13 11:41:00,-73.987999,40.77486,5
2013-01-13 11:56:00,-73.938721,40.752659,1
2013-01-13 03:32:00,-73.998337,40.729507,1
2013-01-13 03:24:00,-73.985794,40.731209,4
2013-01-13 03:33:00,-73.962578,40.610916,1
2013-01-13 03:29:00,-73.989449,40.720688,6
2013-01-13 03:29:00,-73.988899,40.730923,1
2013-01-13 03:38:00,-73.986389,40.72887,6
2013-01-13 03:35:00,-73.991692,40.749748,1
2013-01-13 03:09:00,-73.962944,40.758312,1
2013-01-13 03:31:00,-73.981827,40.728127,3
2013-01-13 03:33:00,-73.995972,40.757038,1
2013-01-13 03:35:00,-73.985718,40.752861,2
2013-01-13 03:32:00,-73.994644,40.721386,1
2013-01-13 03:34:00,-73.986061,40.722542,1
2013-01-13 03:42:00,-74.004303,40.751625,3
2013-01-13 03:35:00,-73.992905,40.723301,2
2013-01-13 03:36:00,-73.997078,40.720615,1
2013-01-13 03:21:00,-73.995872,40.72517,6
2013-01-13 03:17:00,-73.988441,40.763187,1
2013-01-13 03:35:00,-73.988441,40.718685,1
2013-01-13 03:22:00,-73.9888,40.718861,5
2013-01-13 03:35:00,-73.987831,40.734447,1
2013-01-13 03:37:00,-74.005371,40.739529,2
2013-01-13 03:40:00,-73.999435,40.75415,2
2013-01-13 10:33:00,-73.981941,40.747372,1
2013-01-13 10:45:00,-73.996964,40.726952,1
2013-01-13 10:52:00,-73.994499,40.745838,5
2013-01-13 11:01:00,-73.970619,40.755737,1
2013-01-13 10:53:00,-73.996078,40.732643,1
2013-01-13 10:53:00,-73.962402,40.765091,1
2013-01-13 03:35:00,-73.983238,40.738525,1
2013-01-13 03:23:00,-74.008545,40.72007,1
2013-01-13 03:21:00,-73.99765,40.720917,2
2013-01-13 03:30:00,-73.985718,40.731224,1
2013-01-13 03:34:00,-73.987785,40.724037,5
2013-01-13 03:20:00,-73.989601,40.757397,1
2013-01-13 03:18:00,-73.988678,40.734467,2
2013-01-13 03:11:00,-73.981583,40.763756,5
2013-01-13 03:23:00,-73.993034,40.717907,5
2013-01-13 03:28:00,-73.991913,40.726463,1
2013-01-13 03:39:00,-73.99041,40.718872,3
2013-01-13 03:24:00,-73.990494,40.718754,1
2013-01-13 03:23:00,-73.9561,40.71413,1
2013-01-13 03:39:00,-73.955063,40.785805,1
2013-01-13 03:35:00,-73.983398,40.726208,1
2013-01-13 03:25:00,-73.918549,40.743328,1
2013-01-13 03:43:00,-73.950897,40.774963,1
2013-01-13 03:25:00,-73.995598,40.725121,1
2013-01-13 03:35:00,-73.980675,40.74514,1
2013-01-13 11:53:00,-74.00602,40.717472,1
2013-01-13 10:44:00,-73.992325,40.762478,5
2013-01-13 10:43:00,-73.96685,40.757107,2
2013-01-13 10:48:00,-73.946899,40.772282,5
2013-01-13 10:42:00,-73.999016,40.734337,1
2013-01-13 10:43:00,-74.015511,40.714912,1
2013-01-13 10:46:00,-73.999023,40.761066,2
2013-01-13 10:48:00,-73.987221,40.761089,1
2013-01-13 10:47:00,-73.982346,40.731472,1
2013-01-13 10:30:00,-73.965736,40.758091,5
2013-01-13 10:47:00,-73.977821,40.734196,1
2013-01-13 10:47:00,-73.988312,40.769146,1
2013-01-13 10:42:00,-73.952362,40.768799,1
2013-01-13 10:46:00,-73.958588,40.778126,1
2013-01-13 10:51:00,-73.997818,40.735989,1
2013-01-13 10:44:00,-73.99157,40.756062,6
2013-01-13 10:52:00,-73.9879,40.71862,2
2013-01-13 10:45:00,-73.961365,40.780201,2
2013-01-13 10:55:00,-74.001816,40.730366,5
2013-01-13 10:51:00,-73.97805,40.777164,1
2013-01-13 10:51:00,-73.99015,40.746517,3
2013-01-13 10:57:00,-73.970047,40.753197,5
2013-01-13 10:39:00,-73.99276,40.723923,6
2013-01-13 10:53:00,-73.962349,40.760391,1
2013-01-13 10:51:00,-73.979187,40.744366,1
2013-01-13 10:45:00,-73.951271,40.770012,2
2013-01-13 03:15:00,-74.005341,40.740017,5
2013-01-13 03:38:00,-73.992554,40.748676,2
2013-01-13 03:24:00,-74.002075,40.729641,1
2013-01-13 03:27:00,-73.982689,40.731461,1
2013-01-13 03:21:00,-73.979919,40.72253,5
2013-01-13 03:19:00,-73.98735,40.725391,2
2013-01-13 03:29:00,-73.991386,40.739094,1
2013-01-13 03:39:00,-73.982239,40.748405,1
2013-01-13 03:33:00,-73.993813,40.720581,5
2013-01-13 03:31:00,-73.986061,40.722317,1
2013-01-13 03:37:00,-73.986954,40.729576,1
2013-01-13 03:19:00,-74.003517,40.732243,1
2013-01-13 03:25:00,-73.978455,40.762768,2
2013-01-13 03:30:00,-74.005318,40.728481,5
2013-01-13 03:22:00,-73.989441,40.731731,1
2013-01-13 03:37:00,-73.980774,40.738144,2
2013-01-13 03:34:00,-73.978821,40.72419,3
2013-01-13 03:37:00,-74.001266,40.74139,1
2013-01-13 03:36:00,-73.993568,40.733051,1
2013-01-13 03:22:00,-73.923904,40.752541,2
2013-01-13 03:38:00,-73.994705,40.755974,1
2013-01-13 12:04:00,-73.988937,40.75816,1
2013-01-13 12:06:00,-73.998863,40.719479,5
2013-01-13 12:03:00,-73.972748,40.793365,5
2013-01-13 10:53:00,-73.973816,40.789318,1
2013-01-13 10:48:00,-73.993584,40.757545,1
2013-01-13 10:52:00,-73.95182,40.775311,1
2013-01-13 04:40:00,-73.980476,40.730545,5
2013-01-13 04:35:00,-73.975357,40.749622,1
2013-01-13 04:42:00,-73.95829,40.71344,2
2013-01-13 04:42:00,-73.991829,40.722,1
2013-01-13 04:44:00,-73.984299,40.72506,2
2013-01-13 04:45:00,-73.986992,40.760204,2
2013-01-13 04:30:00,-73.995544,40.749199,1
2013-01-13 04:42:00,-74.002457,40.733448,1
2013-01-13 04:49:00,-73.958275,40.710285,2
2013-01-13 04:30:00,-74.006966,40.739872,1
2013-01-13 04:34:00,-73.956444,40.773911,1
2013-01-13 04:26:00,-74.004814,40.718239,5
2013-01-13 04:48:00,-74.006981,40.74374,1
2013-01-13 11:54:00,-73.955795,40.779663,1
2013-01-13 11:47:00,-73.991478,40.73518,6
2013-01-13 11:41:00,-73.983299,40.73875,2
2013-01-13 11:25:00,-73.7882,40.641499,1
2013-01-13 11:47:00,-73.99115,40.750336,1
2013-01-13 11:45:00,-73.986557,40.771763,1
2013-01-13 11:44:00,-74.006699,40.714298,1
2013-01-13 11:38:00,-73.966644,40.758221,1
2013-01-13 03:24:00,-74.005333,40.740166,5
2013-01-13 03:32:00,-74.004768,40.708496,1
2013-01-13 03:21:00,-73.970375,40.762062,6
2013-01-13 03:36:00,-74.002312,40.739716,1
2013-01-13 03:39:00,-73.997719,40.763954,1
2013-01-13 03:33:00,-73.993851,40.727322,2
2013-01-13 03:30:00,-73.982811,40.761902,5
2013-01-13 03:33:00,-73.988411,40.723373,1
2013-01-13 03:26:00,-73.989166,40.743069,1
2013-01-13 03:34:00,-73.997475,40.721046,1
2013-01-13 03:25:00,-73.9869,40.743736,0
2013-01-13 03:36:00,-73.984917,40.732475,1
2013-01-13 03:37:00,-73.99575,40.759708,6
2013-01-13 03:30:00,-74.001747,40.730598,3
2013-01-13 03:37:00,-73.987686,40.743603,1
2013-01-13 03:23:00,-73.985283,40.727676,1
2013-01-13 03:37:00,-73.99353,40.719109,1
2013-01-13 03:20:00,-73.983337,40.741364,1
2013-01-13 03:23:00,-73.963318,40.753628,5
2013-01-13 03:37:00,-73.982582,40.744698,1
2013-01-13 03:36:00,-73.985374,40.727684,5
2013-01-13 03:35:00,-74.008797,40.713833,5
2013-01-13 03:35:00,-73.98568,40.74231,2
2013-01-13 12:03:00,-74.011208,40.715385,1
2013-01-13 10:34:00,-73.963448,40.75856,3
2013-01-13 10:32:00,-73.999458,40.733734,1
2013-01-13 10:28:00,-73.99131,40.727615,1
2013-01-13 10:27:00,-73.979332,40.731041,1
2013-01-13 10:40:00,-73.944534,40.779381,1
2013-01-13 10:36:00,-73.973763,40.764351,1
2013-01-13 10:35:00,-73.954163,40.774578,1
2013-01-13 10:37:00,-73.999184,40.761051,2
2013-01-13 10:40:00,0.0,0.0,1
2013-01-13 10:37:00,-73.990677,40.756233,1
2013-01-13 10:46:00,-73.952499,40.76659,1
2013-01-13 10:43:00,-73.981461,40.744015,1
2013-01-13 10:35:00,-73.993378,40.729591,1
2013-01-13 10:34:00,-73.990555,40.746021,1
2013-01-13 10:36:00,-74.001793,40.735336,1
2013-01-13 10:26:00,-73.990211,40.746399,2
2013-01-13 10:40:00,-73.976242,40.739861,1
2013-01-13 10:44:00,-73.978645,40.777653,2
2013-01-13 10:41:00,-73.95491,40.783703,3
2013-01-13 10:39:00,-74.006821,40.706341,5
2013-01-13 10:44:00,-73.952194,40.772224,2
2013-01-13 10:47:00,-73.993576,40.751373,5
2013-01-13 10:47:00,-74.006615,40.716667,1
2013-01-13 10:54:00,-73.997238,40.757198,6
2013-01-13 10:25:00,-73.920647,40.743607,5
2013-01-13 10:06:00,-73.784019,40.648628,1
2013-01-13 10:36:00,-73.964149,40.761311,1
2013-01-13 10:39:00,-73.981003,40.767864,2
2013-01-13 10:39:00,-73.959839,40.813953,1
2013-01-13 10:41:00,0.0,0.0,4
2013-01-13 10:37:00,-73.955811,40.772263,1
2013-01-13 10:22:00,-73.95295,40.78281,3
2013-01-13 10:23:00,-73.987526,40.719681,1
2013-01-13 10:26:00,-73.923103,40.76096,6
2013-01-13 10:39:00,-73.97628,40.764122,1
2013-01-13 10:37:00,-73.988258,40.761646,4
2013-01-13 10:36:00,-73.999023,40.734192,3
2013-01-13 10:38:00,-73.984039,40.760208,1
2013-01-13 10:39:00,-73.975037,40.741604,1
2013-01-13 10:44:00,-73.982788,40.752934,2
2013-01-13 10:20:00,-73.956665,40.805012,2
2013-01-13 10:45:00,-73.996521,40.753571,1
2013-01-13 10:40:00,-73.975449,40.790001,5
2013-01-13 10:35:00,-73.955963,40.772434,1
2013-01-13 10:32:00,0.0,0.0,2
2013-01-13 04:50:00,-73.98996,40.729473,3
2013-01-13 04:40:00,-73.951569,40.713943,1
2013-01-13 04:34:00,-73.999229,40.713844,2
2013-01-13 04:31:00,-74.007797,40.740574,1
2013-01-13 11:42:00,-73.974922,40.777767,6
2013-01-13 11:42:00,-73.989067,40.719307,1
2013-01-13 11:46:00,-74.000221,40.737839,5
2013-01-13 11:54:00,-73.951599,40.76622,1
2013-01-13 11:51:00,-73.987785,40.743835,1
2013-01-13 11:47:00,-73.995049,40.760136,1
2013-01-13 11:40:00,-73.982132,40.740177,2
2013-01-13 11:53:00,-73.998863,40.734547,2
2013-01-13 11:40:00,-73.988602,40.764046,5
2013-01-13 11:49:00,0.0,0.0,1
2013-01-13 11:53:00,-73.99987,40.738297,1
2013-01-13 03:35:00,-73.977859,40.742153,5
2013-01-13 03:24:00,-73.992134,40.689743,1
2013-01-13 03:36:00,-73.988113,40.745907,6
2013-01-13 03:18:00,-73.973869,40.761333,1
2013-01-13 03:10:00,-73.992393,40.724628,1
2013-01-13 03:16:00,-73.989265,40.72924,1
2013-01-13 03:24:00,-73.988724,40.718849,1
2013-01-13 03:06:00,-73.967575,40.756268,1
2013-01-13 03:28:00,-74.004143,40.738091,5
2013-01-13 03:29:00,-73.978783,40.741116,5
2013-01-13 03:34:00,-74.004791,40.721252,2
2013-01-13 03:29:00,-73.951767,40.714756,2
2013-01-13 03:12:00,-74.00679,40.735714,1
2013-01-13 03:25:00,-73.977455,40.762913,1
2013-01-13 03:35:00,-73.987007,40.729603,1
2013-01-13 03:31:00,-73.983887,40.725491,1
2013-01-13 03:37:00,-73.949142,40.711159,1
2013-01-13 03:41:00,-73.9916,40.726849,1
2013-01-13 03:36:00,-73.916771,40.771202,1
2013-01-13 03:37:00,-73.966003,40.805309,1
2013-01-13 03:34:00,-73.988533,40.758163,4
2013-01-13 03:27:00,-73.983406,40.726219,1
2013-01-13 03:30:00,-74.006958,40.743885,5
2013-01-13 03:41:00,-74.006317,40.739204,1
2013-01-13 03:26:00,-73.997726,40.720928,5
2013-01-13 11:59:00,-73.971512,40.781254,1
2013-01-13 12:03:00,-73.975868,40.748917,1
2013-01-13 12:04:00,-73.982384,40.745602,4
2013-01-13 12:01:00,-73.986435,40.721931,5
2013-01-13 12:06:00,-73.968658,40.758347,1
2013-01-13 11:58:00,-73.950172,40.786938,2
2013-01-13 12:02:00,-73.997551,40.724354,1
2013-01-13 12:02:00,-74.006866,40.705269,1
2013-01-13 11:54:00,-73.982826,40.742142,6
2013-01-13 11:54:00,-73.791023,40.6455,6
2013-01-13 11:55:00,-73.959175,40.764153,6
2013-01-13 12:03:00,-73.964043,40.771053,5
2013-01-13 12:04:00,-73.987213,40.74482,5
2013-01-13 10:56:00,-73.99128,40.755795,1
2013-01-13 10:50:00,-74.005997,40.745155,1
2013-01-13 10:39:00,-73.992409,40.735435,1
2013-01-13 10:44:00,-73.976791,40.788342,1
2013-01-13 10:48:00,-73.962486,40.775871,2
2013-01-13 10:59:00,-73.979568,40.739872,1
2013-01-13 10:51:00,-73.986969,40.738487,1
2013-01-13 10:53:00,0.0,0.0,1
2013-01-13 10:51:00,-73.995316,40.688316,6
2013-01-13 10:47:00,-73.996239,40.726822,1
2013-01-13 10:48:00,-73.986534,40.718224,1
2013-01-13 10:44:00,-73.966759,40.788933,1
2013-01-13 10:46:00,-73.977257,40.743736,1
2013-01-13 10:49:00,-73.99115,40.727814,1
2013-01-13 10:47:00,-74.001686,40.735432,6
2013-01-13 10:40:00,-74.002434,40.745354,1
2013-01-13 10:51:00,-73.983215,40.738762,1
2013-01-13 10:57:00,-73.979691,40.749142,1
2013-01-13 10:52:00,-73.956635,40.770279,1
2013-01-13 10:51:00,-73.987076,40.739616,1
2013-01-13 10:52:00,-73.991371,40.731903,1
2013-01-13 10:43:00,-73.972008,40.757828,1
2013-01-13 10:37:00,-73.974564,40.753799,1
2013-01-13 10:51:00,-73.959579,40.777073,1
2013-01-13 10:44:00,-73.980583,40.733982,2
2013-01-13 11:31:00,-73.985954,40.780376,1
2013-01-13 11:37:00,-74.00293,40.760292,1
2013-01-13 11:49:00,-74.003914,40.747627,1
2013-01-13 11:48:00,-73.989243,40.748081,1
2013-01-13 11:38:00,-73.951324,40.712421,1
2013-01-13 11:36:00,-73.864014,40.770031,5
2013-01-13 03:32:00,-73.994171,40.751369,1
2013-01-13 03:25:00,-73.99453,40.74052,1
2013-01-13 03:36:00,-73.985489,40.738468,1
2013-01-13 03:35:00,-73.99662,40.737206,1
2013-01-13 03:26:00,-74.009178,40.729698,1
2013-01-13 03:34:00,-73.99482,40.715134,1
2013-01-13 03:38:00,-73.985344,40.746834,5
2013-01-13 03:34:00,-73.991646,40.72694,1
2013-01-13 03:38:00,-74.005974,40.724529,1
2013-01-13 03:42:00,-73.979248,40.744133,1
2013-01-13 03:42:00,-73.988693,40.734337,1
2013-01-13 03:26:00,-73.985519,40.727707,1
2013-01-13 03:38:00,-73.949677,40.722256,1
2013-01-13 03:35:00,-74.00486,40.721039,4
2013-01-13 03:37:00,-73.953255,40.776905,5
2013-01-13 03:36:00,-73.958023,40.715542,6
2013-01-13 11:51:00,-73.981255,40.741211,6
2013-01-13 11:53:00,-74.004028,40.742058,1
2013-01-13 12:05:00,-73.959114,40.775097,1
2013-01-13 02:38:00,-73.9646,40.791634,5
2013-01-13 04:30:00,-73.991806,40.726406,1
2013-01-13 04:42:00,-73.997749,40.763943,1
2013-01-13 04:53:00,-73.991196,40.76516,5
2013-01-13 11:47:00,-73.957916,40.777821,1
2013-01-13 11:45:00,-73.974632,40.752838,1
2013-01-13 11:47:00,-73.977524,40.757824,5
2013-01-13 11:45:00,-73.992867,40.756756,5
2013-01-13 11:47:00,-73.994225,40.732071,3
2013-01-13 11:51:00,-73.991783,40.764816,6
2013-01-13 11:47:00,-73.967293,40.763344,3
2013-01-13 11:47:00,-74.00338,40.730782,1
2013-01-13 11:48:00,-73.986153,40.740479,5
2013-01-13 11:49:00,-73.981728,40.783718,1
2013-01-13 11:44:00,-74.004578,40.73402,6
2013-01-13 11:25:00,-73.973412,40.750519,2
2013-01-13 11:49:00,-73.9842,40.729076,1
2013-01-13 11:44:00,-73.983307,40.738651,5
2013-01-13 11:50:00,-73.990547,40.734936,1
2013-01-13 11:57:00,-73.903107,40.770809,5
2013-01-13 11:57:00,-74.004509,40.737843,6
2013-01-13 11:53:00,-73.985382,40.735901,1
2013-01-13 11:35:00,-73.949089,40.777576,6
2013-01-13 11:51:00,-73.978943,40.719639,1
2013-01-13 11:51:00,-73.955536,40.785702,1
2013-01-13 11:50:00,-73.980728,40.742126,3
2013-01-13 03:32:00,-73.924438,40.761806,1
2013-01-13 03:19:00,-74.000801,40.746319,2
2013-01-13 03:38:00,-73.989861,40.729481,1
2013-01-13 03:33:00,-73.985428,40.727657,1
2013-01-13 03:31:00,-73.996445,40.742775,1
2013-01-13 03:32:00,-74.005219,40.740585,3
2013-01-13 03:29:00,-73.982079,40.731918,1
2013-01-13 03:31:00,-73.968048,40.800575,1
2013-01-13 03:11:00,-73.982048,40.741642,1
2013-01-13 03:40:00,-73.98922,40.760342,6
2013-01-13 12:01:00,-73.973038,40.785358,5
2013-01-13 11:48:00,-73.98394,40.760399,5
2013-01-13 12:05:00,-73.988243,40.723507,1
2013-01-13 12:05:00,-73.983047,40.722694,2
2013-01-13 12:00:00,-73.985443,40.778534,1
2013-01-13 12:01:00,-73.981606,40.780151,1
2013-01-13 12:01:00,-74.008926,40.730877,1
2013-01-13 12:02:00,-73.98349,40.738308,6
2013-01-13 04:34:00,-73.992935,40.736889,2
2013-01-13 04:47:00,-73.987579,40.721561,1
2013-01-13 04:37:00,-73.993629,40.720982,6
2013-01-13 04:45:00,-73.997185,40.728905,1
2013-01-13 04:40:00,-73.997612,40.763836,1
2013-01-13 04:36:00,-73.996803,40.712166,2
2013-01-13 04:39:00,-73.97747,40.738247,2
2013-01-13 10:50:00,-74.00631,40.73415,1
2013-01-13 10:50:00,-73.953758,40.766918,1
2013-01-13 10:48:00,-73.966728,40.7607,1
2013-01-13 10:52:00,-73.960808,40.770023,1
2013-01-13 10:53:00,-73.980858,40.766426,1
2013-01-13 10:49:00,-74.00853,40.720707,1
2013-01-13 10:36:00,-73.987953,40.671223,1
2013-01-13 10:53:00,-73.987991,40.759521,1
2013-01-13 10:52:00,-73.970955,40.788383,6
2013-01-13 10:42:00,-73.979568,40.762566,1
2013-01-13 10:50:00,-73.962051,40.771767,1
2013-01-13 10:57:00,-73.978325,40.751499,1
2013-01-13 03:11:00,-73.951424,40.714081,1
2013-01-13 03:27:00,-73.991074,40.717506,5
2013-01-13 03:34:00,-73.979065,40.761635,4
2013-01-13 03:34:00,-74.000519,40.729965,5
2013-01-13 03:31:00,-73.989281,40.719032,2
2013-01-13 03:29:00,-73.986259,40.761703,1
2013-01-13 03:12:00,-73.956833,40.771908,3
2013-01-13 03:25:00,-73.992744,40.724041,3
2013-01-13 03:34:00,-73.93325,40.758373,6
2013-01-13 03:39:00,-73.988869,40.71883,2
2013-01-13 03:34:00,-73.993385,40.721851,2
2013-01-13 03:41:00,-73.966805,40.681778,5
2013-01-13 03:29:00,-73.980446,40.730495,5
2013-01-13 11:56:00,-73.964867,40.764187,1
2013-01-13 12:02:00,-73.991425,40.750004,1
2013-01-13 11:59:00,-73.951698,40.781963,1
2013-01-13 11:58:00,-73.980286,40.783783,3
2013-01-13 11:58:00,-74.000381,40.732506,1
2013-01-13 11:45:00,-74.013123,40.704361,3
2013-01-13 12:03:00,-73.991737,40.75008,1
2013-01-13 12:04:00,-73.969154,40.766853,1
2013-01-13 12:03:00,-73.973038,40.795818,3
2013-01-13 11:55:00,-73.96653,40.76569,1
2013-01-13 12:10:00,-73.987648,40.733536,1
2013-01-13 11:46:00,-73.98864,40.693645,5
2013-01-13 12:03:00,-73.975555,40.761173,6
2013-01-13 04:35:00,-73.993439,40.72224,2
2013-01-13 04:53:00,-73.992584,40.758236,1
2013-01-13 11:53:00,-73.954384,40.787022,1
2013-01-13 11:46:00,-73.972717,40.75613,5
2013-01-13 11:43:00,-73.986488,40.777206,2
2013-01-13 11:35:00,-73.986893,40.765606,1
2013-01-13 11:53:00,-73.970383,40.796757,2
2013-01-13 11:47:00,-73.967094,40.761131,1
2013-01-13 11:51:00,-73.975082,40.751022,1
2013-01-13 11:43:00,-73.955925,40.772198,1
2013-01-13 11:44:00,-74.003326,40.748138,1
2013-01-13 10:37:00,-73.980003,40.773861,1
2013-01-13 10:35:00,-74.000229,40.743107,1
2013-01-13 10:28:00,-74.0,40.748341,1
2013-01-13 10:32:00,-73.998589,40.734936,5
2013-01-13 10:37:00,-73.984222,40.754551,1
2013-01-13 10:36:00,-73.978638,40.729839,5
2013-01-13 10:32:00,-73.974304,40.749123,1
2013-01-13 10:28:00,-74.01017,40.705357,1
2013-01-13 10:39:00,-74.006042,40.724751,1
2013-01-13 10:39:00,-73.949768,40.784431,1
2013-01-13 10:34:00,-73.973846,40.764233,5
2013-01-13 10:42:00,-73.97245,40.786629,1
2013-01-13 10:34:00,-73.956894,40.778023,1
2013-01-13 10:37:00,-73.947731,40.779541,1
2013-01-13 10:32:00,-73.85968,40.729382,1
2013-01-13 10:42:00,-73.998367,40.750751,3
2013-01-13 10:36:00,-73.957336,40.782745,2
2013-01-13 10:28:00,-74.016251,40.715244,6
2013-01-13 10:28:00,-73.969765,40.800316,1
2013-01-13 10:28:00,-73.983055,40.730629,1
2013-01-13 10:39:00,-73.96138,40.765457,1
2013-01-13 10:39:00,-73.957748,40.773739,2
2013-01-13 10:33:00,-73.991188,40.750278,1
2013-01-13 10:28:00,-73.985229,40.738907,1
2013-01-13 10:35:00,-73.953697,40.782318,2
2013-01-13 11:47:00,-74.00116,40.731827,6
2013-01-13 11:19:00,-73.976219,40.776073,3
2013-01-13 11:45:00,0.0,0.0,1
2013-01-13 11:50:00,-73.989082,40.776848,6
2013-01-13 11:54:00,-74.005066,40.737236,2
2013-01-13 11:54:00,-73.979752,40.786102,2
2013-01-13 11:39:00,-73.985107,40.736176,1
2013-01-13 11:55:00,-73.976021,40.770943,1
2013-01-13 11:47:00,-73.929962,40.754372,1
2013-01-13 11:40:00,-73.957458,40.801708,1
2013-01-13 11:54:00,-73.960358,40.762035,1
2013-01-13 11:50:00,-73.962486,40.799847,1
2013-01-13 11:55:00,-73.97052,40.756325,1
2013-01-13 11:58:00,-73.959381,40.777485,1
2013-01-13 11:50:00,-74.013046,40.71611,3
2013-01-13 03:21:00,-73.984657,40.759247,1
2013-01-13 03:14:00,-74.000076,40.726635,1
2013-01-13 03:22:00,-73.997917,40.740982,1
2013-01-13 03:29:00,-74.00428,40.742409,2
2013-01-13 03:22:00,-73.98436,40.73307,1
2013-01-13 03:32:00,-74.00708,40.734859,5
2013-01-13 03:28:00,-73.983559,40.747021,5
2013-01-13 03:12:00,-73.989304,40.726116,1
2013-01-13 03:32:00,-73.987465,40.724709,1
2013-01-13 10:48:00,-73.966072,40.774094,1
2013-01-13 10:46:00,-73.951477,40.804764,5
2013-01-13 10:50:00,-73.991173,40.765404,1
2013-01-13 10:49:00,-73.981659,40.740952,1
2013-01-13 10:49:00,-73.946503,40.77906,5
2013-01-13 10:53:00,-73.956436,40.781506,1
2013-01-13 10:54:00,-73.959572,40.777767,6
2013-01-13 10:48:00,-73.985352,40.731857,1
2013-01-13 10:52:00,-74.007187,40.715931,1
2013-01-13 10:29:00,-73.96244,40.773117,1
2013-01-13 10:50:00,-73.98774,40.77021,5
2013-01-13 10:30:00,-73.870911,40.773685,1
2013-01-13 10:51:00,-73.964752,40.791492,5
2013-01-13 10:54:00,-73.957916,40.769917,2
2013-01-13 10:50:00,-73.982147,40.776306,1
2013-01-13 10:50:00,-73.96579,40.803783,1
2013-01-13 10:53:00,-73.977364,40.738338,5
2013-01-13 10:10:00,-73.789619,40.644981,2
2013-01-13 10:53:00,-73.948616,40.773968,1
2013-01-13 10:53:00,0.0,0.0,6
2013-01-13 10:45:00,-73.977264,40.774433,2
2013-01-13 10:43:00,-73.956917,40.780163,1
2013-01-13 10:56:00,-73.963882,40.765411,1
2013-01-13 10:55:00,-73.944702,40.779606,1
2013-01-13 04:47:00,-73.957146,40.663441,1
2013-01-13 11:51:00,-74.001274,40.733807,1
2013-01-13 11:50:00,-73.974297,40.76194,1
2013-01-13 11:46:00,-73.95182,40.769585,2
2013-01-13 11:49:00,-73.972504,40.755032,1
2013-01-13 11:50:00,-73.96785,40.800747,1
2013-01-13 11:41:00,-74.006935,40.719196,1
2013-01-13 11:37:00,-73.962685,40.77293,1
2013-01-13 11:49:00,-73.981575,40.773586,6
2013-01-13 11:48:00,-73.983925,40.744125,1
2013-01-13 11:45:00,-73.983788,40.743725,1
2013-01-13 11:45:00,-74.005165,40.737492,1
2013-01-13 11:48:00,-73.966362,40.794632,1
2013-01-13 11:42:00,-74.016235,40.704826,2
2013-01-13 12:11:00,-73.972458,40.756271,2
2013-01-13 11:56:00,-73.956436,40.767181,1
2013-01-13 11:51:00,-73.996002,40.732891,3
2013-01-13 11:52:00,-73.962646,40.768101,1
2013-01-13 11:51:00,0.0,0.0,3
2013-01-13 11:52:00,-73.97863,40.744877,5
2013-01-13 11:54:00,-73.987206,40.750664,2
2013-01-13 11:47:00,-73.998863,40.732376,1
2013-01-13 11:54:00,-73.967537,40.79298,1
2013-01-13 11:50:00,-73.968681,40.750469,6
2013-01-13 04:20:00,-73.984489,40.732899,1
2013-01-13 04:29:00,-73.944023,40.795216,5
2013-01-13 04:40:00,-73.980766,40.741901,5
2013-01-13 04:27:00,-73.969719,40.757214,4
2013-01-13 04:53:00,-73.983307,40.762833,1
2013-01-13 04:36:00,-74.002609,40.733837,1
2013-01-13 04:46:00,-73.961784,40.771008,1
2013-01-13 11:39:00,-73.944618,40.779472,1
2013-01-13 11:45:00,-73.976074,40.781227,5
2013-01-13 11:47:00,-74.016434,40.708771,1
2013-01-13 11:50:00,-73.956543,40.786865,1
2013-01-13 11:48:00,-73.995155,40.725288,1
2013-01-13 11:45:00,-73.991493,40.760193,2
2013-01-13 11:27:00,-73.975174,40.757759,1
2013-01-13 11:50:00,-73.983315,40.773594,1
2013-01-13 11:50:00,-73.984711,40.769302,1
2013-01-13 11:52:00,-74.006416,40.733276,2
2013-01-13 11:44:00,-73.997871,40.724251,1
2013-01-13 11:55:00,-73.982864,40.739304,1
2013-01-13 11:42:00,-73.979462,40.735485,1
2013-01-13 11:48:00,-73.973892,40.784145,2
2013-01-13 11:54:00,-73.978378,40.745663,5
2013-01-13 11:51:00,-73.993736,40.732796,3
2013-01-13 11:45:00,-73.994263,40.746059,1
2013-01-13 11:51:00,-73.970474,40.75248,3
2013-01-13 03:27:00,-73.993675,40.721062,2
2013-01-13 03:32:00,0.0,0.0,1
2013-01-13 03:25:00,-73.99015,40.719353,2
2013-01-13 03:38:00,-73.997673,40.720741,2
2013-01-13 03:39:00,-74.004562,40.752197,5
2013-01-13 03:36:00,-74.004128,40.734051,3
2013-01-13 03:29:00,-73.971817,40.794449,6
2013-01-13 03:26:00,-73.922729,40.70649,2
2013-01-13 03:33:00,-73.98259,40.723083,5
2013-01-13 03:30:00,-73.987587,40.719673,2
2013-01-13 03:34:00,-73.994453,40.690331,1
2013-01-13 03:38:00,-73.947723,40.775131,2
2013-01-13 03:28:00,-73.980629,40.721596,1
2013-01-13 03:26:00,-73.962486,40.767029,1
2013-01-13 03:25:00,-73.959045,40.708801,6
2013-01-13 12:00:00,-73.982208,40.768028,1
2013-01-13 12:04:00,-73.993416,40.757198,5
2013-01-13 12:04:00,-73.955872,40.778961,2
2013-01-13 11:54:00,-73.990997,40.733208,1
2013-01-13 12:01:00,-73.991394,40.750282,6
2013-01-13 11:57:00,-74.010384,40.720154,2
2013-01-13 12:07:00,-74.00547,40.745728,1
2013-01-13 11:42:00,-73.873032,40.774185,1
2013-01-13 12:08:00,-73.980797,40.78231,3
2013-01-13 10:30:00,-73.94165,40.739464,1
2013-01-13 10:43:00,-73.97905,40.740662,1
2013-01-13 10:41:00,-73.967651,40.756161,1
2013-01-13 10:47:00,-73.953461,40.775864,5
2013-01-13 10:33:00,-73.982338,40.739483,2
2013-01-13 10:13:00,-73.980789,40.782307,6
2013-01-13 10:37:00,-74.005753,40.736633,1
2013-01-13 10:33:00,-73.963745,40.758865,5
2013-01-13 10:42:00,-73.963577,40.767857,1
2013-01-13 10:45:00,-73.979988,40.762486,1
2013-01-13 04:31:00,-74.005424,40.739525,1
2013-01-13 04:31:00,-73.978333,40.783024,1
2013-01-13 04:41:00,-74.007843,40.741112,1
2013-01-13 04:40:00,-73.99942,40.733681,5
2013-01-13 04:41:00,-73.987198,40.73315,1
2013-01-13 04:28:00,-73.991524,40.746944,1
2013-01-13 04:23:00,-73.983109,40.722275,5
2013-01-13 04:50:00,-73.99704,40.737,3
2013-01-13 04:49:00,-73.923416,40.743961,1
2013-01-13 04:48:00,-74.007431,40.733406,1
2013-01-13 04:49:00,-73.984795,40.75248,1
2013-01-13 04:43:00,-74.004333,40.721664,1
2013-01-13 04:44:00,-73.997643,40.756672,1
2013-01-13 04:41:00,-74.005104,40.740807,1
2013-01-13 04:44:00,-73.971214,40.762627,2
2013-01-13 03:27:00,-73.991692,40.749748,1
2013-01-13 03:29:00,-73.946068,40.777367,1
2013-01-13 03:29:00,-73.989197,40.742973,2
2013-01-13 03:15:00,-73.979164,40.729908,1
2013-01-13 03:22:00,-73.996597,40.723469,5
2013-01-13 03:32:00,-73.980568,40.742699,1
2013-01-13 03:22:00,-73.997032,40.722382,1
2013-01-13 03:31:00,-73.991348,40.7323,1
2013-01-13 03:18:00,-73.996567,40.726963,5
2013-01-13 03:30:00,-73.988083,40.722683,2
2013-01-13 03:28:00,-73.983879,40.727043,2
2013-01-13 03:32:00,-73.99369,40.721104,1
2013-01-13 03:37:00,-73.975784,40.750191,1
2013-01-13 03:18:00,-73.989906,40.762199,6
2013-01-13 03:23:00,-73.995781,40.738754,3
2013-01-13 03:33:00,-73.978912,40.724129,3
2013-01-13 03:27:00,-74.0028,40.733543,1
2013-01-13 03:25:00,-73.997505,40.720787,1
2013-01-13 03:29:00,-73.967712,40.756275,1
2013-01-13 03:28:00,-73.956833,40.766556,1
2013-01-13 03:29:00,-73.99157,40.722446,1
2013-01-13 03:20:00,-73.971397,40.762676,1
2013-01-13 03:31:00,-73.985817,40.723141,1
2013-01-13 03:34:00,-73.966873,40.756268,3
2013-01-13 03:26:00,-74.000786,40.729763,5
2013-01-13 03:33:00,-73.987717,40.765373,1
2013-01-13 09:04:00,-73.989174,40.758068,6
2013-01-13 08:54:00,-73.991226,40.732784,1
2013-01-13 09:01:00,-74.006126,40.739521,1
2013-01-13 08:52:00,-73.980316,40.780506,6
2013-01-13 09:02:00,-74.015083,40.71413,1
2013-01-13 09:10:00,-73.990837,40.766171,1
2013-01-13 09:04:00,-73.978363,40.745358,1
2013-01-13 09:04:00,-73.969719,40.784817,1
2013-01-13 09:04:00,-73.961143,40.801651,6
2013-01-13 09:03:00,-73.982361,40.75156,1
2013-01-13 08:51:00,-73.870949,40.773647,1
2013-01-13 08:52:00,-73.991196,40.734966,2
2013-01-13 09:07:00,-73.955025,40.783276,1
2013-01-13 09:01:00,-74.005508,40.727558,2
2013-01-13 09:02:00,-74.005928,40.740101,6
2013-01-13 09:06:00,-74.014709,40.71677,1
2013-01-13 09:01:00,-73.948036,40.774563,1
2013-01-13 09:10:00,0.0,0.0,1
2013-01-13 08:45:00,-73.98558,40.759388,1
2013-01-13 09:04:00,-73.981834,40.751675,1
2013-01-13 09:10:00,-73.949074,40.773113,2
2013-01-13 09:08:00,-73.988815,40.756336,1
2013-01-13 11:46:00,-73.996002,40.726574,1
2013-01-13 12:00:00,-73.981628,40.775536,1
2013-01-13 11:55:00,-73.955574,40.776707,5
2013-01-13 11:41:00,-73.960602,40.769859,1
2013-01-13 04:57:00,-73.993828,40.72081,1
2013-01-13 04:59:00,-74.004456,40.730961,1
2013-01-13 05:03:00,-73.979851,40.734875,6
2013-01-13 11:07:00,-73.973824,40.756123,1
2013-01-13 11:01:00,-73.9785,40.777924,3
2013-01-18 19:43:11,-74.001015,40.731724,1
2013-01-13 11:08:00,-73.982697,40.780876,1
2013-01-13 11:12:00,-74.010788,40.717632,1
2013-01-13 11:01:00,-73.978371,40.745026,3
2013-01-13 11:09:00,-73.9879,40.732559,6
2013-01-13 11:17:00,-73.987335,40.734997,1
2013-01-13 11:06:00,-74.006737,40.730736,5
2013-01-13 10:48:00,-73.977852,40.783051,1
2013-01-13 11:13:00,0.0,0.0,2
2013-01-13 11:16:00,-73.987793,40.754906,1
2013-01-13 11:17:00,-73.968437,40.754936,5
2013-01-13 11:12:00,-73.959511,40.711548,1
2013-01-13 11:13:00,0.0,0.0,4
2013-01-13 11:23:00,-73.991287,40.733143,1
2013-01-13 11:15:00,-73.971802,40.755234,1
2013-01-13 11:15:00,-73.974503,40.754017,2
2013-01-13 11:48:00,0.0,0.0,2
2013-01-13 11:45:00,-73.957329,40.782913,1
2013-01-13 11:54:00,-73.978432,40.785862,2
2013-01-13 11:44:00,-73.965996,40.768665,5
2013-01-13 11:43:00,-73.975975,40.744678,2
2013-01-13 11:41:00,-73.982414,40.768246,2
2013-01-13 11:49:00,-73.982353,40.768261,1
2013-01-13 11:52:00,-73.976089,40.788902,1
2013-01-13 11:52:00,-73.953377,40.7757,1
2013-01-13 04:39:00,-73.991684,40.726624,3
2013-01-13 04:51:00,-73.976768,40.747795,2
2013-01-13 04:50:00,-73.983284,40.722336,6
2013-01-13 04:53:00,-73.989349,40.732018,1
2013-01-13 04:56:00,-73.996368,40.763546,5
2013-01-13 05:03:00,-73.921425,40.766972,1
2013-01-13 04:54:00,-73.957817,40.717724,1
2013-01-13 04:56:00,-73.990654,40.750916,6
2013-01-13 04:52:00,-73.999451,40.728561,1
2013-01-13 11:19:00,-73.960365,40.773018,1
2013-01-13 11:14:00,-73.979332,40.761436,1
2013-01-13 11:06:00,-73.98275,40.739635,1
2013-01-13 11:18:00,-73.972321,40.786476,6
2013-01-18 10:53:26,-73.977921,40.749588,1
2013-01-13 11:07:00,-73.990089,40.772373,1
2013-01-13 11:13:00,-73.992271,40.748219,1
2013-01-13 11:16:00,-73.985336,40.761005,1
2013-01-13 10:46:00,-73.979561,40.759777,1
2013-01-13 10:53:00,-73.975777,40.745235,1
2013-01-13 10:46:00,-73.990891,40.735023,1
2013-01-13 10:53:00,-73.990807,40.775089,3
2013-01-13 10:31:00,-73.993912,40.741581,3
2013-01-13 10:46:00,-73.982719,40.782173,1
2013-01-13 04:49:00,0.0,0.0,2
2013-01-13 05:09:00,0.0,0.0,1
2013-01-13 04:54:00,-74.012276,40.703701,1
2013-01-13 05:08:00,-73.98526,40.758656,5
2013-01-13 04:53:00,-73.973778,40.751377,1
2013-01-13 04:51:00,-74.010025,40.729828,1
2013-01-13 11:00:00,-73.952332,40.772873,1
2013-01-13 11:13:00,-73.974243,40.746681,1
2013-01-13 11:18:00,-73.980148,40.726761,1
2013-01-18 19:49:49,-73.986008,40.741024,1
2013-01-13 11:02:00,-74.008095,40.705482,5
2013-01-13 11:17:00,-73.98922,40.757473,1
2013-01-13 11:16:00,-73.982933,40.730621,1
2013-01-13 11:15:00,-74.009239,40.712688,1
2013-01-13 11:05:00,-73.946716,40.780994,1
2013-01-13 11:16:00,-73.982384,40.757244,2
2013-01-13 11:13:00,-73.988708,40.748611,2
2013-01-13 11:10:00,-74.009583,40.705887,1
2013-01-13 11:14:00,-73.987656,40.770493,2
2013-01-13 09:08:00,-73.974854,40.758179,2
2013-01-13 09:08:00,-73.980583,40.733891,1
2013-01-13 09:14:00,-74.001053,40.751881,1
2013-01-13 09:14:00,-73.987213,40.733398,1
2013-01-13 09:11:00,-73.968796,40.758671,1
2013-01-13 09:09:00,-73.987953,40.756248,2
2013-01-13 09:13:00,-73.98214,40.772251,1
2013-01-13 09:13:00,-73.985779,40.759811,6
2013-01-13 09:09:00,-73.975441,40.787964,1
2013-01-13 09:12:00,-73.980614,40.763741,2
2013-01-13 09:02:00,-74.014938,40.71582,3
2013-01-13 09:15:00,-73.988403,40.718719,1
2013-01-13 08:27:00,-73.805489,40.651268,2
2013-01-13 09:14:00,-73.972504,40.747471,1
2013-01-13 01:00:00,-73.987381,40.738949,1
2013-01-13 00:55:00,-74.008186,40.738434,1
2013-01-13 00:54:00,-73.985329,40.727551,1
2013-01-13 01:02:00,-73.980682,40.764725,1
2013-01-13 01:01:00,0.0,0.0,6
2013-01-13 00:56:00,-73.956467,40.771454,2
2013-01-13 10:50:00,-73.957588,40.770168,1
2013-01-13 10:57:00,-73.963577,40.745178,5
2013-01-13 11:00:00,-73.952759,40.780514,1
2013-01-13 10:55:00,-73.972626,40.756748,2
2013-01-13 11:36:00,-73.976929,40.749798,1
2013-01-13 11:43:00,-73.867226,40.770763,1
2013-01-13 11:42:00,-73.999374,40.738998,1
2013-01-18 23:59:49,-73.990982,40.734818,2
2013-01-13 11:41:00,-74.007797,40.732162,1
2013-01-13 11:48:00,-74.002182,40.749352,1
2013-01-13 11:47:00,-73.969582,40.760292,6
2013-01-13 11:40:00,-74.008095,40.738747,1
2013-01-13 11:37:00,-74.000397,40.742615,2
2013-01-13 11:57:00,-73.94976,40.772026,5
2013-01-13 11:52:00,-73.971504,40.756779,1
2013-01-13 11:47:00,-74.007118,40.721653,1
2013-01-13 11:49:00,-73.991943,40.764473,1
2013-01-13 11:52:00,-74.001297,40.729214,3
2013-01-13 11:42:00,-73.978844,40.761612,2
2013-01-13 11:54:00,-73.960327,40.77047,1
2013-01-13 11:47:00,-73.984474,40.774612,3
2013-01-13 11:41:00,-73.963516,40.765629,5
2013-01-13 11:42:00,-73.994621,40.750519,5
2013-01-13 11:51:00,-73.958145,40.807812,1
2013-01-13 11:48:00,-73.992195,40.731106,5
2013-01-13 11:50:00,-73.988564,40.731136,1
2013-01-13 11:12:00,-73.99691,40.724792,1
2013-01-13 11:09:00,-73.989578,40.762653,1
2013-01-13 11:18:00,-73.962082,40.767757,2
2013-01-13 11:04:00,-73.981277,40.7505,1
2013-01-13 11:02:00,-73.9795,40.743866,4
2013-01-13 11:01:00,-73.990082,40.746765,1
2013-01-13 11:03:00,-73.999702,40.743561,4
2013-01-13 11:02:00,-73.991386,40.743225,4
2013-01-13 11:02:00,-74.014503,40.717087,1
2013-01-13 10:44:00,-73.986732,40.761604,1
2013-01-13 10:33:00,-73.981857,40.77803,5
2013-01-13 11:05:00,-73.958969,40.769226,2
2013-01-13 11:02:00,-74.016441,40.7103,6
2013-01-13 10:56:00,-73.95974,40.767757,1
2013-01-13 11:01:00,-73.977013,40.792873,1
2013-01-13 11:05:00,-73.987434,40.733658,1
2013-01-13 11:00:00,-73.975975,40.781403,1
2013-01-13 11:01:00,-73.99543,40.724842,1
2013-01-13 10:48:00,-73.8638,40.769421,1
2013-01-13 11:04:00,-73.954865,40.805103,6
2013-01-13 11:03:00,-73.987717,40.732571,1
2013-01-13 10:31:00,-73.781898,40.644745,6
2013-01-13 10:58:00,-73.985321,40.76033,1
2013-01-13 11:02:00,-73.991722,40.744911,1
2013-01-13 11:03:00,-73.971039,40.757961,1
2013-01-13 10:57:00,-73.97863,40.78553,1
2013-01-13 11:04:00,-73.950424,40.775555,1
2013-01-13 11:12:00,-73.977928,40.755112,4
2013-01-13 11:14:00,-73.983673,40.738297,1
2013-01-13 11:08:00,-73.957809,40.773788,1
2013-01-13 11:15:00,-73.984573,40.737011,6
2013-01-13 11:21:00,-73.978844,40.76675,6
2013-01-13 11:20:00,-73.957382,40.766033,1
2013-01-13 11:09:00,-74.004684,40.741737,2
2013-01-13 11:03:00,-73.874397,40.774021,1
2013-01-13 11:18:00,-73.962891,40.775246,1
2013-01-13 11:11:00,-73.981422,40.737309,1
2013-01-13 11:15:00,-73.987885,40.748211,6
2013-01-13 11:10:00,-73.981392,40.780396,1
2013-01-13 10:40:00,-73.790359,40.643703,4
2013-01-13 10:58:00,-73.984879,40.721912,1
2013-01-13 11:09:00,-74.002266,40.734455,3
2013-01-13 11:13:00,-73.986908,40.700661,5
2013-01-13 11:18:00,-73.95546,40.776226,1
2013-01-13 11:20:00,-74.004173,40.75341,1
2013-01-13 11:12:00,-73.951294,40.77021,1
2013-01-13 11:19:00,-73.988396,40.737999,5
2013-01-13 11:07:00,-73.99437,40.72578,3
2013-01-13 11:14:00,-73.982582,40.739525,1
2013-01-13 11:19:00,-73.976372,40.759624,1
2013-01-13 11:16:00,-73.989342,40.75721,4
2013-01-13 11:13:00,-74.013763,40.715431,1
2013-01-13 11:01:00,-73.992371,40.742893,5
2013-01-13 10:48:00,-74.001289,40.746693,1
2013-01-13 10:50:00,-73.971657,40.755589,1
2013-01-13 10:33:00,-73.959732,40.779549,5
2013-01-13 10:51:00,-73.952576,40.784077,1
2013-01-13 06:32:00,-73.98584,40.768589,1
2013-01-13 06:28:00,-73.997581,40.683563,1
2013-01-13 06:44:00,-74.011559,40.714996,1
2013-01-13 06:43:00,-74.016357,40.710045,1
2013-01-13 06:40:00,-73.985039,40.773643,5
2013-01-13 06:36:00,-73.780449,40.64529,5
2013-01-13 06:45:00,-74.003632,40.726269,1
2013-01-13 06:51:00,0.0,0.0,1
2013-01-13 06:42:00,-73.982384,40.747108,5
2013-01-13 06:44:00,-73.98616,40.746567,1
2013-01-13 06:44:00,-73.936096,40.760712,1
2013-01-13 06:40:00,-73.961731,40.764423,6
2013-01-13 06:49:00,-73.990089,40.723492,1
2013-01-13 06:34:00,-73.975182,40.790215,1
2013-01-13 07:03:00,-73.98761,40.747532,2
2013-01-13 07:07:00,-73.989883,40.757278,3
2013-01-13 06:34:00,-73.991531,40.755226,3
2013-01-13 07:06:00,-73.9916,40.748772,3
2013-01-13 06:57:00,-73.944084,40.788319,6
2013-01-13 07:08:00,-73.978027,40.745758,2
2013-01-13 10:56:00,-73.984146,40.737488,1
2013-01-13 11:05:00,-74.002731,40.728653,1
2013-01-13 11:04:00,-73.946884,40.776352,5
2013-01-13 04:15:00,-74.009857,40.735634,1
2013-01-13 04:14:00,-73.95401,40.71072,1
2013-01-13 04:12:00,-73.993889,40.720516,1
2013-01-13 04:17:00,-73.991982,40.725555,1
2013-01-13 03:38:00,-73.984268,40.728947,5
2013-01-13 04:22:00,0.0,0.0,1
2013-01-13 04:07:00,-74.002014,40.732841,1
2013-01-13 03:57:00,-74.004524,40.721237,3
2013-01-13 04:20:00,-73.947556,40.775059,1
2013-01-13 04:07:00,-73.983238,40.726227,5
2013-01-13 04:10:00,-73.988602,40.74847,1
2013-01-13 04:12:00,-73.977554,40.784199,1
2013-01-13 04:05:00,-73.983795,40.725681,1
2013-01-13 04:16:00,-73.986107,40.762283,1
2013-01-13 04:08:00,-73.979256,40.776764,1
2013-01-13 04:12:00,-74.001457,40.721298,4
2013-01-13 04:17:00,-73.976013,40.761654,2
2013-01-13 04:16:00,-73.988052,40.73777,1
2013-01-13 04:15:00,-73.977837,40.725437,1
2013-01-13 04:15:00,-74.005066,40.729641,5
2013-01-13 04:13:00,-74.005119,40.741058,1
2013-01-13 04:15:00,-73.99781,40.763901,6
2013-01-13 11:16:00,-73.95842,40.772808,1
2013-01-13 11:18:00,-73.955185,40.780087,5
2013-01-13 11:20:00,-73.992409,40.744034,1
2013-01-13 11:17:00,-73.981705,40.736908,1
2013-01-13 11:17:00,-73.987572,40.765427,5
2013-01-13 11:23:00,-74.009064,40.71093,1
2013-01-13 11:13:00,-73.992683,40.758553,1
2013-01-13 11:19:00,-73.959969,40.758179,1
2013-01-13 11:16:00,-74.000229,40.732956,1
2013-01-13 06:14:00,-73.788124,40.641491,3
2013-01-13 06:30:00,-73.986275,40.750874,1
2013-01-13 06:43:00,-73.978645,40.744476,5
2013-01-13 06:46:00,-73.987274,40.733643,1
2013-01-13 06:35:00,-73.995399,40.754593,5
2013-01-13 06:42:00,-73.992386,40.749626,5
2013-01-13 06:55:00,0.0,0.0,1
2013-01-13 06:45:00,-73.983307,40.743576,1
2013-01-13 06:38:00,-73.959839,40.808647,1
2013-01-13 06:38:00,-74.008011,40.705578,1
2013-01-13 06:37:00,-74.007957,40.722416,6
2013-01-13 06:48:00,0.0,0.0,1
2013-01-13 06:38:00,-73.980896,40.741894,1
2013-01-13 06:40:00,-73.978615,40.777313,1
2013-01-13 06:56:00,-73.967255,40.803558,6
2013-01-13 06:54:00,-73.990875,40.724426,6
2013-01-13 11:15:00,-74.008072,40.738289,1
2013-01-13 11:15:00,-73.978058,40.752373,1
2013-01-13 11:17:00,-73.986122,40.764889,1
2013-01-13 11:02:00,-73.991386,40.752037,6
2013-01-13 11:20:00,-73.958977,40.783276,5
2013-01-13 10:58:00,-73.86277,40.768848,1
2013-01-13 11:17:00,-74.008293,40.714603,5
2013-01-13 11:21:00,-73.984886,40.759636,5
2013-01-13 11:17:00,-73.982475,40.774555,5
2013-01-13 11:12:00,-73.98558,40.738396,1
2013-01-13 11:03:00,-73.977257,40.762753,5
2013-01-13 11:21:00,-73.982544,40.759838,5
2013-01-13 11:12:00,-73.974808,40.75642,1
2013-01-13 11:26:00,-73.959961,40.762115,1
2013-01-13 11:06:00,-73.981224,40.725071,1
2013-01-13 11:11:00,-73.966614,40.762302,1
2013-01-13 11:21:00,-74.005325,40.721642,1
2013-01-13 11:25:00,-73.960632,40.761539,1
2013-01-13 11:19:00,-73.985794,40.757744,1
2013-01-13 11:24:00,-73.963959,40.761177,4
2013-01-13 11:17:00,-73.976204,40.674816,2
2013-01-13 06:40:00,-73.977837,40.684708,1
2013-01-13 06:39:00,-73.990456,40.756611,1
2013-01-13 06:34:00,-73.923065,40.743881,1
2013-01-13 06:45:00,-73.994164,40.720131,1
2013-01-13 03:45:00,-73.987801,40.719246,2
2013-01-13 03:42:00,-74.00618,40.733147,1
2013-01-13 03:29:00,-73.992317,40.753582,1
2013-01-13 03:19:00,-73.998856,40.744648,1
2013-01-13 03:33:00,-73.99939,40.729916,5
2013-01-13 03:37:00,-73.967911,40.762283,5
2013-01-13 03:25:00,-73.988068,40.748985,6
2013-01-13 03:24:00,-73.999161,40.728367,2
2013-01-13 03:36:00,-73.979126,40.740379,2
2013-01-13 11:56:00,-73.967323,40.752579,2
2013-01-13 11:59:00,-73.979187,40.74036,3
2013-01-13 11:56:00,-73.979462,40.771336,6
2013-01-13 11:53:00,0.0,0.0,5
2013-01-13 11:47:00,-73.951714,40.778053,1
2013-01-13 11:55:00,-73.994194,40.751072,5
2013-01-13 12:09:00,-73.966339,40.764732,1
2013-01-13 11:58:00,-73.993233,40.736996,2
2013-01-13 12:07:00,-73.969505,40.757469,6
2013-01-13 12:04:00,-73.992134,40.758194,5
2013-01-13 11:57:00,-73.989243,40.748081,1
2013-01-13 12:02:00,-73.980881,40.769352,1
2013-01-13 12:08:00,-73.968697,40.788422,1
2013-01-13 11:14:00,-73.958092,40.816265,1
2013-01-13 11:16:00,-73.97702,40.754349,1
2013-01-13 11:12:00,-73.981621,40.750206,1
2013-01-13 04:12:00,-73.989586,40.725956,1
2013-01-13 04:17:00,-73.975891,40.74464,1
2013-01-13 04:20:00,-73.982941,40.766827,1
2013-01-13 04:07:00,-73.993675,40.721046,1
2013-01-13 04:21:00,-73.978691,40.761131,3
2013-01-13 04:18:00,-73.999657,40.721966,1
2013-01-13 04:12:00,-73.953468,40.771236,1
2013-01-13 04:01:00,-73.985825,40.732712,3
2013-01-13 04:16:00,-73.979797,40.74329,1
2013-01-18 23:01:02,-73.987427,40.755295,1
2013-01-13 04:10:00,-74.003082,40.733192,3
2013-01-13 04:18:00,-73.980965,40.73785,1
2013-01-13 04:09:00,-73.928368,40.752045,1
2013-01-13 04:14:00,-73.985268,40.723747,1
2013-01-13 04:23:00,-73.992188,40.748306,1
2013-01-13 04:27:00,-74.008102,40.738258,1
2013-01-13 04:29:00,-73.980667,40.770714,1
2013-01-13 04:11:00,-73.956245,40.771729,1
2013-01-13 04:26:00,-73.989059,40.718941,1
2013-01-13 04:26:00,-73.956146,40.813293,3
2013-01-13 04:26:00,-73.983665,40.768223,2
2013-01-13 04:25:00,-73.950775,40.714115,1
2013-01-13 04:20:00,-73.993256,40.722122,5
2013-01-13 04:28:00,0.0,0.0,2
2013-01-13 04:28:00,-73.994827,40.719727,2
2013-01-13 11:53:00,-73.982224,40.77684,2
2013-01-13 12:05:00,-73.975098,40.782608,6
2013-01-13 11:48:00,-73.991348,40.742378,1
2013-01-13 11:52:00,-73.94735,40.776196,2
2013-01-13 11:54:00,-73.990181,40.734951,1
2013-01-13 12:15:00,-73.986954,40.760098,1
2013-01-13 11:56:00,-73.995338,40.759716,1
2013-01-13 12:01:00,-73.975243,40.755302,2
2013-01-13 12:04:00,-73.987236,40.739464,1
2013-01-13 11:59:00,-73.992554,40.758736,1
2013-01-13 12:05:00,-73.969124,40.800896,1
2013-01-13 11:57:00,-73.97966,40.722973,1
2013-01-13 12:03:00,-73.974884,40.787693,1
2013-01-13 12:03:00,-73.960716,40.772522,5
2013-01-13 12:09:00,-73.985199,40.744823,5
2013-01-13 12:04:00,-73.969261,40.76918,2
2013-01-13 12:07:00,-73.980347,40.734356,5
2013-01-13 12:10:00,-73.97979,40.76384,1
2013-01-13 06:48:00,-73.964119,40.792545,1
2013-01-13 06:54:00,-73.989326,40.758778,1
2013-01-13 06:46:00,-73.998268,40.723843,1
2013-01-13 06:30:00,-73.776703,40.645397,3
2013-01-13 06:24:00,-73.98896,40.721577,1
2013-01-13 06:27:00,-73.983047,40.76189,1
2013-01-13 06:50:00,-73.974068,40.758381,1
2013-01-13 11:38:00,-73.950096,40.780209,1
2013-01-13 11:47:00,-73.978035,40.748829,1
2013-01-13 11:47:00,-73.990143,40.740692,1
2013-01-13 11:56:00,-73.97155,40.794807,5
2013-01-13 11:52:00,-73.999077,40.749554,1
2013-01-13 11:47:00,-73.960701,40.768879,5
2013-01-13 11:48:00,-74.004646,40.74184,6
2013-01-13 11:30:00,-73.788246,40.641457,4
2013-01-13 11:42:00,-73.953873,40.821888,1
2013-01-13 11:54:00,-73.97509,40.752033,1
2013-01-13 11:48:00,-73.963066,40.774269,2
2013-01-13 11:52:00,-73.967728,40.802109,5
2013-01-13 11:49:00,-73.954102,40.784996,2
2013-01-13 11:50:00,-73.987808,40.738094,3
2013-01-13 11:54:00,-73.966049,40.771191,2
2013-01-13 11:52:00,-73.982658,40.76823,1
2013-01-13 11:56:00,-74.003937,40.747898,1
2013-01-13 11:49:00,-73.995705,40.726868,1
2013-01-13 11:53:00,-73.974396,40.783413,2
2013-01-13 11:34:00,-73.967667,40.803112,5
2013-01-13 11:50:00,-73.981102,40.721073,6
2013-01-13 11:49:00,-73.986198,40.726284,1
2013-01-13 11:15:00,-73.991257,40.770473,1
2013-01-13 11:18:00,-73.978943,40.762531,1
2013-01-13 12:07:00,-73.972267,40.745621,1
2013-01-13 11:57:00,-74.008286,40.71283,2
2013-01-13 11:43:00,-73.977539,40.7537,1
2013-01-13 11:48:00,-74.004028,40.741901,5
2013-01-13 02:22:00,-73.971519,40.750744,1
2013-01-13 02:31:00,-73.978333,40.748558,5
2013-01-13 02:29:00,-73.991524,40.72731,1
2013-01-13 02:32:00,-73.999084,40.719055,1
2013-01-13 02:25:00,-73.962494,40.712646,1
2013-01-13 02:34:00,-73.983879,40.721619,3
2013-01-13 02:24:00,-73.994125,40.719891,1
2013-01-13 02:42:00,0.0,0.0,1
2013-01-13 02:35:00,-73.987534,40.732475,2
2013-01-13 02:29:00,-73.982536,40.723244,2
2013-01-13 02:28:00,-73.967026,40.757015,2
2013-01-13 02:20:00,-73.993927,40.717854,1
2013-01-13 02:33:00,-74.003006,40.723198,6
2013-01-13 02:28:00,-73.994873,40.728069,6
2013-01-13 02:35:00,-74.004395,40.751884,5
2013-01-13 02:40:00,-73.985603,40.717724,1
2013-01-13 02:31:00,-74.002853,40.749454,1
2013-01-13 02:33:00,-73.991188,40.717361,1
2013-01-13 02:33:00,-73.97718,40.784336,1
2013-01-13 02:35:00,-74.002678,40.733898,1
2013-01-13 03:37:00,-73.977852,40.75922,1
2013-01-13 03:33:00,-73.998817,40.728081,3
2013-01-13 03:29:00,-73.99308,40.74474,3
2013-01-18 14:30:03,-73.971886,40.755978,2
2013-01-13 03:36:00,-73.988907,40.718884,1
2013-01-13 03:19:00,-73.957687,40.714443,5
2013-01-13 03:21:00,-74.005089,40.740017,1
2013-01-13 11:41:00,-73.978355,40.764843,6
2013-01-13 12:02:00,-73.957207,40.774647,2
2013-01-13 12:06:00,-73.958939,40.777691,5
2013-01-13 12:01:00,-73.980721,40.730042,1
2013-01-13 12:02:00,-73.996445,40.686077,1
2013-01-13 11:59:00,-73.952065,40.781521,1
2013-01-13 11:53:00,-74.004814,40.741707,1
2013-01-13 11:44:00,-73.984215,40.757259,1
2013-01-13 11:54:00,-73.974976,40.758858,2
2013-01-13 12:00:00,-73.983498,40.75716,2
2013-01-13 11:35:00,-73.98806,40.774834,5
2013-01-13 11:59:00,-73.952888,40.766644,1
2013-01-13 12:02:00,-73.954979,40.789089,3
2013-01-13 11:57:00,-73.968269,40.762527,1
2013-01-13 11:52:00,-73.987717,40.724346,1
2013-01-13 12:01:00,-74.019188,40.708721,3
2013-01-13 12:06:00,-73.967781,40.802006,1
2013-01-13 11:13:00,-73.992493,40.694115,2
2013-01-13 11:06:00,-74.002846,40.760475,5
2013-01-13 10:30:00,-73.969292,40.758114,1
2013-01-13 11:11:00,-73.953079,40.767754,1
2013-01-13 11:21:00,-73.963333,40.768917,1
2013-01-13 11:21:00,-73.971153,40.79335,1
2013-01-13 11:16:00,-73.989326,40.734978,1
2013-01-13 11:20:00,-73.944656,40.779324,1
2013-01-13 11:23:00,-73.976387,40.788624,1
2013-01-13 11:22:00,-73.973038,40.795502,2
2013-01-13 11:22:00,-74.005745,40.736698,2
2013-01-13 11:23:00,-74.00309,40.739082,1
2013-01-13 11:09:00,-73.973434,40.748325,1
2013-01-13 11:18:00,-73.986732,40.760368,1
2013-01-13 10:55:00,0.0,0.0,1
